percent,450nm,475nm,515nm,550nm,555nm,600nm,640nm,690nm,group,species
2,0.0062028120820141,0.0076710867983104,0.0069432061236262,0.0067316516195233,0.0081510119293909,0.0083524563537533,0.0067143430848062,0.0059042737791392,chlorophyte,SP012-ORA2
2,0.0066479457731289,0.0081768841958527,0.0068377922622646,0.0071013115330336,0.0085741432890521,0.0082672902667787,0.0070424325560551,0.0061097262920364,chlorophyte,SP012-ORA2
2,0.0065229423454888,0.0076523682630238,0.0075356940458294,0.0068441001596642,0.0080269887200779,0.0085151024559899,0.0066159827757238,0.0059499131975127,chlorophyte,SP012-ORA2
2,0.0062340322146769,0.0081487642370081,0.0069188772295053,0.0067798377863628,0.0083032812983675,0.0088561246377856,0.0067471366740667,0.0058814576450905,chlorophyte,SP012-ORA2
2,0.0064448364640804,0.0077646952135695,0.007495082938857,0.0066674175413923,0.0081792050482246,0.0082982574080724,0.0067580686284441,0.0059727364828335,chlorophyte,SP012-ORA2
2,0.0062184218218161,0.0078583298709906,0.007275858586507,0.0068923075572303,0.0086305988149438,0.0081976239942867,0.0068236683150996,0.0059042737791392,chlorophyte,SP012-ORA2
2,0.0066713885787347,0.0078583298709906,0.0069918686263132,0.0068119669510396,0.0084669024446848,0.0088096024740126,0.0067471366740667,0.0060183902082348,chlorophyte,SP012-ORA2
2,0.0063199010512813,0.0076804464593582,0.0063678433371071,0.0071334811830491,0.0081228210427384,0.0082440666691128,0.0070424325560551,0.0058814576450905,chlorophyte,SP012-ORA2
2,0.0062496432606513,0.0079988310933744,0.007381395126473,0.0066353065618914,0.008213039737802,0.0085073557271627,0.0070314907385455,0.006086888690714,chlorophyte,SP012-ORA2
2,0.0063355156903571,0.0078957910850608,0.0069594262593688,0.0071334811830491,0.0082299582883505,0.0088716333696887,0.0071518716193685,0.0061325662811052,chlorophyte,SP012-ORA2
4,0.0171961116383328,0.0164236170945005,0.0149428062065493,0.0137988469685891,0.0162720059216027,0.0165608441741185,0.0142585671721274,0.0135431903135451,chlorophyte,SP012-ORA2
4,0.017268461322129,0.0169717246756515,0.0154567623168756,0.0139309718736911,0.0167511118569911,0.016790683303728,0.0143593410383099,0.0138505876666709,chlorophyte,SP012-ORA2
4,0.0174855945835643,0.016711982645076,0.0152411469535413,0.0140466372842516,0.0165490006206507,0.0164657814863408,0.0146954867217425,0.0137559577863737,chlorophyte,SP012-ORA2
4,0.0177511513900495,0.0167793037783492,0.0152079863106784,0.0140962242208327,0.016341234397104,0.016869972413144,0.0142921548824281,0.01349593678205,chlorophyte,SP012-ORA2
4,0.0173167022395339,0.0165389334408885,0.0152328565191467,0.0140631651929865,0.0161508884683124,0.0169334163508579,0.0147627588820204,0.0137086582137628,chlorophyte,SP012-ORA2
4,0.0170514543431175,0.0164908801246937,0.0153986998847412,0.0136832937420005,0.0167164560676377,0.016655932119336,0.0141802097589271,0.0134723138487748,chlorophyte,SP012-ORA2
4,0.0174775503572534,0.0168562588352645,0.0150173692441541,0.0138649008737921,0.0164624166269599,0.0165687672046743,0.0141242520974103,0.0135195622701226,chlorophyte,SP012-ORA2
4,0.0176304203207017,0.0159339663061638,0.0151831177441151,0.0134193683146726,0.016658703913439,0.0163390705021375,0.0147179091804935,0.0132362249084177,chlorophyte,SP012-ORA2
4,0.0176062787938501,0.0164140091958619,0.0151002343776571,0.0140301104454573,0.016341234397104,0.0170444703119834,0.0142585671721274,0.0136613688802628,chlorophyte,SP012-ORA2
4,0.0171880736504758,0.0165966065475645,0.0151085218936875,0.0136172868016328,0.0167799942583487,0.0161016082571448,0.0139117035042234,0.013307024803787,chlorophyte,SP012-ORA2
6,0.0179846756181839,0.018698845621106,0.0168779314313442,0.015871152432716,0.0168319884855047,0.0176399897544676,0.0162351233250556,0.0161340900817734,chlorophyte,SP012-ORA2
6,0.0185408905017567,0.0190182307045372,0.017461246797999,0.0159377447623235,0.016843543789366,0.0176240963690975,0.0166296697509455,0.0161101801517708,chlorophyte,SP012-ORA2
6,0.0182828326711231,0.018679498761491,0.0164701474641709,0.0154719628137959,0.0162835430661666,0.0178148635927363,0.0166183901420781,0.0162297559800616,chlorophyte,SP012-ORA2
6,0.0184521629903229,0.0189020553349139,0.0167863496575075,0.0158212195821115,0.01694755840294,0.0175287508759934,0.0164943410681587,0.0162776046441999,chlorophyte,SP012-ORA2
6,0.0179524566892889,0.0186698257519101,0.0170445008131552,0.0157546576361771,0.0166818036510558,0.0177035703549692,0.0165619981494296,0.0161819177941155,chlorophyte,SP012-ORA2
6,0.0184279682394546,0.0186891720512176,0.0171611432212584,0.0159377447623235,0.0173812799898127,0.0175764204473964,0.0163365309778256,0.0164451575507595,chlorophyte,SP012-ORA2
6,0.0180813491005371,0.0189020553349139,0.0169278945124624,0.0161376260347653,0.0168377660905594,0.0180295983361441,0.0161562732475751,0.0164691041745434,chlorophyte,SP012-ORA2
6,0.0176384678434356,0.0185634411314947,0.0173861984862135,0.0161376260347653,0.0170458223349836,0.0170365367432639,0.0164492444110376,0.015918994864215,chlorophyte,SP012-ORA2
6,0.018573160283213,0.0184764243659044,0.0171778093712637,0.0154553434509553,0.016341234397104,0.0170365367432639,0.016426698500903,0.0163254637911215,chlorophyte,SP012-ORA2
6,0.0180491218233273,0.0185441021132333,0.0172778217591402,0.0161542898735614,0.017300278511124,0.0181728264442151,0.0166409497633264,0.0160862728384501,chlorophyte,SP012-ORA2
8,0.0206280278739119,0.0203474382291958,0.018129000873653,0.016454425115453,0.018163312712491,0.0187144282993938,0.0172167661306246,0.0162297559800616,chlorophyte,SP012-ORA2
8,0.020619915614771,0.0208338710663958,0.0175279689630991,0.0160210096083651,0.0181053254225725,0.0181887442173272,0.0174767924625376,0.0165170052985705,chlorophyte,SP012-ORA2
8,0.0212125745219303,0.0203960496461702,0.0185134961546395,0.0166046251576783,0.0180009720929587,0.01861879192461,0.0177143952276826,0.0165409597999652,chlorophyte,SP012-ORA2
8,0.0212125745219303,0.0202502366150124,0.0182626938534228,0.0165712397329956,0.0179951755824054,0.0187542843328118,0.0172506704505856,0.0163493972970617,chlorophyte,SP012-ORA2
8,0.0211638273091315,0.0208436069527241,0.0185971340435125,0.0166213195073449,0.0186159379747835,0.0186108233801799,0.0171150750386182,0.0161580026290306,chlorophyte,SP012-ORA2
8,0.0209526629484862,0.0198811282483785,0.0184298768321601,0.0166714091073587,0.0183373312661237,0.0184913164996801,0.0176578068988838,0.0161340900817734,chlorophyte,SP012-ORA2
8,0.0199958007079774,0.0199782224886842,0.0182961245137237,0.0166547114820423,0.0180531449348014,0.0189217281591426,0.0177143952276826,0.0164691041745434,chlorophyte,SP012-ORA2
8,0.0202955697882786,0.0208533431228521,0.0176447611975693,0.0160043544664872,0.0180705375810668,0.0185550485364805,0.017555973492258,0.0160384660595636,chlorophyte,SP012-ORA2
8,0.0211638273091315,0.0203377167947398,0.0180371144669628,0.0165044819782358,0.0184824117236322,0.0191131885096802,0.0171715660408034,0.0162776046441999,chlorophyte,SP012-ORA2
8,0.0210095031367752,0.0202891138662479,0.0179953553269213,0.0166714091073587,0.0180937290977493,0.0191690504112117,0.0174428638214059,0.0163733334254207,chlorophyte,SP012-ORA2
10,0.0223925730019908,0.0217698126488766,0.019199875670655,0.0175747065035203,0.0196626590289453,0.0206485698771416,0.018405591817074,0.0174050759370193,chlorophyte,SP012-ORA2
10,0.0229309141033529,0.0218576917851822,0.0194513029409417,0.0176417447346376,0.0195927818124517,0.0207848330682752,0.0184396242136518,0.0174050759370193,chlorophyte,SP012-ORA2
10,0.0226453334568758,0.0217991031253098,0.0193758571372328,0.0177088005738004,0.0195054545720512,0.0209772929989921,0.0183035166607241,0.0175734961806994,chlorophyte,SP012-ORA2
10,0.0228003358289488,0.0217307626755121,0.0194932238066224,0.0177591040140181,0.0202396699211281,0.0210174018483663,0.0183375380414027,0.0175494281946397,chlorophyte,SP012-ORA2
10,0.0230043844692351,0.0221214680094915,0.0190490998224677,0.0176082234186512,0.0202163382136021,0.0210414693157904,0.0185757905434143,0.0173569797071354,chlorophyte,SP012-ORA2
10,0.0226861173123856,0.0218186315367106,0.0195770795364401,0.0178094173678715,0.0197966287038617,0.0208008674433543,0.0184623145188502,0.0177420463711223,chlorophyte,SP012-ORA2
10,0.0222540350894402,0.0219065235202798,0.0195938529227218,0.0174909334618547,0.0195462046189129,0.0206165154882526,0.0185190474264058,0.0174050759370193,chlorophyte,SP012-ORA2
10,0.0223762717540229,0.0217991031253098,0.0191579874365598,0.0178094173678715,0.0202105055255987,0.0206405560107618,0.018689307420492,0.0174531827584535,chlorophyte,SP012-ORA2
10,0.0225800885588405,0.0222289921482417,0.019199875670655,0.0179436348078743,0.0201055334767014,0.0206886419009776,0.0183602210013472,0.0173329355625676,chlorophyte,SP012-ORA2
10,0.0225474703875845,0.0222778782019711,0.0197028981428935,0.0175411939880896,0.0202455030869034,0.0210815853585288,0.0186438957654768,0.0174291280235011,chlorophyte,SP012-ORA2
12,0.0253138148503192,0.0247411990551871,0.0217470363525825,0.0202023302389744,0.0225101433718791,0.0234321961187309,0.0208196354281717,0.020847261745854,chlorophyte,SP012-ORA2
12,0.0253138148503192,0.0252834057572928,0.0222619204765289,0.0205920341056028,0.0228214123226407,0.023763487187396,0.0213344368911828,0.0212140605255711,chlorophyte,SP012-ORA2
12,0.0256425542520396,0.0251354438888494,0.0222619204765289,0.0202023302389744,0.0229624538596406,0.0238443364290779,0.0211398575415626,0.020847261745854,chlorophyte,SP012-ORA2
12,0.0255439020166043,0.0245934771331702,0.0219326511365449,0.0200838426919911,0.0223868856214991,0.0233675897007006,0.021151300062423,0.020847261745854,chlorophyte,SP012-ORA2
12,0.0252316752349428,0.0251650310193044,0.0220508172741744,0.0204225245434461,0.0224925325092602,0.0238039095251855,0.0206939228048945,0.0209694595871843,chlorophyte,SP012-ORA2
12,0.0251413425379181,0.0247609002487103,0.0216121012067851,0.0205920341056028,0.0228096613827047,0.0236018434766438,0.0213000906326604,0.0209450145499239,chlorophyte,SP012-ORA2
12,0.0254370581872214,0.0252735395932529,0.0222027996536251,0.0204903148630651,0.0230565125989276,0.0235129705456219,0.0207853451963883,0.0211161872823345,chlorophyte,SP012-ORA2
12,0.0258399370062566,0.0249875475376117,0.0223463948943477,0.0202531274552955,0.022592338916501,0.0236907384826619,0.0213458864754558,0.0209205722477725,chlorophyte,SP012-ORA2
12,0.0252563152209941,0.0246033232289569,0.0216205332374605,0.0202023302389744,0.0224279667975446,0.0236584104711041,0.0207396306872756,0.0211161872823345,chlorophyte,SP012-ORA2
12,0.0255685626302943,0.0252242131441358,0.022152132046802,0.0204564174531786,0.0223516769570176,0.023278774914878,0.0210940916100547,0.0207984017422394,chlorophyte,SP012-ORA2
14,0.0218794254917801,0.0236103304418019,0.0200974021319542,0.0191716396121786,0.019156359632081,0.0200480273129843,0.0200205000321497,0.0198721320148797,chlorophyte,SP012-ORA2
14,0.0219038450916079,0.0235514335655605,0.020324219072242,0.0193909463589652,0.0190865816973126,0.0202801176260145,0.0202600280636041,0.0198478094545639,chlorophyte,SP012-ORA2
14,0.022099259445292,0.0236790565929313,0.0206857282419785,0.0191379168273484,0.0193599567498825,0.019992028055844,0.0201231326232253,0.0199937854541488,chlorophyte,SP012-ORA2
14,0.0219933972999321,0.0239541026987156,0.0204502875220935,0.0194078239143996,0.0196335418554818,0.0198880526766542,0.0200433043878444,0.01982348960202,chlorophyte,SP012-ORA2
14,0.0221236934370258,0.0235023607675791,0.0206100348181613,0.0193403203861943,0.0190110043628328,0.0199680310562905,0.0201117273521751,0.0200424658053809,chlorophyte,SP012-ORA2
14,0.022099259445292,0.023463107719667,0.0206520848424689,0.0193065753141492,0.019197069743251,0.0200720296772137,0.0200205000321497,0.0200424658053809,chlorophyte,SP012-ORA2
14,0.0222540350894402,0.0239049707081738,0.020030223332479,0.0191547776629512,0.0192552351204122,0.0203761990400884,0.0199406977726579,0.0199451159484891,chlorophyte,SP012-ORA2
14,0.022319222993832,0.0241113736536164,0.020534356601461,0.0194584632763002,0.0193948708052635,0.0203681912702899,0.0200889180476185,0.0202372957627768,chlorophyte,SP012-ORA2
14,0.0219608303737031,0.023482733666983,0.0204755062759011,0.0191379168273484,0.0191272838307355,0.0205764515390222,0.0200205000321497,0.0199207852612389,chlorophyte,SP012-ORA2
14,0.0223925730019908,0.0238460218579856,0.0200554139783144,0.0191379168273484,0.0189993785043268,0.0200960336513135,0.0203855677828217,0.0202129325134068,chlorophyte,SP012-ORA2
16,0.028332634845289,0.0292634150498675,0.0253746092072331,0.0235253539408502,0.0247715557223085,0.0258227390162302,0.0243832134992907,0.0243693843539445,chlorophyte,SP012-ORA2
16,0.0281835958437639,0.0295231150776582,0.0253320287152014,0.0239373470515394,0.0252208345755306,0.0260748782674332,0.024545103687853,0.0243445559086998,chlorophyte,SP012-ORA2
16,0.028531446162899,0.0296730339204731,0.0259968331493212,0.0235253539408502,0.0249251925947634,0.0262864869549339,0.024417897257485,0.024294907482293,chlorophyte,SP012-ORA2
16,0.0287884009969335,0.0290138937662433,0.0256472383935011,0.0230455341203794,0.0241458751846107,0.0259040548512857,0.0242676285177716,0.0242204559932735,chlorophyte,SP012-ORA2
16,0.0286806241995231,0.0295031309819034,0.0255875838962098,0.0238171136994805,0.0250611574184192,0.0263516225000599,0.0246145106496241,0.024468726363501,chlorophyte,SP012-ORA2
16,0.0282746681594836,0.0294631663770935,0.0256046270743124,0.0237827717109722,0.0249783900383496,0.0258877902061408,0.0246492198605187,0.0243693843539445,chlorophyte,SP012-ORA2
16,0.0288962089343614,0.0297430190824472,0.0253660927237573,0.0239545278680057,0.0250788957889652,0.0263434799085868,0.0247417964395904,0.024294907482293,chlorophyte,SP012-ORA2
16,0.0276789614849508,0.0289340863086671,0.0250085741770997,0.0230969002737035,0.0245471287060373,0.0253271121170142,0.0240019437439618,0.0243693843539445,chlorophyte,SP012-ORA2
16,0.0282912291508226,0.0297330203043088,0.0259371232669142,0.0234224594642031,0.0252208345755306,0.025993523614607,0.0244294593580695,0.0245184143144146,chlorophyte,SP012-ORA2
16,0.0285645916838341,0.0297930174634964,0.0256046270743124,0.0239545278680057,0.0250493323289808,0.0260830147499495,0.0248344002070851,0.0243197302850297,chlorophyte,SP012-ORA2
18,0.0222784792189849,0.0241900369098208,0.021005490491709,0.019627333729729,0.0193948708052635,0.020208073489525,0.020465482726763,0.0200424658053809,chlorophyte,SP012-ORA2
18,0.0223436713944459,0.0245639405872063,0.021502501980608,0.0195766608639994,0.0194879916938261,0.020208073489525,0.0208653615386899,0.0200668100495974,chlorophyte,SP012-ORA2
18,0.0224985484765007,0.0243769364273304,0.0209802362324207,0.0196442269202851,0.0198956821756789,0.020256101302396,0.0203741530154647,0.0199451159484891,chlorophyte,SP012-ORA2
18,0.0223029249500056,0.0240425584986263,0.0214013617596458,0.0195428845403164,0.0192377845095513,0.0202801176260145,0.0209797058342762,0.0202616617295914,chlorophyte,SP012-ORA2
18,0.0225230086302543,0.0244556622600038,0.0214097890742621,0.0197794127016726,0.0197441997843277,0.0207848330682752,0.0203513247203558,0.0199937854541488,chlorophyte,SP012-ORA2
18,0.0226534898713626,0.0247214990236676,0.0208960675941032,0.0198301258305635,0.0196160726942589,0.0206645981482645,0.0206139499505239,0.0201155066782542,chlorophyte,SP012-ORA2
18,0.0220503962614299,0.0243080665421107,0.0203662372010275,0.0197118108630186,0.0195054545720512,0.020400223424589,0.0205911042885769,0.0198478094545639,chlorophyte,SP012-ORA2
18,0.0221725662211467,0.0246131696150048,0.0215783749714363,0.0192053668520962,0.0192203347539098,0.0206886419009776,0.0205225772325147,0.0197019309347857,chlorophyte,SP012-ORA2
18,0.0225474703875845,0.0242588824597501,0.0216036693648535,0.0196949131999629,0.0196160726942589,0.0200720296772137,0.0209911425447489,0.0201642141645764,chlorophyte,SP012-ORA2
18,0.0224007238930468,0.0245442510075561,0.0210896835861697,0.0195597721435761,0.0199656188679849,0.0204242494219154,0.0206710713481282,0.0199937854541488,chlorophyte,SP012-ORA2
20,0.0276789614849508,0.0285154097260422,0.0248299420699317,0.0228401727936993,0.0239631007372574,0.0250268200509761,0.0240019437439618,0.0237247601253753,chlorophyte,SP012-ORA2
20,0.0272906098246001,0.0289340863086671,0.0247364066673372,0.0223787129031064,0.0234741982822387,0.0250268200509761,0.0241982978609283,0.0234526060805764,chlorophyte,SP012-ORA2
20,0.027927057029432,0.0280873076680935,0.0242436037212259,0.0231140246217117,0.0242933423043415,0.0250754989481821,0.0237249459287367,0.023997253649141,chlorophyte,SP012-ORA2
20,0.0280511666894086,0.0287147140756022,0.0246683955051116,0.0229599468246014,0.0238039864983363,0.0255057836785248,0.0243254157122985,0.0240220426506144,chlorophyte,SP012-ORA2
20,0.0270511900723014,0.0288542979158485,0.025357576432825,0.0225666144046158,0.0243523462576624,0.0251728766106309,0.0235750069849054,0.0239476840834075,chlorophyte,SP012-ORA2
20,0.0280263414546847,0.0286349780639318,0.0248724658411699,0.0229941782998718,0.0238805881820241,0.0255789023073244,0.0240596822631126,0.0238238093563853,chlorophyte,SP012-ORA2
20,0.0282746681594836,0.0284456812907791,0.0252298551681292,0.0231140246217117,0.0242225504645893,0.025367711458155,0.0244063355808478,0.023997253649141,chlorophyte,SP012-ORA2
20,0.0278195287060375,0.029023871039385,0.0248129339054696,0.0232339272301954,0.0238157703001477,0.0252215753794782,0.0241867442333853,0.0237990428379925,chlorophyte,SP012-ORA2
20,0.0272575772755843,0.0281470099087207,0.0252979677867825,0.0227717557111016,0.0238982678342286,0.0247186740319197,0.0235519457820827,0.0236505026632416,chlorophyte,SP012-ORA2
20,0.0280428914276443,0.0285452977979148,0.024906488314818,0.022823066804066,0.024411359990374,0.0249862593605369,0.0244988408662091,0.0238981257630384,chlorophyte,SP012-ORA2
25,0.0302672539921035,0.032050726372862,0.0277325497961964,0.0255747091202323,0.0264177336226284,0.0270770561118057,0.0265641344228537,0.0263398027988433,chlorophyte,SP012-ORA2
25,0.0308420973467909,0.0323327564608009,0.0276468589651986,0.0258168948539787,0.0267562015782976,0.0274280740527308,0.0264710213363395,0.0263147494040971,chlorophyte,SP012-ORA2
25,0.0306170531615511,0.0314572271315531,0.027235814105979,0.0252636646686432,0.0269879704381699,0.0274607443938651,0.026296508375855,0.0259392928660994,chlorophyte,SP012-ORA2
25,0.0307503962936061,0.0324133802459488,0.0280240445181689,0.0254709855236599,0.0265483322539861,0.0273300809197204,0.0268203372798052,0.0264901835357938,chlorophyte,SP012-ORA2
25,0.0308921256036662,0.0319500590270022,0.0271759075216606,0.0250910258047579,0.026631465421653,0.0270362624069471,0.0265641344228537,0.0267159489204458,chlorophyte,SP012-ORA2
25,0.0302422808809827,0.0320205229832045,0.0278611226038201,0.0259900254330979,0.026578020442867,0.0276241408500234,0.0264826589685559,0.0264149802272595,chlorophyte,SP012-ORA2
25,0.0302672539921035,0.0323327564608009,0.027903989960433,0.025678474875157,0.026809673311009,0.0269546889441667,0.0268203372798052,0.0266657586674393,chlorophyte,SP012-ORA2
25,0.0306420513693143,0.0325242697369635,0.0283071817446562,0.0255574189273988,0.0265186465402965,0.0272892583653289,0.0269252075689957,0.0267159489204458,chlorophyte,SP012-ORA2
25,0.0303671631542414,0.0325646023177581,0.028126978887537,0.0255747091202323,0.0266730392853818,0.0276650016229801,0.0264710213363395,0.0265654127422711,chlorophyte,SP012-ORA2
25,0.0300924773041069,0.0323025275580607,0.0278096882144508,0.0257822828227184,0.0268631530751218,0.027477080682888,0.0266805644611211,0.0266406678645345,chlorophyte,SP012-ORA2
30,0.0368769517021614,0.0389477229793753,0.0348700430779647,0.0316816533623753,0.0327955156441128,0.0334652764943429,0.0328899455965703,0.0330048174068607,chlorophyte,SP012-ORA2
30,0.0369362704151876,0.0394002753707498,0.0350797172197192,0.0318588085580101,0.0326203267414429,0.0334901958234804,0.0331513424075753,0.0332891437592212,chlorophyte,SP012-ORA2
30,0.0374366174906925,0.0391636374062595,0.0351671159027931,0.031823367683075,0.0328257293411703,0.034063819806439,0.032783072963522,0.0329531614417938,chlorophyte,SP012-ORA2
30,0.0367159912871113,0.0395341014623182,0.0345906589808956,0.0313807713685798,0.0327411374493625,0.0339972655392104,0.0329849739117905,0.0331598586307214,chlorophyte,SP012-ORA2
30,0.0373687344867891,0.0395341014623182,0.0350185502048079,0.0319119790970308,0.0332489905207384,0.0333656165252473,0.0330324988112441,0.0330823242642464,chlorophyte,SP012-ORA2
30,0.0363350459954694,0.0386703236501188,0.0346954037357892,0.031540017662662,0.0328317723882509,0.0329838435291048,0.0334129560963334,0.0326434818975525,chlorophyte,SP012-ORA2
30,0.0368684783700698,0.0393076579388653,0.0349049806644075,0.031752500689647,0.0330312505014163,0.0336563690407979,0.0329612141479292,0.0333408792420563,chlorophyte,SP012-ORA2
30,0.0368854252266778,0.0393179474964608,0.0354906674630211,0.0321070325369088,0.0327048899327374,0.0335732727875032,0.0332345595846139,0.0329531614417938,chlorophyte,SP012-ORA2
30,0.0366990521240032,0.0390402406433155,0.0351845980730454,0.0320538213631618,0.032656565649959,0.0340222219390466,0.0329136999905889,0.0332374205258199,chlorophyte,SP012-ORA2
30,0.037513000635035,0.0394517405990215,0.0351933394624374,0.0320183534078136,0.032922430404145,0.033772736218447,0.0331513424075753,0.0332115635008444,chlorophyte,SP012-ORA2
35,0.0336624617704367,0.0345266018961806,0.0303814192339747,0.0283912952638601,0.0298709129016631,0.0310893146504324,0.0299581835819746,0.0289865290998683,chlorophyte,SP012-ORA2
35,0.033158757312938,0.0350443041713068,0.0304763670821406,0.0283563324670121,0.0298049954039277,0.0309820652110067,0.0296759059762944,0.0288090795366733,chlorophyte,SP012-ORA2
35,0.0337884942030282,0.0347295267690951,0.0302606111209419,0.028583676280947,0.0303566815325542,0.0312131039539068,0.0301700577451263,0.0293418612397321,chlorophyte,SP012-ORA2
35,0.0334860878524545,0.0350646225814052,0.0298553241622791,0.0282340003706648,0.0300207707964081,0.0312791424274803,0.0296171299353292,0.0289358145145564,chlorophyte,SP012-ORA2
35,0.0337464786619452,0.0349833563561139,0.0307872729301985,0.0283563324670121,0.0301107158171797,0.0309903140269222,0.0304881361679237,0.0289865290998683,chlorophyte,SP012-ORA2
35,0.0336624617704367,0.0347802772568318,0.0305281669065289,0.028583676280947,0.0304287036527493,0.0311223209449967,0.0299228850585816,0.0291133670963771,chlorophyte,SP012-ORA2
35,0.0331252011804182,0.0341312526478519,0.0300018669855078,0.0279371519519291,0.0292362151521135,0.0306275458638326,0.0303585099272273,0.0291387435354194,chlorophyte,SP012-ORA2
35,0.0335868627396018,0.0350443041713068,0.0310119757400858,0.0287411868312503,0.0302126809823885,0.0314938516624121,0.030205383951051,0.0291895052587221,chlorophyte,SP012-ORA2
35,0.0334860878524545,0.0341413839645827,0.0308823231456649,0.0279371519519291,0.0295534226034242,0.0311883426675852,0.0304527782716055,0.0287330738269184,chlorophyte,SP012-ORA2
35,0.0339397893365534,0.0351052631100554,0.0304418378227852,0.0287762023767976,0.0300987218348802,0.0316095177034923,0.0301936081093208,0.0293164611960723,chlorophyte,SP012-ORA2
40,0.0326473539022804,0.0365614199981092,0.0315223760161178,0.0297058686029036,0.0341030899788693,0.0294839379989926,0.0307947374665261,0.0304368664159048,chlorophyte,SP012-ORA2
40,0.0328903927124623,0.0370209675089871,0.0318861336499557,0.0296707253249645,0.0342183381933406,0.0295496581418068,0.0313260991056475,0.0307434314180352,chlorophyte,SP012-ORA2
40,0.0327311425075238,0.0366634870396991,0.0321548469261816,0.0297761696751323,0.0340848963018771,0.0299195589826834,0.030818334534904,0.0307945674377561,chlorophyte,SP012-ORA2
40,0.0321450170095223,0.0362656018364023,0.0312887171790656,0.0293897531219609,0.0339818163552514,0.0295743063070876,0.030240714115168,0.0303347736110322,chlorophyte,SP012-ORA2
40,0.0328568607047739,0.0366736954595327,0.0318601393093224,0.0299871891186259,0.0346432590512768,0.0298948870287443,0.0309363463728223,0.0304368664159048,chlorophyte,SP012-ORA2
40,0.032111551916982,0.036867714741375,0.0313579343182196,0.0293722026223709,0.0342244049222918,0.0298866634220456,0.0304292085432305,0.030258235306512,chlorophyte,SP012-ORA2
40,0.0332258786326552,0.0364899916226717,0.0318514749277195,0.0297058686029036,0.034042448003844,0.0300018111150826,0.0308537334488961,0.0307178678962402,chlorophyte,SP012-ORA2
40,0.0326389760765086,0.0367145322592289,0.0318341467623711,0.0292669249539986,0.0337151596903845,0.0291883466117931,0.0305588638573421,0.0305900951399216,chlorophyte,SP012-ORA2
40,0.0330748726392856,0.0370925095386084,0.0315050629827995,0.0301631719905459,0.0347040034480907,0.0298948870287443,0.031148879047746,0.0305900951399216,chlorophyte,SP012-ORA2
40,0.0327730438669657,0.0368370726241719,0.0314098555205566,0.029741016719182,0.0342911457639445,0.0299277833453064,0.0312079413338785,0.0305645495542934,chlorophyte,SP012-ORA2
45,0.0321533837516504,0.0365103981712835,0.0315656620810401,0.0301983831266868,0.0271901485071149,0.0285405421781459,0.0311961279915751,0.0311528551297748,chlorophyte,SP012-ORA2
45,0.0327227628002571,0.0367860086750288,0.0317821670485251,0.0301983831266868,0.0271009381484046,0.0283849158747006,0.0311016371829408,0.0310504272412495,chlorophyte,SP012-ORA2
45,0.0325049564404243,0.0369698754396388,0.0321808616125276,0.0305507618467923,0.0272377365059829,0.0286388673543786,0.0311961279915751,0.0311528551297748,chlorophyte,SP012-ORA2
45,0.0319275475391689,0.0366022430719889,0.031764842071065,0.0304802471820199,0.0269820257619337,0.0282539146143487,0.0316808383158525,0.0314604272682293,chlorophyte,SP012-ORA2
45,0.0321533837516504,0.0365410103320901,0.031972794409617,0.0305155020798437,0.0270533684281601,0.0287208256417057,0.0310898278225883,0.0314860778377709,chlorophyte,SP012-ORA2
45,0.0327311425075238,0.0369392239490344,0.0318861336499557,0.0300927642840364,0.0276246249536658,0.028819200367918,0.0316808383158525,0.0311272436548348,chlorophyte,SP012-ORA2
45,0.032111551916982,0.036857500389953,0.0317128719191247,0.0301631719905459,0.0272912806082669,0.0289914212327509,0.0313142813358036,0.0312553310670357,chlorophyte,SP012-ORA2
45,0.0320028110901422,0.0366022430719889,0.0317388560988311,0.0304802471820199,0.027773540211878,0.0284504344911828,0.0315388947371851,0.0311528551297748,chlorophyte,SP012-ORA2
45,0.032463085174089,0.0365716252988204,0.0317128719191247,0.0306212959934448,0.0272496344995515,0.0289832183596554,0.0310544023950382,0.0313322195790925,chlorophyte,SP012-ORA2
45,0.0323207580043568,0.0366839041913834,0.032189533573906,0.0306565703758409,0.0273924414422905,0.0286306725578425,0.0312197551187866,0.0313065870680334,chlorophyte,SP012-ORA2
50,0.0402989134733241,0.0394826235428384,0.0341458184248674,0.0324975870618676,0.0328499021448932,0.0341969654825698,0.0341156299433281,0.0334443869792452,chlorophyte,SP012-ORA2
50,0.0406325709455849,0.0397503954048505,0.0341545357413775,0.0328709472862084,0.0330735784114665,0.0346883687143534,0.0343780452477939,0.0337292864004727,chlorophyte,SP012-ORA2
50,0.0404015455363091,0.0398122194095249,0.0345993865981006,0.0324087721915389,0.0329466097739996,0.0345717034858563,0.0339845041418964,0.0336515497024518,chlorophyte,SP012-ORA2
50,0.0407609802302203,0.0396061838812472,0.0343289244495492,0.0327820024564807,0.032994973440203,0.0343051828299592,0.0341275531751101,0.0337292864004727,chlorophyte,SP012-ORA2
50,0.0407524182362709,0.0393796914996497,0.0343463677615393,0.0328709472862084,0.0328015581784232,0.0342635569006862,0.0339725863179867,0.0333926269801285,chlorophyte,SP012-ORA2
50,0.04065824926746,0.0396267817156899,0.034285319703143,0.0329599231147273,0.0331098634826292,0.0342136121755216,0.0344257805935899,0.0338070507710062,chlorophyte,SP012-ORA2
50,0.0407096112133018,0.0398019146140193,0.0345121195243039,0.0328887399713176,0.0327894732123459,0.0342469078845077,0.0342468102968242,0.0333408792420563,chlorophyte,SP012-ORA2
50,0.0405469892999192,0.0400390053833189,0.0341371013100887,0.0327997889435597,0.0327350959403313,0.0344134329098266,0.0341752506113547,0.0337033710940481,chlorophyte,SP012-ORA2
50,0.0396068844556595,0.0388655065643633,0.0334751901435131,0.0329421254680831,0.0322641737906495,0.0346050325277604,0.0340202603165737,0.0331340107841255,chlorophyte,SP012-ORA2
50,0.0409151297269143,0.0400080709544219,0.0339715144458382,0.0325864328404518,0.0330856730243347,0.0340971015818989,0.0344377155592815,0.0337552047816208,chlorophyte,SP012-ORA2
60,0.0453960559826789,0.0484027288302274,0.0421097783762251,0.0399607686271362,0.0382818445599718,0.0397835625287789,0.0411201233950089,0.0414848949344529,chlorophyte,SP012-ORA2
60,0.04542206423664,0.0482864413097916,0.0424571741366144,0.0398510336836091,0.0382388929845989,0.0399188536355835,0.0411932768620573,0.0417535949378872,chlorophyte,SP012-ORA2
60,0.0452573759038489,0.0483392942546443,0.042680032355673,0.0402170004065198,0.0381162027399405,0.0398765696704938,0.0414128391482579,0.0416998284903477,chlorophyte,SP012-ORA2
60,0.045222713936263,0.0487624191686185,0.0419940509487669,0.0403085741160942,0.0387669433076842,0.0396314211413211,0.041132314460991,0.0418611675488262,chlorophyte,SP012-ORA2
60,0.0452400445175621,0.0489424096991211,0.0419584496612742,0.040070550758342,0.0388837112832287,0.0401726623916991,0.0416203440059511,0.0415923352785589,chlorophyte,SP012-ORA2
60,0.0452920410916849,0.0483181520730763,0.0427602936019958,0.0402719406905491,0.0388345411524087,0.0396905795513254,0.041034799128204,0.0417535949378872,chlorophyte,SP012-ORA2
60,0.0458558022429611,0.0483710100364871,0.0422967978202117,0.0402719406905491,0.0386195016317444,0.0399357686205431,0.0414860605649629,0.041458043102909,chlorophyte,SP012-ORA2
60,0.0459339286577478,0.0482441649747817,0.0422611679095834,0.040143765081237,0.0385151007057653,0.0398934826570382,0.0411566980070769,0.041888068980453,chlorophyte,SP012-ORA2
60,0.0460120714342779,0.0478428064531155,0.0423680677534675,0.0397596239142251,0.0384168689664062,0.0393104460061677,0.0414006372317248,0.0418611675488262,chlorophyte,SP012-ORA2
60,0.0452313791262937,0.0486142644681285,0.0421899181971386,0.0400522504578299,0.0388222496805938,0.0401641991992256,0.0410957426769844,0.0418611675488262,chlorophyte,SP012-ORA2
70,0.0577345926646156,0.057361191416659,0.0503003472386376,0.0464450022237179,0.0478720342045343,0.0498923728309547,0.0491454307854605,0.0486085510102158,chlorophyte,SP012-ORA2
70,0.0572778828244274,0.0575567442233573,0.050373147803653,0.0467641838661131,0.0476010725461636,0.0496315790777347,0.049370602772692,0.048969515817893,chlorophyte,SP012-ORA2
70,0.0580752500757525,0.0573286104105073,0.0504004516433082,0.0464825322998142,0.0483135761206172,0.0500141416493918,0.0493580889984646,0.048969515817893,chlorophyte,SP012-ORA2
70,0.0575733371164772,0.0576002159553419,0.0507100335548644,0.0464450022237179,0.0484903463143934,0.0504319495595236,0.0494331790943273,0.048969515817893,chlorophyte,SP012-ORA2
70,0.0571973449675149,0.0575132781486238,0.0496276081710963,0.0466702654814373,0.0476451685343398,0.0494317658213577,0.0493330629397941,0.0484698770544068,chlorophyte,SP012-ORA2
70,0.0581918622051,0.0572526004200918,0.050527895736187,0.0464262392543797,0.0484019502475292,0.0498054204624649,0.04930803886724,0.0485530708638223,chlorophyte,SP012-ORA2
70,0.0581380366936992,0.0575241441370204,0.050546105555506,0.0467078286893598,0.0482062941609157,0.0502578036499481,0.0497086625387665,0.0486085510102158,chlorophyte,SP012-ORA2
70,0.0576449976453834,0.0570789282264939,0.0501093126699119,0.0462199375524989,0.0478279101130843,0.0492754680090248,0.0493330629397941,0.0488583861829135,chlorophyte,SP012-ORA2
70,0.0581828907473075,0.0575024125137134,0.0503458459429431,0.0463887174521098,0.0483514480606104,0.0500924434879063,0.0492329785631236,0.0489417281087352,chlorophyte,SP012-ORA2
70,0.0579497085265215,0.0572200300043953,0.0502184634172601,0.0463887174521098,0.0484524595985138,0.0502403937186964,0.0490204046830876,0.048969515817893,chlorophyte,SP012-ORA2
80,0.0576539561792622,0.0615800176352484,0.0541874909578753,0.0516195694653261,0.0485598157655757,0.0503013321837601,0.05271702780406,0.0540013409911424,chlorophyte,SP012-ORA2
80,0.0581380366936992,0.0617120307528589,0.0544357992885914,0.0519261191062829,0.0490970826759181,0.0506323221695035,0.0531220090531371,0.0538023725918889,chlorophyte,SP012-ORA2
80,0.0579676404476755,0.0612941680854842,0.0547303027562063,0.0513516401460876,0.0484650880558835,0.0505974666995135,0.0522367871745524,0.054257424078397,chlorophyte,SP012-ORA2
80,0.057958674379376,0.0616900249428431,0.0542150726907281,0.0515047081816616,0.0486735222936245,0.0502403937186964,0.0529827380722712,0.0544283130638391,chlorophyte,SP012-ORA2
80,0.0583174852689378,0.0620863515207006,0.0547763397290412,0.0516195694653261,0.0487367082808181,0.0502926260534499,0.0526158637122186,0.0541435723102173,chlorophyte,SP012-ORA2
80,0.0578421350932121,0.0618110748437544,0.0540220429584742,0.0517919583438173,0.0488251875048487,0.0503622810267541,0.0529953965289282,0.0543428518609821,chlorophyte,SP012-ORA2
80,0.057958674379376,0.0619652018309053,0.0545002022503776,0.0518877802652159,0.0481305851758334,0.0497271813894311,0.0532866813774057,0.0539444743826604,chlorophyte,SP012-ORA2
80,0.0578869535881313,0.0616460176718812,0.0548315915243329,0.0517536396432298,0.0488251875048487,0.0507543430543224,0.0528308762170064,0.0543428518609821,chlorophyte,SP012-ORA2
80,0.0581918622051,0.0620092511793766,0.0548039646136609,0.051830282796668,0.0489769173461363,0.0505277659418461,0.0532866813774057,0.0538876225735562,chlorophyte,SP012-ORA2
80,0.0573584380688234,0.0617450421865886,0.054481800280547,0.0514472969129848,0.0489326561296582,0.0501272498048106,0.0531980009781643,0.0536603631769874,chlorophyte,SP012-ORA2
90,0.0682671691490078,0.0700004563657546,0.0619903539988418,0.0568620988778152,0.0572484416678756,0.05924908972469,0.0603206113317365,0.059501471682968,chlorophyte,SP012-ORA2
90,0.0683501324434689,0.0703051480999038,0.0622532537085596,0.0569207409688472,0.0577017730293142,0.0586871521696473,0.0598804068549746,0.0597057016179433,chlorophyte,SP012-ORA2
90,0.0688759954456699,0.0695721012951161,0.0612776926003592,0.0566862533820432,0.0567698324207223,0.0596867630888686,0.0607484571349161,0.0597640881144155,chlorophyte,SP012-ORA2
90,0.0689590942356578,0.0697411232026244,0.0619058894727643,0.0566862533820432,0.057403804551129,0.0596242055428078,0.0603076553655897,0.059210045445444,chlorophyte,SP012-ORA2
90,0.0687006254187997,0.0699102306865162,0.0619621970523841,0.0569793965330765,0.0572225544435153,0.0592223107765906,0.0604113180035097,0.0598516971291249,chlorophyte,SP012-ORA2
90,0.0682395188162447,0.0702261272532286,0.0625727359408466,0.0568425545071121,0.0572290260731582,0.0596420780116226,0.0608912015078535,0.0595598036126204,chlorophyte,SP012-ORA2
90,0.0684238930832707,0.0702938582628495,0.0621217809182087,0.0569011921084536,0.0577536190978065,0.0598834437377424,0.0606965661077187,0.0595306357008005,chlorophyte,SP012-ORA2
90,0.0686729429476062,0.0701809808760707,0.06241296095423,0.0572337264861695,0.0576045819940443,0.0598029704075171,0.0602040267964035,0.0598224902201637,chlorophyte,SP012-ORA2
90,0.0685345613898636,0.0701809808760707,0.0620372869205404,0.057135877287093,0.0578249197708918,0.0597761499847095,0.0601651748617343,0.0594723115580832,chlorophyte,SP012-ORA2
90,0.0683132575907841,0.0704745414653081,0.0615494701276893,0.0571554441268945,0.0569055885970178,0.0586247690933797,0.0603076553655897,0.0593557099672444,chlorophyte,SP012-ORA2
100,0.0789159877348687,0.0788471013140676,0.0691921210397492,0.0642585450222461,0.0646512169100543,0.0668180252847358,0.0672765340491492,0.0680052099472835,chlorophyte,SP012-ORA2
100,0.0792290897253197,0.0792527345792979,0.0698336676709611,0.0645000951550825,0.0645388984721987,0.0670734049700745,0.067674141381125,0.0681568608213016,chlorophyte,SP012-ORA2
100,0.0788590883169826,0.079438331130187,0.0688669775069903,0.0645403757392912,0.0646247858546093,0.0665354958940257,0.0675680637262799,0.0678839650016152,chlorophyte,SP012-ORA2
100,0.0789728958308563,0.079310722423729,0.0694122303257459,0.0642183088768224,0.0649883849644099,0.0671190276677852,0.0677537230479892,0.0680355317011319,chlorophyte,SP012-ORA2
100,0.0792575665750201,0.0787312965197934,0.0690486407664238,0.0648023545639069,0.0651339286356549,0.0671646561821208,0.0674487690053715,0.0682479019041988,chlorophyte,SP012-ORA2
100,0.0792860455982217,0.0790440616587832,0.0694600971943991,0.064762032627128,0.0651802504646536,0.0670186654086788,0.0676874035975284,0.0679445790628393,chlorophyte,SP012-ORA2
100,0.0790298126075927,0.07909042215359,0.0691347223720703,0.0643994214907056,0.0646181783973045,0.0670734049700745,0.0676343580784475,0.0684300979741847,chlorophyte,SP012-ORA2
100,0.07944746780074,0.0791251967481103,0.0691442882093261,0.0641780790717935,0.0650214578478433,0.0673289670183163,0.0671705900494786,0.0683693490652142,chlorophyte,SP012-ORA2
100,0.0793714957121517,0.0787428751925729,0.0690390773577543,0.0641378556051615,0.0648627360165776,0.0674294163452015,0.0673427671298333,0.0682782573652704,chlorophyte,SP012-ORA2
100,0.0792670593412374,0.0791715685067908,0.0691155914262887,0.0643994214907056,0.0647767912244135,0.0674020182780718,0.0673825136572566,0.068187203633386,chlorophyte,SP012-ORA2
2,-0.0056376053438612,-0.0045566759297045,-0.0036361555783709,-0.0020431717350146,-0.0039699917841115,-0.0047394727411734,-0.0034243511920461,-0.0027395109845031,diatom,p. nitzchia
2,-0.0055284422014984,-0.0044732247221108,-0.0036361555783709,-0.0019794904320691,-0.0039080777171275,-0.0045533155189231,-0.0033263306246374,-0.0026039941840964,diatom,p. nitzchia
2,-0.005590825050597,-0.0044454030188587,-0.0033781112055654,-0.0018998664591861,-0.0039925033212869,-0.0047006979709097,-0.0032718615844333,-0.0026717630927367,diatom,p. nitzchia
2,-0.0053568355686703,-0.0044639510785219,-0.0034103764208882,-0.0018202176449547,-0.0037729550987004,-0.0046541627005979,-0.0033916810551414,-0.0026491757923753,diatom,p. nitzchia
2,-0.0054972468653627,-0.0043340930252825,-0.0035071554881194,-0.0018839386841437,-0.0037729550987004,-0.0046076213786232,-0.0033481156064102,-0.0026265861563229,diatom,p. nitzchia
2,-0.0054582490272121,-0.0043619240015343,-0.0035877857213907,-0.0019954122470473,-0.0038348926641562,-0.0045843484477704,-0.0034243511920461,-0.0027395109845031,diatom,p. nitzchia
2,-0.0055206436119693,-0.0043619240015343,-0.0033619775614668,-0.0020431717350146,-0.0038743018695583,-0.0046308927961668,-0.0032282795766164,-0.0027169306883178,diatom,p. nitzchia
2,-0.0054894476237981,-0.0044454030188587,-0.0036361555783709,-0.0018202176449547,-0.0039249644394948,-0.004475721422028,-0.0033590075329058,-0.0025588032291876,diatom,p. nitzchia
2,-0.005349033391596,-0.0044917712368749,-0.0036522774838884,-0.0018361493958529,-0.0038011098731982,-0.0045377980453495,-0.0031846915441924,-0.0027169306883178,diatom,p. nitzchia
2,-0.0057155594683067,-0.0045659469991762,-0.0036522774838884,-0.0021545758071808,-0.0039024486316934,-0.004638649599091,-0.0033590075329058,-0.0027846645760756,diatom,p. nitzchia
4,-0.0034011956733811,-0.0029488952021288,-0.0037812278939655,-0.0010543220439773,-0.0037616925655106,-0.0032085598660615,-0.0027048250865254,-0.0017437633461277,diatom,p. nitzchia
4,-0.0032050667540384,-0.0028184466544629,-0.0038698557013568,-0.0010063771925699,-0.0039362218094885,-0.003029396176722,-0.0024646177210123,-0.0016983940676157,diatom,p. nitzchia
4,-0.0036756030806736,-0.0028091269512297,-0.0035635984635444,-0.0008944708445997,-0.0035645405454996,-0.0033798499432457,-0.002901222368523,-0.00160762723334,diatom,p. nitzchia
4,-0.0032599932439565,-0.0028743594135298,-0.0034910273701875,-0.0009744089553399,-0.003575809316444,-0.0029358838515703,-0.0026174981245179,-0.0015849296308208,diatom,p. nitzchia
4,-0.0033776656456072,-0.0027532032701782,-0.0036200329828215,-0.0009424367145736,-0.0036208808341548,-0.0031851957750673,-0.0024864623173737,-0.0016757058944374,diatom,p. nitzchia
4,-0.0034011956733811,-0.0029582110062852,-0.0037812278939655,-0.0010223598101721,-0.003778586231706,-0.0031774074057709,-0.0026284153174923,-0.0016983940676157,diatom,p. nitzchia
4,-0.0035658643333126,-0.0031630929883011,-0.0039101341760007,-0.0011661583607503,-0.0035081913405488,-0.0034265511940785,-0.0025192263746278,-0.00160762723334,diatom,p. nitzchia
4,-0.0031422837205027,-0.0030513547600051,-0.0035635984635444,-0.0010063771925699,-0.0035589060262844,-0.0033253574472037,-0.0027266530486021,-0.0015849296308208,diatom,p. nitzchia
4,-0.0032835306932815,-0.00292094623058,-0.0035313463703393,-0.0008944708445997,-0.0035814435681788,-0.0031228840744298,-0.0025410671882442,-0.0016983940676157,diatom,p. nitzchia
4,-0.003346289966865,-0.002827766097656,-0.0037328766630641,-0.0010383414272661,-0.0035532714179034,-0.0030761431782087,-0.0024646177210123,-0.0015849296308208,diatom,p. nitzchia
6,-0.0055752303160827,-0.0058059484426957,-0.0057903656274074,-0.0022977382197094,-0.0055143548024377,-0.0051424815127812,-0.0036420656424916,-0.0027620889469283,diatom,p. nitzchia
6,-0.0055518369921619,-0.0056119237938656,-0.0055658743574116,-0.0020750064307583,-0.0053574165076385,-0.0050572674952834,-0.0034787938991678,-0.0025813998752124,diatom,p. nitzchia
6,-0.0054504489704497,-0.0057690000553354,-0.005662101284349,-0.0022023055319673,-0.0052957432471014,-0.0048635237828684,-0.003587651121147,-0.0026491757923753,diatom,p. nitzchia
6,-0.0055518369921619,-0.005935235620272,-0.0059506346631004,-0.0023931352472322,-0.0056768251466095,-0.0050185271426074,-0.0036964707750615,-0.0028975077395177,diatom,p. nitzchia
6,-0.0054036452053765,-0.0060367833063349,-0.0058063955998495,-0.002329541189814,-0.005525562034163,-0.0051114969448465,-0.0034787938991678,-0.0027169306883178,diatom,p. nitzchia
6,-0.0053646375826028,-0.0056119237938656,-0.005517751674253,-0.0022977382197094,-0.00548633517972,-0.0049642836027457,-0.0034134615225158,-0.0027169306883178,diatom,p. nitzchia
6,-0.0058246678888729,-0.0057412860822615,-0.005902561111877,-0.0023613401986594,-0.0055815929020616,-0.005080509694149,-0.0038487552255428,-0.0026717630927367,diatom,p. nitzchia
6,-0.005699969946263,-0.0060367833063349,-0.0059426228306082,-0.0022341203917736,-0.0053013503485952,-0.0051502272356377,-0.0035332272077866,-0.0028298088364657,diatom,p. nitzchia
6,-0.0055752303160827,-0.0058151849009268,-0.0057903656274074,-0.0021227510324967,-0.0054414991965344,-0.0050572674952834,-0.0036529474200039,-0.0027169306883178,diatom,p. nitzchia
6,-0.0053880426456175,-0.0055379799847747,-0.0057021885833704,-0.0022659312873584,-0.0052845287792107,-0.0049487839383124,-0.0034243511920461,-0.0026039941840964,diatom,p. nitzchia
8,-0.0028046438052514,0.0018363468812163,0.0004161256142488,0.0039482074005201,-0.0011731450795824,-0.0008253708452202,0.0023229084773782,0.0040482829338838,diatom,p. nitzchia
8,-0.0027732199029841,0.0018930538735936,0.0005220685689341,0.0040297020678527,-0.0011561273387298,-0.0005979441565948,0.0024338258227084,0.0041880779953418,diatom,p. nitzchia
8,-0.0027575069593774,0.0018741504730395,0.0007014245531015,0.0040786113579896,-0.0010369803733114,-0.0007704879786947,0.0025114911860516,0.0040948713484878,diatom,p. nitzchia
8,-0.0029146066271024,0.0016001713228051,0.0002776297709996,0.0038341585524384,-0.0011788174791253,-0.0006057888625278,0.0022785524616831,0.0040948713484878,diatom,p. nitzchia
8,-0.0025453174318091,0.0019875869276322,0.000660654329954,0.0040460041234877,-0.0010937219959555,-0.0007234388219608,0.0023783622729263,0.0041414697008936,diatom,p. nitzchia
8,-0.0025217333672905,0.0019592242019716,0.00018804194,0.0040134010531178,-0.0011561273387298,-0.0010448181858335,0.002112272952449,0.0041647726050973,diatom,p. nitzchia
8,-0.0027810761266588,0.0020821467448935,0.0005220685689341,0.0039156168161667,-0.0012071781214097,-0.0007391225614658,0.0024892991301566,0.0040715758992255,diatom,p. nitzchia
8,-0.0025924810893214,0.0019497704952784,0.0006280413282792,0.0039808021458162,-0.0010937219959555,-0.0006685403204902,0.0024227323322486,0.0040482829338838,diatom,p. nitzchia
8,-0.0025138716811804,0.0020537759886751,0.0003753862565894,0.0040460041234877,-0.0010369803733114,-0.0008332105677144,0.0025225877997338,0.0040482829338838,diatom,p. nitzchia
8,-0.0027182217052005,0.0019214109805681,0.0005302192612857,0.0041438383236446,-0.0010426549424986,-0.0006528534874777,0.0025669781600019,0.0041414697008936,diatom,p. nitzchia
10,-0.0020497387665275,-0.0016140528415128,-0.0022551748357467,-0.0001899340793476,-0.0022719022937381,-0.002428933696285,-0.0018742408415317,-0.0010167217589705,diatom,p. nitzchia
10,-0.0019158983426689,-0.0015579286890914,-0.0022066273126605,-4.558445529363026e-05,-0.002215348130513,-0.002163473442436,-0.0017647903818771,-0.000857358349605,diatom,p. nitzchia
10,-0.0018686490814557,-0.0015017951043034,-0.0020933254208831,-0.0001418266060382,-0.002051290241712,-0.0023430710415633,-0.0017209995581065,-0.000857358349605,diatom,p. nitzchia
10,-0.0017898870143541,-0.0014175770344974,-0.0022389930232409,-1.349567418237928e-05,-0.0020286556339775,-0.0021869043280382,-0.0017209995581065,-0.0009484373900113,diatom,p. nitzchia
10,-0.0017662551518687,-0.0016421113815766,-0.0024088673943788,-0.0002540632789275,-0.0021983801297712,-0.0021947142823578,-0.0020164696650495,-0.0009484373900113,diatom,p. nitzchia
10,-0.0019788880518736,-0.0014269356465351,-0.0022147190010203,-6.162733349574174e-05,-0.0022945214441126,-0.0021556628063295,-0.0018085751248556,-0.0009256711896624,diatom,p. nitzchia
10,-0.0021441854634463,-0.0015017951043034,-0.0020933254208831,-0.0002700930621359,-0.0024810746278372,-0.0024133238366538,-0.0018961263751899,-0.000971201218016,diatom,p. nitzchia
10,-0.002309409679819,-0.001744972533538,-0.0022389930232409,-0.0003662506309507,-0.0023962898427762,-0.0025069727833162,-0.0021148982052754,-0.0010167217589705,diatom,p. nitzchia
10,-0.0018292701261036,-0.0014269356465351,-0.0019799894394341,-0.000350226884378,-0.002000360350739,-0.0023977132961425,-0.0018304652165755,-0.0011304816299213,diatom,p. nitzchia
10,-0.0017898870143541,-0.0013801399638947,-0.0021014195434348,-0.0001738992621338,-0.0021644417022656,-0.0023196503783032,-0.0016443509795209,-0.000880131669954,diatom,p. nitzchia
12,0.0040291213071539,0.0089617850096349,0.007390054690872,0.0103675130529179,0.0060873674220518,0.0065969673786628,0.008651727595457,0.0109335493384547,diatom,p. nitzchia
12,0.0042372012901936,0.0091066284691532,0.0075561027517296,0.0104845188751968,0.0063769501794014,0.0065809595398756,0.0087422575490083,0.0110056738343226,diatom,p. nitzchia
12,0.0042772299782438,0.0091645834450295,0.0074481631865304,0.0105681273063306,0.0063363944124574,0.0067650929292262,0.0087196226237588,0.0110537700642065,diatom,p. nitzchia
12,0.0041571567944878,0.0089907486769768,0.0075311908758962,0.0105012383710727,0.0061163151018021,0.0066930294505144,0.0088667786903558,0.0110297206256122,diatom,p. nitzchia
12,0.0042372012901936,0.0090293708074892,0.0074896747436467,0.0104343669563271,0.0063132217623239,0.0068531902245762,0.0088328135019723,0.0111018768856407,diatom,p. nitzchia
12,0.0039891192256483,0.0090197148561639,0.0072987594474356,0.0103508023121372,0.0062726732530922,0.0068852309821532,0.0087535756209797,0.010789371745332,diatom,p. nitzchia
12,0.0041171409849903,0.009067997404537,0.0075311908758962,0.0105179589619805,0.006156845807657,0.0064929292229376,0.0085725352020094,0.0110056738343226,diatom,p. nitzchia
12,0.0042852362311875,0.0091066284691532,0.0075727115842877,0.0105681273063306,0.0060642109726168,0.0067971258002887,0.0088667786903558,0.0110778221506882,diatom,p. nitzchia
12,0.0042612179877121,0.0092225484787502,0.0074149572342559,0.0105012383710727,0.0061857991367914,0.0067650929292262,0.0088781012329015,0.0110297206256122,diatom,p. nitzchia
12,0.0042932426559263,0.0087591096333288,0.0075976262062904,0.010384224887584,0.006168426856788,0.0067330629250247,0.0085951595706819,0.0109095131305579,diatom,p. nitzchia
14,0.0063807640344204,0.0105585282731532,0.009329070319236,0.011993676031536,0.0067421601036649,0.0072539060176343,0.0104900443805461,0.0126469155745476,diatom,p. nitzchia
14,0.0064049191059287,0.0105488280136797,0.0095377133673849,0.0120441352356107,0.0070264714731888,0.0073661868881298,0.0106608022738035,0.0127923247713409,diatom,p. nitzchia
14,0.0064773937042015,0.0106749533661696,0.0095627583008976,0.0121114296919306,0.0069220041798721,0.0072619249117028,0.010694964952042,0.0126469155745476,diatom,p. nitzchia
14,0.0064693402758575,0.0107137707506399,0.0093791341122912,0.0121450835731004,0.0068117663899873,0.0074704792476667,0.0107291313320137,0.0127438442839582,diatom,p. nitzchia
14,0.006485447306371,0.0107914190560692,0.0094041685041897,0.0121619121774495,0.0067537602064694,0.007310042049612,0.0106835769813652,0.0126711437202221,diatom,p. nitzchia
14,0.0066707281494095,0.0105391280359161,0.0094208590231502,0.0120273143927659,0.0070090581289867,0.0074223405359514,0.0107063533340226,0.0126953745532845,diatom,p. nitzchia
14,0.0065337725701468,0.0104033579176099,0.0094959755115446,0.0122124046473083,0.0068697820249225,0.0074303632049283,0.0102625109415682,0.0125500298538111,diatom,p. nitzchia
14,0.0066868438758968,0.0106749533661696,0.0094458961882972,0.011993676031536,0.0068001643972689,0.0073501446069085,0.0106038727006348,0.0127923247713409,diatom,p. nitzchia
14,0.0062439148249831,0.0103839666909042,0.0092039399389426,0.0118591668913406,0.0067885627825825,0.0072057964259895,0.0102852568983718,0.0128165690502904,diatom,p. nitzchia
14,0.0066787859256465,0.0107428867498128,0.0095544098047068,0.0121955727144072,0.0067305603787694,0.0074624556793781,0.010751910975576,0.0127923247713409,diatom,p. nitzchia
16,0.0029665233782592,0.0083155833282145,0.0080630018843515,0.0091006038904187,0.0064291000968971,0.0047129677700699,0.0074433815296236,0.0093766708786737,diatom,p. nitzchia
16,0.0032698141282512,0.0083926760427631,0.0081461652189113,0.0091837602515934,0.006481257653603,0.0047607434011256,0.0076124970209681,0.0094244097502033,diatom,p. nitzchia
16,0.0031261193580664,0.008556557166856,0.008270944656598,0.0091006038904187,0.0064522802899654,0.0049519097282758,0.0074321103878715,0.0093766708786737,diatom,p. nitzchia
16,0.0031740114663726,0.0084601467677627,0.0081128976818095,0.0092003947746281,0.0066667686458653,0.0048802103888179,0.0074997432825761,0.0094482830987052,diatom,p. nitzchia
16,0.003046312835261,0.0083734011958698,0.0081628000892957,0.0091504944567472,0.0066841652577838,0.004752780353038,0.0075448399396973,0.0094721590564589,diatom,p. nitzchia
16,0.0032378771744473,0.0081229293548858,0.0083458321641888,0.0090673489285135,0.0063943326365703,0.0047607434011256,0.0076124970209681,0.0093528053545062,diatom,p. nitzchia
16,0.0031261193580664,0.0081903456060366,0.0078801071511809,0.0089343723816253,0.006243712859126,0.0049519097282758,0.0076576098082334,0.0094005390103828,diatom,p. nitzchia
16,0.003046312835261,0.0083926760427631,0.0080463714204579,0.0092003947746281,0.0065797983336375,0.0049997172693177,0.0075899430474916,0.0095438025909355,diatom,p. nitzchia
16,0.0029984371136306,0.0083444910109703,0.0083624758545642,0.0092170303815922,0.0066957634712899,0.0047766700288576,0.0076688890136166,0.0094244097502033,diatom,p. nitzchia
16,0.0030622727743242,0.0082963129295765,0.0081794356943223,0.0093002246802999,0.0064291000968971,0.0049200415818015,0.0074771973724415,0.0093766708786737,diatom,p. nitzchia
18,0.0011439984391074,0.006671967426656,0.0067928870027818,0.007955803557145,0.0053875502270462,0.0033223102399957,0.0062059649980527,0.0080204801384261,diatom,p. nitzchia
18,0.0012233990768002,0.0067486816607045,0.0068094622171803,0.0079723582594939,0.0056303061563076,0.0035047742348433,0.0064081193314108,0.0080204801384261,diatom,p. nitzchia
18,0.0013663628171437,0.006796637006061,0.0070332990260486,0.0081545308703853,0.0055089075032583,0.0034254306324017,0.0062508769841775,0.0081865770917111,diatom,p. nitzchia
18,0.0012392812320924,0.0068829739824503,0.007091352509866,0.0079889140353945,0.0056360880771038,0.003592072519335,0.0064530601226579,0.0080916490835905,diatom,p. nitzchia
18,0.0011201815421981,0.0066911443333788,0.0069337995786661,0.008055147877298,0.0053759945481649,0.0035206450664072,0.0064418243243403,0.0081153772186543,diatom,p. nitzchia
18,0.0012551640634368,0.0069021630083259,0.006544346269063,0.0080717090230458,0.0051911546722379,0.0033461046165377,0.0060824900107471,0.008044200544036,diatom,p. nitzchia
18,0.001429919844134,0.0067103223412102,0.0067928870027818,0.0081048345378431,0.0055262476340459,0.003465100234813,0.0064642963213604,0.008067923525571,diatom,p. nitzchia
18,0.0011439984391074,0.0069021630083259,0.0066023244408044,0.0078399506884559,0.0052315801965902,0.0032430070750305,0.0061835114036507,0.0081153772186543,diatom,p. nitzchia
18,0.0011439984391074,0.0067774540416759,0.0069586719766783,0.0079723582594939,0.0053759945481649,0.0034889041070544,0.0063407201520905,0.0080916490835905,diatom,p. nitzchia
18,0.0012948740999037,0.0067103223412102,0.0068509034443648,0.007922697372545,0.0052951152951926,0.0035444526334678,0.0060937130118001,0.0081865770917111,diatom,p. nitzchia
20,0.0065982159926389,0.0093675050890398,0.0091288816578236,0.0102338577434402,0.0081951097877442,0.008764625267434,0.0098192924289865,0.0100459663039605,diatom,p. nitzchia
20,0.0066787859256465,0.0093965039619045,0.0092289626899028,0.0102338577434402,0.0083698628491664,0.0089579428666286,0.0099442397130504,0.0101177983017305,diatom,p. nitzchia
20,0.0067271362376121,0.009357839357555,0.0091872590283757,0.0102839702850055,0.0084106509075763,0.0087565726331518,0.0100465061488188,0.0100938516779466,diatom,p. nitzchia
20,0.0067674329507893,0.0095512071533222,0.0091538994231237,0.0102839702850055,0.008463099563522,0.0089740573810942,0.009842006434619,0.0101896539271523,diatom,p. nitzchia
20,0.0065740484048741,0.0093868373911983,0.0093207270005793,0.0103173841116595,0.0082067573238679,0.0088209987812478,0.010035141573443,0.0100699076788817,diatom,p. nitzchia
20,0.0066868438758968,0.0094255053527245,0.0091122040706622,0.0103006766516761,0.0081776391979367,0.0089579428666286,0.0100010503047132,0.010141747550809,diatom,p. nitzchia
20,0.0064290757412598,0.0093191792285345,0.0091789188500898,0.0101503586937391,0.0084805841658335,0.0088934920636348,0.0096262894149528,0.0099262987713871,diatom,p. nitzchia
20,0.0066223851458479,0.0094545092619373,0.0094208590231502,0.0104009378162787,0.0082067573238679,0.0090465816766503,0.0098647220765893,0.010141747550809,diatom,p. nitzchia
20,0.0065821040935366,0.0094835156899802,0.0091122040706622,0.0104009378162787,0.0082125812348147,0.0089740573810942,0.0098192924289865,0.010141747550809,diatom,p. nitzchia
20,0.0067593732599918,0.0094158379426513,0.0092122806712398,0.0102171557485904,0.0082475267010808,0.0088612710141447,0.0098192924289865,0.0101896539271523,diatom,p. nitzchia
25,0.0052793453555469,0.0081325594148372,0.0060394852695026,0.0080717090230458,0.0057459624152016,0.0062049813024012,0.0063519523482286,0.0081391079313222,diatom,p. nitzchia
25,0.0055604206346023,0.0082674094160977,0.0060891137347849,0.0082042368786908,0.0059831752571939,0.0063169335214774,0.0063631849444948,0.0082103155405527,diatom,p. nitzchia
25,0.0055443534849938,0.0082674094160977,0.0061139304195869,0.0080717090230458,0.0060179025912212,0.0064849275404513,0.0063631849444948,0.0083052951399838,diatom,p. nitzchia
25,0.0050065033940109,0.0080458988692354,0.0061470218761217,0.0082208076989469,0.00595423839927,0.0062609530344086,0.0062508769841775,0.0081865770917111,diatom,p. nitzchia
25,0.005496156186933,0.0082096098916746,0.0061801162399427,0.0081545308703853,0.0059310906060294,0.0064849275404513,0.0063407201520905,0.0081628412221544,diatom,p. nitzchia
25,0.0052954010975103,0.0082288752884787,0.0062380383738231,0.0080882712431811,0.0059889629109923,0.0063169335214774,0.0065092451205888,0.0082340565692399,diatom,p. nitzchia
25,0.0055443534849938,0.0083348548387237,0.0060891137347849,0.0082705266141324,0.0058095893745142,0.00633292955481,0.0064418243243403,0.0081865770917111,diatom,p. nitzchia
25,0.005399780263893,0.0083348548387237,0.0062711407353153,0.008253952566528,0.0060005385008274,0.0064529225994113,0.0063407201520905,0.0082103155405527,diatom,p. nitzchia
25,0.005351601635699,0.0081229293548858,0.0061552951944989,0.0081545308703853,0.0058327292699228,0.0064129204475475,0.0065654401317074,0.0082578001783335,diatom,p. nitzchia
25,0.0053837200299431,0.0082866781471692,0.006196664512245,0.0083036779376676,0.0057980199907239,0.0062449602177241,0.0064755329204761,0.0081391079313222,diatom,p. nitzchia
30,0.0033017538158567,0.0106749533661696,0.0099135623249891,0.0113218379012251,0.0067363601939801,0.0054302727637497,0.0090140034659025,0.0115112131618436,diatom,p. nitzchia
30,0.0034215520002895,0.0106555463655366,0.0100556473615664,0.0113553878509659,0.0067537602064694,0.0055499634948433,0.0091726301380017,0.0116558681115615,diatom,p. nitzchia
30,0.0035653606112688,0.0107914190560692,0.0102061487797643,0.0114392820195711,0.0069220041798721,0.0056776777442874,0.0090026760423368,0.0115835286632765,diatom,p. nitzchia
30,0.0034535046798467,0.0107331811347395,0.0101476133050478,0.011388942210242,0.0069684303040354,0.0054302727637497,0.009138631989707,0.0116558681115615,diatom,p. nitzchia
30,0.0034934493775437,0.0108302499791263,0.0096379030939835,0.011271521241958,0.0066609699641042,0.0056377621453004,0.0091046375067833,0.0114148297165342,diatom,p. nitzchia
30,0.0034215520002895,0.0108496671336997,0.0100974472797556,0.0114057210438181,0.0069452164852734,0.0055419828673032,0.0091046375067833,0.0116558681115615,diatom,p. nitzchia
30,0.0035413886600895,0.010772005287323,0.0099971352675276,0.0114896317568776,0.0068639800360274,0.0055180420524008,0.0092746465830177,0.0116317523003928,diatom,p. nitzchia
30,0.0033257103758997,0.0109079253711739,0.010172698823267,0.0115064172095406,0.0068987933876343,0.0055739064452925,0.0092406374338661,0.0115835286632765,diatom,p. nitzchia
30,0.0035893341026494,0.0108787949822348,0.0100305696369064,0.0112212144976292,0.0065855956936002,0.0053983619947572,0.0090819765540945,0.0113666539361537,diatom,p. nitzchia
30,0.0034854600958986,0.0107622988260881,0.0102061487797643,0.0114896317568776,0.006956823205472,0.0054861234569096,0.0092746465830177,0.0116317523003928,diatom,p. nitzchia
35,0.0052552630379303,0.0112479677656997,0.0098801383389549,0.0122124046473083,0.0072935827801648,0.0059092760497466,0.0097398062920306,0.0127923247713409,diatom,p. nitzchia
35,0.0053275146542305,0.0114910673181141,0.0101643367982406,0.012296580961891,0.007496953965042,0.006125036867171,0.0098760805112747,0.0127923247713409,diatom,p. nitzchia
35,0.0052552630379303,0.0114618860278764,0.0101643367982406,0.0123302592604934,0.007502766277508,0.0060850713452692,0.0098533640510471,0.0128165690502904,diatom,p. nitzchia
35,0.0053676604872316,0.0113743574511182,0.0100472879345085,0.012397629188892,0.0075202037842086,0.0060930640926193,0.0098533640510471,0.0128893180353387,diatom,p. nitzchia
35,0.0053275146542305,0.0111119092622996,0.0099804191956192,0.0121619121774495,0.0072877738813793,0.0056856613983328,0.0096489895212261,0.0127196080743311,diatom,p. nitzchia
35,0.0055202540577509,0.0113062955237442,0.0100556473615664,0.012448168304604,0.0073110100451556,0.0059652015504564,0.0098760805112747,0.012937830821514,diatom,p. nitzchia
35,0.005351601635699,0.0115299796714289,0.0101643367982406,0.0122797434784761,0.0073865380515986,0.005957211658137,0.0097398062920306,0.0128893180353387,diatom,p. nitzchia
35,0.0052472359441161,0.0112965735233564,0.0098049452121324,0.0124144744491789,0.0072006517699313,0.0059332430513767,0.0096830427450891,0.0128893180353387,diatom,p. nitzchia
35,0.005014525310558,0.0110924768568776,0.0099553464785476,0.012347100075974,0.007380727636117,0.0060531021407809,0.0099669627214595,0.0128650656816917,diatom,p. nitzchia
35,0.00530342922758,0.0115299796714289,0.0099553464785476,0.0123302592604934,0.0075376421449284,0.005957211658137,0.0098874393551332,0.0127923247713409,diatom,p. nitzchia
40,0.0133044236684994,0.015198296036497,0.0127654960869043,0.0137657093187305,0.011941905090409,0.0123661487921613,0.0120988311917327,0.0149117077230472,diatom,p. nitzchia
40,0.0133372340108277,0.0153950758367507,0.0129929013125093,0.0137657093187305,0.0121597270122261,0.0123498808200815,0.0121217100065775,0.0149117077230472,diatom,p. nitzchia
40,0.0134356823521042,0.0152278056167874,0.0129676272847206,0.0139690128072247,0.0121832833117005,0.0125776997485174,0.0122017989339615,0.0149606717656706,diatom,p. nitzchia
40,0.0134028633521225,0.0151786244313143,0.0129507788749064,0.0137995819925476,0.0119536758421746,0.0123905521368714,0.0122704627805044,0.0150586327876038,diatom,p. nitzchia
40,0.0135095356580647,0.0153557106009233,0.0129760517722327,0.0139351176475646,0.0121538381808566,0.0125451453070789,0.0122246852214731,0.0150586327876038,diatom,p. nitzchia
40,0.0135095356580647,0.0154049178706765,0.0129592029856146,0.0139690128072247,0.0121361722710946,0.0123905521368714,0.0123391415826896,0.0150586327876038,diatom,p. nitzchia
40,0.0134356823521042,0.015257317804507,0.0127486567153304,0.0137657093187305,0.012165615940992,0.012463772156571,0.0122132418700754,0.0150341384134961,diatom,p. nitzchia
40,0.0134110678314988,0.0154049178706765,0.013068733572084,0.0137657093187305,0.0119360198604439,0.0126183969650075,0.0121789143074643,0.0150586327876038,diatom,p. nitzchia
40,0.0133044236684994,0.015463976165287,0.0129423549525875,0.0139690128072247,0.0121243954848429,0.0124230925184733,0.0121789143074643,0.0150341384134961,diatom,p. nitzchia
40,0.0135259494891595,0.0154442889067685,0.0128918153743777,0.0137149087331117,0.0118242189695226,0.0123986869548992,0.0121102703916488,0.0149851579031451,diatom,p. nitzchia
45,0.0125342100119391,0.0143142188017028,0.0122017865326556,0.013359587392268,0.0110543351896878,0.0118378178491633,0.0116073377704756,0.0142761718650938,diatom,p. nitzchia
45,0.0127716595770948,0.0144908471423073,0.0125045703836626,0.0135456464169034,0.0112598664189347,0.0118621851937961,0.011744421676433,0.0143494086345958,diatom,p. nitzchia
45,0.0126979521606126,0.0143730845375441,0.0123447374675937,0.0132919631703813,0.0112598664189347,0.0120084241127845,0.0116073377704756,0.0142029596401165,diatom,p. nitzchia
45,0.0127307092148489,0.0143730845375441,0.0124877426721405,0.013477972899692,0.011248118580687,0.0120734383736848,0.0118701342997103,0.0143494086345958,diatom,p. nitzchia
45,0.0124851013760033,0.0141278790525714,0.0124877426721405,0.0132074580747154,0.0111658945642061,0.0121222068212232,0.0115045639376245,0.0144226699650851,diatom,p. nitzchia
45,0.0126897633463712,0.0141082703882102,0.0121177230816577,0.0133934062215909,0.0111835123979155,0.0116754112701474,0.0117558480258773,0.0144715245052082,diatom,p. nitzchia
45,0.0125833251120892,0.0143534614728361,0.0124372640475474,0.0135964133296452,0.0113244864587176,0.0120490566417746,0.011744421676433,0.0143005813936124,diatom,p. nitzchia
45,0.0127061411545732,0.014441774344326,0.0124456766819063,0.0135118074159678,0.0113303615893681,0.0120896937844798,0.0116987204188629,0.0143494086345958,diatom,p. nitzchia
45,0.0127962319518614,0.0145497440185488,0.0123699697355203,0.013579489903688,0.0112833632583203,0.0120896937844798,0.0116073377704756,0.0143982467915732,diatom,p. nitzchia
45,0.0126897633463712,0.0143436503727928,0.0124877426721405,0.0133426796574239,0.0110895606898649,0.0115942356093687,0.0116301809498281,0.0141297719432177,diatom,p. nitzchia
50,0.0123214525870368,0.0138142784809274,0.0123447374675937,0.013647190339562,0.0115007825617582,0.0119271728917606,0.0125796352601413,0.0143982467915732,diatom,p. nitzchia
50,0.0120270655163658,0.0137261313457865,0.0121009126424208,0.0137487746669923,0.0112657404834151,0.0121791117438738,0.0123963853469943,0.0143005813936124,diatom,p. nitzchia
50,0.0122232977542017,0.0139514425021034,0.0123447374675937,0.0134610573229301,0.0117712729029643,0.011984046809538,0.0125223582212282,0.014593708677111,diatom,p. nitzchia
50,0.0123705396878753,0.0140200456416793,0.012327916894577,0.0136641182540452,0.0117948035161208,0.0120084241127845,0.0126713001689749,0.0145203899735364,diatom,p. nitzchia
50,0.0124605494815841,0.0139514425021034,0.0123699697355203,0.0136302635474335,0.0115654463433855,0.0120571837011849,0.0125109040618629,0.0143494086345958,diatom,p. nitzchia
50,0.012591511590699,0.0138632591653137,0.0125382280620962,0.0138503994313616,0.0114772713706706,0.0120653109451522,0.0126369227053041,0.0144470958694266,diatom,p. nitzchia
50,0.0125996982489255,0.0138730561641939,0.0126308021875176,0.0137826450938659,0.0115007825617582,0.0121791117438738,0.0127629917333019,0.0145203899735364,diatom,p. nitzchia
50,0.0124932856998277,0.0138338698927464,0.0123952036937304,0.0137487746669923,0.0117536259635417,0.0121953719552217,0.0126369227053041,0.0144715245052082,diatom,p. nitzchia
50,0.0125342100119391,0.0138926510240921,0.0126476362912614,0.013681047291032,0.0117300980714063,0.0121872417572022,0.0126942205604986,0.0145203899735364,diatom,p. nitzchia
50,0.0123541766033969,0.014029847240562,0.012462502514287,0.013647190339562,0.0117183347083216,0.0121791117438738,0.0126483814434194,0.0144715245052082,diatom,p. nitzchia
60,0.0075581283705737,0.007661012695855,0.0058741042586542,0.006601958047307,0.0045449697099709,0.0047766700288576,0.0049845691660571,0.0068849190356048,diatom,p. nitzchia
60,0.0077681862489312,0.0078534003426117,0.0059237109384333,0.0066184251897118,0.0046718063799921,0.0048722446821569,0.0050516790579892,0.0069085164512637,diatom,p. nitzchia
60,0.0075581283705737,0.0076994813609478,0.0059650548291531,0.0067831550587547,0.0046718063799921,0.0049439424256184,0.0050404930840606,0.0070265417797871,diatom,p. nitzchia
60,0.0078490092391753,0.0077283357676264,0.0060394852695026,0.0066678329908243,0.0046026171407614,0.0049120749885548,0.0050069375430432,0.0069557189309742,diatom,p. nitzchia
60,0.0076873807619336,0.0078245351301289,0.0060229439006402,0.0066513626613334,0.0048217625374367,0.0047766700288576,0.005163560628213,0.0070737697715936,diatom,p. nitzchia
60,0.0075823597837265,0.0077668121878284,0.0061222030111904,0.0067996338931761,0.00453344134373,0.0050395617658248,0.0051523706846004,0.0069793239961276,diatom,p. nitzchia
60,0.0078085955556735,0.0078534003426117,0.0059733241518549,0.0066348933943416,0.0047121729793033,0.0049598772083057,0.0050628654287595,0.0069085164512637,diatom,p. nitzchia
60,0.0078005133442147,0.0078630226344839,0.0059650548291531,0.006601958047307,0.0047525441555118,0.0049598772083057,0.0052083243741787,0.0070501544993961,diatom,p. nitzchia
60,0.0076389058681401,0.007843778327939,0.0059237109384333,0.0066348933943416,0.004833300242773,0.0050634705931776,0.0052083243741787,0.0070737697715936,diatom,p. nitzchia
60,0.0078166779422028,0.0078534003426117,0.0061387487394499,0.0067831550587547,0.0047929199096556,0.0048802103888179,0.0051523706846004,0.0070029316122148,diatom,p. nitzchia
70,0.0081482066191591,0.0065377599000184,0.0057583807381149,0.0061741847374008,0.004504622061041,0.0046811208921856,0.0052978709352501,0.0065077066384036,diatom,p. nitzchia
70,0.0083909753379327,0.0065665141163472,0.0057914409735546,0.0062235066312693,0.0044815683142581,0.0047448174821257,0.0055442551840914,0.0066019486913105,diatom,p. nitzchia
70,0.0084314521520598,0.0066336169160303,0.0060560273647716,0.0062892839822767,0.004694872447794,0.0046970439768878,0.005499443725755,0.0066726569214957,diatom,p. nitzchia
70,0.0083262215670553,0.0067678629726203,0.0058079721794186,0.0062563931883398,0.0047698474895209,0.0048722446821569,0.005286676224296,0.0065783843662512,diatom,p. nitzchia
70,0.0084395480418222,0.0065473443637491,0.0057914409735546,0.0063057309684112,0.0047121729793033,0.0049439424256184,0.0054882418561674,0.0066726569214957,diatom,p. nitzchia
70,0.0081482066191591,0.0065569291025202,0.0060394852695026,0.0063221790141719,0.004694872447794,0.0049280083523891,0.0053314574529959,0.0066490849683841,diatom,p. nitzchia
70,0.0083181281357812,0.0067870453861508,0.0059567856879812,0.0063879817962064,0.0047756154543925,0.0049120749885548,0.0054322384767947,0.0066019486913105,diatom,p. nitzchia
70,0.0081482066191591,0.0066623793861708,0.0058079721794186,0.0063386281196951,0.00453344134373,0.0046811208921856,0.005387442933879,0.0066962314183891,diatom,p. nitzchia
70,0.0083181281357812,0.0065665141163472,0.0057418517084118,0.0062563931883398,0.0047064060420649,0.0049678448657159,0.0053314574529959,0.0066019486913105,diatom,p. nitzchia
70,0.0080915833052547,0.0067103223412102,0.0060064032581206,0.0060262762019516,0.0045622629592275,0.004442359596388,0.0051971328419036,0.0064370517700447,diatom,p. nitzchia
80,0.0109088781586126,0.0095415361043067,0.0075145838739159,0.0068325947533581,0.006035267528458,0.0056297795596954,0.0054882418561674,0.0068377318499261,diatom,p. nitzchia
80,0.0109251779823621,0.0095898941498673,0.00758932114919,0.0069644807654272,0.0061394749402063,0.0057096134291083,0.005499443725755,0.0069321164162032,diatom,p. nitzchia
80,0.011202383984848,0.0095125246372908,0.0077305320283832,0.0069315028745095,0.006058422095561,0.0054941028389085,0.00570114545867,0.0069085164512637,diatom,p. nitzchia
80,0.0110800618316717,0.0094931850591434,0.0078136219862272,0.0068490767793934,0.0062668809858544,0.00574155196393,0.0055554590438134,0.0066962314183891,diatom,p. nitzchia
80,0.0109251779823621,0.0097833963766454,0.0074730695718407,0.0067337249365211,0.0058905855885806,0.0056138149226143,0.0053314574529959,0.0068849190356048,diatom,p. nitzchia
80,0.0111779163459381,0.0095608784823697,0.0076225424762854,0.0068820440240396,0.006058422095561,0.0056297795596954,0.0055330517224528,0.0069321164162032,diatom,p. nitzchia
80,0.0109088781586126,0.0097543638950504,0.0076308482658753,0.0069974629167793,0.0062784656145585,0.0059012874058617,0.0057347749618094,0.0068377318499261,diatom,p. nitzchia
80,0.0110963691353456,0.0096285856279644,0.00758932114919,0.0069479912874828,0.0063248078988787,0.0056776777442874,0.0056563116997358,0.0068849190356048,diatom,p. nitzchia
80,0.0108355377620387,0.0093191792285345,0.007772074716306,0.0066678329908243,0.0060642109726168,0.0056696942683352,0.00537624504244,0.0069321164162032,diatom,p. nitzchia
80,0.0111045230544531,0.0095318653353071,0.0077305320283832,0.0068655598695748,0.0060642109726168,0.0057016292407354,0.0056226905634824,0.0069321164162032,diatom,p. nitzchia
90,0.0158805929197647,0.0197039723276792,0.0185862716472887,0.0173299336379308,0.0151817329562319,0.0135557125225057,0.0161165275515779,0.0180180784811317,diatom,p. nitzchia
90,0.0161780372878381,0.0197338827037503,0.0186119254983803,0.0175189099100794,0.0152648896999079,0.0136128458512916,0.0161628736714604,0.0181919566558412,diatom,p. nitzchia
90,0.0160540733174507,0.019843577004445,0.0187487755522853,0.0173299336379308,0.0151698550066535,0.0138006338896211,0.016301952917729,0.0180429097485923,diatom,p. nitzchia
90,0.0160127611444104,0.0198934499621312,0.0183041945350948,0.0172097488012988,0.0154490916318481,0.0136291713349048,0.0160701882427939,0.0181174204906882,diatom,p. nitzchia
90,0.0158062688618037,0.0196242244172425,0.0186803443106667,0.017381458750054,0.0149917332956399,0.0135067483561942,0.0162903606372162,0.0179187816270356,diatom,p. nitzchia
90,0.0159053708960647,0.0195345307719022,0.0185007714262169,0.0173986360985675,0.0154490916318481,0.0137271398785392,0.0159080542705601,0.0179187816270356,diatom,p. nitzchia
90,0.0159879760359419,0.0199533073429903,0.0187573303316499,0.0173642825572137,0.0154312614730772,0.0137271398785392,0.0161860492861894,0.0180925807527286,diatom,p. nitzchia
90,0.0160292854647471,0.019713942155428,0.0188856753415885,0.017381458750054,0.0152945932441936,0.0137026452283244,0.0161628736714604,0.0181422630534317,diatom,p. nitzchia
90,0.0157402154589091,0.0196341918648119,0.0188600028409919,0.0173127609111773,0.0149145748848979,0.0138496382830029,0.0159080542705601,0.0181671084416018,diatom,p. nitzchia
90,0.0156329036123475,0.0196740646298695,0.0183811037106488,0.0174501750797025,0.0153302407685518,0.0136863163928382,0.0162903606372162,0.0180180784811317,diatom,p. nitzchia
100,0.0178929592086476,0.0198834747748203,0.0186033740205571,0.017381458750054,0.0167531107967428,0.0146182511046566,0.014983170345575,0.0181422630534317,diatom,p. nitzchia
100,0.0178680488963998,0.0199632846161318,0.0186033740205571,0.0174673570524643,0.016944052941284,0.014724678671686,0.0152141371197852,0.0182913777863547,diatom,p. nitzchia
100,0.0177269218645787,0.0197937114925954,0.0188257755616663,0.0172612496606037,0.0166934623695683,0.0148393283803206,0.0152487967324667,0.0181422630534317,diatom,p. nitzchia
100,0.0179510897387299,0.0201329438752692,0.0185862716472887,0.0176048544798811,0.0167650416813755,0.0146264367170377,0.0150524426155003,0.0182416615651,diatom,p. nitzchia
100,0.0179427848228009,0.0200630737430728,0.0187402209671995,0.0174329942632362,0.0168187356100732,0.014716490812028,0.0150062594113089,0.0182168076967928,diatom,p. nitzchia
100,0.0180341490662109,0.020162892692532,0.0187060045694687,0.0175876632511493,0.0169619590182225,0.0147656207800792,0.0151679302284286,0.0183162401405896,diatom,p. nitzchia
100,0.0182086338597114,0.0199632846161318,0.0186033740205571,0.0174158146029097,0.0169858351883209,0.0147083031396902,0.0150986325849747,0.0181671084416018,diatom,p. nitzchia
100,0.0181089182725509,0.01999321822391,0.0188942332306159,0.017501724467497,0.0167650416813755,0.0148557099087579,0.0151217301073125,0.0181671084416018,diatom,p. nitzchia
100,0.0177933279363077,0.0199632846161318,0.0185948227368628,0.0173642825572137,0.0165920829706017,0.0147901882935062,0.0147523726291858,0.017993250035887,diatom,p. nitzchia
100,0.0180673779748891,0.0200630737430728,0.0187744404732512,0.0175189099100794,0.0169977738737934,0.0148065675727634,0.0150524426155003,0.0181671084416018,diatom,p. nitzchia
2,0.0061131673252439,0.0054383085182337,0.0059396593374286,0.0063310863124129,0.0050461139391253,0.0061302642462925,0.0054547669534267,0.0048387761126162,dinoflagellate,t. tetrahele
2,0.0063009870814537,0.0054567873112841,0.0059880416197691,0.0063310863124129,0.0050964890042427,0.0063929564831689,0.0055745036973039,0.0048387761126162,dinoflagellate,t. tetrahele
2,0.0061444640532542,0.0055584389514311,0.0060928912214623,0.0064430697960704,0.005208459116488,0.0060916492926284,0.005705177477066,0.0048840185431912,dinoflagellate,t. tetrahele
2,0.0063322995678081,0.0054567873112841,0.0060041704282648,0.0063630765815087,0.0050573077821398,0.0062229571376956,0.0054983023269456,0.0048613961566696,dinoflagellate,t. tetrahele
2,0.0063714438713345,0.0056416314922654,0.0059961059376928,0.0063310863124129,0.0049957460000337,0.0062693125877581,0.0055091871095917,0.0049971656298093,dinoflagellate,t. tetrahele
2,0.0062853318236137,0.0056693669445795,0.0061897013793734,0.0064590714471575,0.0051916613547673,0.0064084149740557,0.0055853911108041,0.0048387761126162,dinoflagellate,t. tetrahele
2,0.0063557856571313,0.0055491966147453,0.0060041704282648,0.006491077758512,0.0052980605653182,0.0060916492926284,0.0054438840491837,0.0048387761126162,dinoflagellate,t. tetrahele
2,0.0063557856571313,0.0054567873112841,0.0060686925690685,0.0063950708596613,0.0051076844310924,0.0063929564831689,0.0054765338888249,0.0049971656298093,dinoflagellate,t. tetrahele
2,0.0062227173598834,0.005613898342891,0.0059638497018143,0.0063950708596613,0.0050573077821398,0.0063311291958585,0.0054765338888249,0.0048840185431912,dinoflagellate,t. tetrahele
2,0.0061835886551315,0.0056416314922654,0.005891283268566,0.0063150926809473,0.0051300763408868,0.0060993719500535,0.0055962789002443,0.0049292703455798,dinoflagellate,t. tetrahele
4,0.0119005270876138,0.010671489214936,0.0103109879183671,0.0096311202899777,0.0093479776977725,0.0097866030940359,0.0097610948854868,0.0084651097322789,dinoflagellate,t. tetrahele
4,0.0121866982376021,0.0108686332225229,0.0103109879183671,0.0096473230216929,0.0096256642829566,0.0098100120126241,0.0098383335533926,0.0084421134613749,dinoflagellate,t. tetrahele
4,0.0119720493015107,0.010540124493044,0.010188648117238,0.0094529580772572,0.0091667481825507,0.0095525980826214,0.0099155911460496,0.0086261514463543,dinoflagellate,t. tetrahele
4,0.0118369632936223,0.0104650821281821,0.0104660087274864,0.0098418360537197,0.0095179641849524,0.009880247956664,0.0097941948550104,0.0086031382174417,dinoflagellate,t. tetrahele
4,0.0119164197281861,0.010906197658743,0.0104986528180984,0.0096959373876753,0.0093253189631652,0.0100519938708219,0.0097610948854868,0.0084881084242251,dinoflagellate,t. tetrahele
4,0.0117098681814823,0.0108874149125382,0.0102457350798932,0.0098418360537197,0.0091610862462766,0.0097163855237429,0.0095515423953939,0.0084191196110038,dinoflagellate,t. tetrahele
4,0.0121230856786325,0.0107747406111324,0.0105802754234792,0.0098256209727536,0.0092969975724915,0.0097709979989036,0.0099266294904191,0.0086261514463543,dinoflagellate,t. tetrahele
4,0.0120594839627899,0.0108780239355142,0.010425207592046,0.0096797315704111,0.0093083258584363,0.0098334224624579,0.0097610948854868,0.0085341130732843,dinoflagellate,t. tetrahele
4,0.0120753833754096,0.0108310730105857,0.0104170478952579,0.0096473230216929,0.0094499598513699,0.0099036630014371,0.0099045531880889,0.0086031382174417,dinoflagellate,t. tetrahele
4,0.0120912834655514,0.0106808743866719,0.0103762520623964,0.0095987179111824,0.0093366481502256,0.0098100120126241,0.0099045531880889,0.0086031382174417,dinoflagellate,t. tetrahele
6,0.0122264615948763,0.0141810985636025,0.0124214754728312,0.0115501766173662,0.009931937282774,0.0106850424038063,0.0120531835693351,0.0104983206678487,dinoflagellate,t. tetrahele
6,0.0124173847179069,0.0141336810555657,0.0126348175915303,0.0117134735029292,0.0099149152029094,0.0108650012359725,0.0120198456257928,0.0106376402358681,dinoflagellate,t. tetrahele
6,0.0120594839627899,0.0140293862274584,0.0121918574697696,0.011354358128621,0.0098241445181183,0.0106928648195024,0.0122199261792315,0.0105215344264647,dinoflagellate,t. tetrahele
6,0.012528801671155,0.0143423684627293,0.0125281314285605,0.0115828276395599,0.0099149152029094,0.0108180467289901,0.0123088916382553,0.0106376402358681,dinoflagellate,t. tetrahele
6,0.0123457770979774,0.0142474943861648,0.0127004856365619,0.0114522485984496,0.0097617530927927,0.0107867471464258,0.0122310454889762,0.0103822888622579,dinoflagellate,t. tetrahele
6,0.0124332993887546,0.0144182871320639,0.0124624934205342,0.0116154828381444,0.0101930444611793,0.0106693980853239,0.0120642970005127,0.0105215344264647,dinoflagellate,t. tetrahele
6,0.0124969648609564,0.0143708359415566,0.0126430254711293,0.0116154828381444,0.0102100798430433,0.0108884807998128,0.0120642970005127,0.0106376402358681,dinoflagellate,t. tetrahele
6,0.0120356361140882,0.0142285228043075,0.0122246514733909,0.0117624829432688,0.0101192338899431,0.010575546532765,0.0122644057710747,0.0103822888622579,dinoflagellate,t. tetrahele
6,0.0123935139843023,0.0141905828730689,0.0126512335295783,0.0116481422141881,0.0099205891391123,0.0107163330925001,0.0120531835693351,0.0105215344264647,dinoflagellate,t. tetrahele
6,0.0123457770979774,0.0141336810555657,0.0127004856365619,0.0117461454177659,0.0099035676017451,0.010935444549202,0.0121865706024744,0.0105215344264647,dinoflagellate,t. tetrahele
8,0.0221311195512454,0.0198434568228849,0.0187330560931483,0.0181314180053795,0.0177104510976521,0.0187381024247065,0.0177498582921522,0.0172879559543541,dinoflagellate,t. tetrahele
8,0.0221311195512454,0.0197952286538171,0.0188081393091928,0.0181146677942928,0.0177568499972959,0.0188101127372794,0.0179309637003277,0.017455637472182,dinoflagellate,t. tetrahele
8,0.0220902866010409,0.0199881831272941,0.0187247144373353,0.0182654592723217,0.0177742511436043,0.0186901035979309,0.0178064425589803,0.0174316750879919,dinoflagellate,t. tetrahele
8,0.0221801249906778,0.0197373640417184,0.0185579201012951,0.0181146677942928,0.0177046516603072,0.0187701052193006,0.0179196415643437,0.0172879559543541,dinoflagellate,t. tetrahele
8,0.0222781551824539,0.019833810631947,0.0189917390888847,0.0183325063063057,0.0179657199017361,0.0187861076898126,0.0179196415643437,0.017455637472182,dinoflagellate,t. tetrahele
8,0.0223271799381809,0.0200364391678749,0.0188748925119829,0.0181649217248744,0.0177104510976521,0.0188501247281207,0.0178630369818287,0.0174316750879919,dinoflagellate,t. tetrahele
8,0.0222536452198674,0.019930285080005,0.0187080316798597,0.0181146677942928,0.0179367028647539,0.0188821375419268,0.0177272274282902,0.017455637472182,dinoflagellate,t. tetrahele
8,0.0221964615675325,0.0200557435364099,0.0188498586746605,0.01834927081642,0.017814857125817,0.0189781931681014,0.0179875804792588,0.0173598037021651,dinoflagellate,t. tetrahele
8,0.0223762111360573,0.0198723970673294,0.0190251304834955,0.01834927081642,0.017791653140374,0.0187541034642866,0.0178177606309517,0.0173598037021651,dinoflagellate,t. tetrahele
8,0.0224252487777761,0.0199399340576111,0.0189416575462517,0.0181314180053795,0.0179541128031727,0.018898145022717,0.0177045981885753,0.0173119025781381,dinoflagellate,t. tetrahele
10,0.0253628874271655,0.0225359600435579,0.0212019449475606,0.0187855349315746,0.0198394145748304,0.0210657542861009,0.020112381207109,0.0181516924677338,dinoflagellate,t. tetrahele
10,0.0256101117495419,0.0226429456457799,0.0213951162969127,0.0189703328710117,0.0199969745842605,0.0210577018330028,0.0201579882693549,0.0183440985796986,dinoflagellate,t. tetrahele
10,0.0254205584527301,0.0226915867958068,0.021277521939426,0.018953527529717,0.019804410705799,0.0212268414075616,0.0202492221883402,0.0181757339661623,dinoflagellate,t. tetrahele
10,0.0255606537789881,0.0226137643555423,0.021227135593396,0.0189703328710117,0.020020322738728,0.0212429541082692,0.0202492221883402,0.0181757339661623,dinoflagellate,t. tetrahele
10,0.0256513317333778,0.0223901257905754,0.0209836965541278,0.0187687417500401,0.0199211036541603,0.0208403540571425,0.0200781802389044,0.0180555529237682,dinoflagellate,t. tetrahele
10,0.0255936250309415,0.0226915867958068,0.0214623295585803,0.0188527187062216,0.0199969745842605,0.0210415974703259,0.0203518919106517,0.0181997781107301,dinoflagellate,t. tetrahele
10,0.0256348431934029,0.0227402350304938,0.0213027176400714,0.0188359211049926,0.0199911377848587,0.0211301804341969,0.0203633017214417,0.0182238249020197,dinoflagellate,t. tetrahele
10,0.0254699978559297,0.0223026557928777,0.0211095936561649,0.0186512203988513,0.0199327750527093,0.0209610865252128,0.0203290735276007,0.018247874340614,dinoflagellate,t. tetrahele
10,0.0253546494368287,0.0224484518510221,0.0212187385242719,0.0186344360497321,0.0196236121823197,0.0213074121662951,0.0198958377003238,0.0181757339661623,dinoflagellate,t. tetrahele
10,0.0253381740017757,0.0227694273728014,0.0214539272449755,0.0188527187062216,0.0200086484701159,0.0210496495610804,0.0201351839136602,0.0181757339661623,dinoflagellate,t. tetrahele
12,0.0263940711770281,0.0243887265314904,0.0219668116620973,0.0199806831462936,0.0233572948484571,0.0243826200266339,0.021391879086768,0.0191878735771496,dinoflagellate,t. tetrahele
12,0.0263610291211906,0.0244082841017207,0.0222698255457735,0.0202170079972466,0.023333726854836,0.0246753304451104,0.0216209082060098,0.0193570203724761,dinoflagellate,t. tetrahele
12,0.0265014780707854,0.0244278428172092,0.02225298504495,0.0201663485383672,0.0236461294448241,0.0246753304451104,0.0214033265926616,0.0192603490244,dinoflagellate,t. tetrahele
12,0.0263445091904637,0.024476744617314,0.0220677892091849,0.0201156991299707,0.0234869467056447,0.0246183957777188,0.0215865432312002,0.0193328485245676,dinoflagellate,t. tetrahele
12,0.0265180049528053,0.0246039228153532,0.0221772121067905,0.0202170079972466,0.0235223144980882,0.0246753304451104,0.0214720203570058,0.0192120293880052,dinoflagellate,t. tetrahele
12,0.0264684265026523,0.0245060891344254,0.0219920535112916,0.0199806831462936,0.0235576858040049,0.0245777337028347,0.0215178245154322,0.0192845128511211,dinoflagellate,t. tetrahele
12,0.0265675899914565,0.0245550023928125,0.0221351226152153,0.0199638111678197,0.0234103285385236,0.0244557751902533,0.021529276594757,0.0193086793509799,dinoflagellate,t. tetrahele
12,0.0264353778619628,0.0245647859041212,0.0221098711774745,0.0201832339077431,0.0235282094717309,0.0244720339242061,0.0215979978066643,0.0191878735771496,dinoflagellate,t. tetrahele
12,0.0264188546392472,0.0241541249700529,0.0222361452969764,0.0200144304486805,0.0232394704771904,0.0245289453104605,0.0214033265926616,0.0193328485245676,dinoflagellate,t. tetrahele
12,0.0263445091904637,0.0245550023928125,0.0222024680593098,0.0201325811496287,0.0233278351001716,0.0244639044649008,0.0214491207726932,0.0192603490244,dinoflagellate,t. tetrahele
14,0.0307898685117413,0.027888140207713,0.0265974337670684,0.0234460941165913,0.0246027232570933,0.0258730555211721,0.0251459574415309,0.0226695621839365,dinoflagellate,t. tetrahele
14,0.0308149456833196,0.0281056037269247,0.0268360058860143,0.0234631978141949,0.0247683212594473,0.0260853158619071,0.0253893237673418,0.022792309321655,dinoflagellate,t. tetrahele
14,0.0309905330911007,0.028085828464379,0.0267933926386462,0.0234460941165913,0.0246322886809215,0.0259220275042407,0.0251807125615499,0.0226695621839365,dinoflagellate,t. tetrahele
14,0.0308400245403994,0.028036395429775,0.0268615761485472,0.0236171826782718,0.0245613357876462,0.0259710061893735,0.0252038847699787,0.0226941060944449,dinoflagellate,t. tetrahele
14,0.0309319947737555,0.0277893399394958,0.0263760377261239,0.0233093057711126,0.0248629832800109,0.0258975406750629,0.0252038847699787,0.0227677543758358,dinoflagellate,t. tetrahele
14,0.0308149456833196,0.0281451577648429,0.0266996604597285,0.0235487334943548,0.024868900491998,0.0258975406750629,0.0252734116144161,0.0228168670278525,dinoflagellate,t. tetrahele
14,0.0305809575988666,0.0279672014701586,0.0266229878394865,0.0236856502193286,0.0247446596861065,0.0258648941754548,0.0249490840885956,0.0227186527628509,dinoflagellate,t. tetrahele
14,0.0310574452726347,0.0279177859880812,0.0268700999551292,0.0235829557922861,0.0248452322340417,0.0260036623704037,0.0253777306344084,0.0227186527628509,dinoflagellate,t. tetrahele
14,0.0309152712269136,0.0280759412721488,0.026333476478425,0.0234460941165913,0.0247387445384517,0.0256282960726314,0.0252850009124437,0.0226204826341344,dinoflagellate,t. tetrahele
14,0.0310072600115905,0.0280561677656872,0.0268530525348399,0.0236685316125441,0.0246736843990608,0.0261098155425702,0.0251691270958916,0.0226695621839365,dinoflagellate,t. tetrahele
16,0.0305893117899917,0.0294232934303895,0.0261802957921813,0.0233093057711126,0.0240827732247003,0.0252288819410574,0.0255864722701657,0.0228905567149233,dinoflagellate,t. tetrahele
16,0.030764793025438,0.0295325083962797,0.026333476478425,0.0232922123800457,0.0243721971670401,0.0252533230614129,0.0257024995845649,0.0230871841586664,dinoflagellate,t. tetrahele
16,0.0304640185588411,0.0292744214602396,0.0262313491000108,0.0234460941165913,0.0243544705713446,0.0252533230614129,0.0257024995845649,0.0227432021897746,dinoflagellate,t. tetrahele
16,0.0306561520535534,0.0294927897311558,0.0263505004004399,0.0232751201333828,0.0241713474074751,0.0254163065338232,0.0256096743177151,0.0230380107031408,dinoflagellate,t. tetrahele
16,0.030739719224183,0.0296814954707743,0.0264271175719353,0.0234289915647721,0.0242185959825938,0.0253022103101512,0.025853398950168,0.0229642712677571,dinoflagellate,t. tetrahele
16,0.0306979332993617,0.0294828608028327,0.0262398586574046,0.0234460941165913,0.0241004862986288,0.0252288819410574,0.0256676869070741,0.0229888483139945,dinoflagellate,t. tetrahele
16,0.0305976661681685,0.0295325083962797,0.0261888041963232,0.0235145157832481,0.02428357301252,0.0254000048461231,0.0257373161059996,0.0228905567149233,dinoflagellate,t. tetrahele
16,0.0306143754857101,0.0293736620671914,0.0259421384688725,0.0234803026577365,0.0239529042672281,0.0253185075438382,0.025714104664563,0.022792309321655,dinoflagellate,t. tetrahele
16,0.0306979332993617,0.0296715609313021,0.0259421384688725,0.0233434959870717,0.0240296392893913,0.025212588788078,0.0255284746195795,0.0230380107031408,dinoflagellate,t. tetrahele
16,0.0305976661681685,0.0295523695001863,0.0261377566539718,0.0233605928122705,0.0241536308081183,0.0254570640019749,0.0257373161059996,0.0228905567149233,dinoflagellate,t. tetrahele
18,0.0470369036238854,0.0433803801370544,0.0385655902757461,0.0336171589683978,0.0355727491297552,0.0359543537057459,0.0354488118086094,0.0347276412373554,dinoflagellate,t. tetrahele
18,0.0470630968881825,0.0434735487179463,0.0385743830844757,0.0337595848254726,0.0358594633219473,0.036105488527125,0.0355685262358241,0.0349092638532868,dinoflagellate,t. tetrahele
18,0.0472290302755263,0.0434424896365762,0.0386447329441177,0.0337952037082907,0.0355727491297552,0.0361978801250231,0.0355685262358241,0.0347535780821766,dinoflagellate,t. tetrahele
18,0.04730765606427,0.0433700296765785,0.038398565894652,0.0334748125235698,0.0358716690486167,0.035744550055914,0.0356763080950357,0.0348833085184675,dinoflagellate,t. tetrahele
18,0.0472727092238117,0.043587456732732,0.0386447329441177,0.0338130150134352,0.0355666513354614,0.0361978801250231,0.0356044494288055,0.0348054610120607,dinoflagellate,t. tetrahele
18,0.0471940907979811,0.0435978139333561,0.0386095563719897,0.0338308275613012,0.0357984409640025,0.0359459591978655,0.0356284004980198,0.0347276412373554,dinoflagellate,t. tetrahele
18,0.0473251307119868,0.0434735487179463,0.0388734607677998,0.0337061658173227,0.0355666513354614,0.0360299131384571,0.0354248743763676,0.0347535780821766,dinoflagellate,t. tetrahele
18,0.0471067564151974,0.0435253202726186,0.0386447329441177,0.0338308275613012,0.0357496306064087,0.035903989611699,0.0356164247360003,0.0348054610120607,dinoflagellate,t. tetrahele
18,0.0473688209120649,0.043556387057731,0.0386447329441177,0.0336883619648669,0.0357435297821549,0.0359375648868797,0.0355685262358241,0.034857356267145,dinoflagellate,t. tetrahele
18,0.0472639730250943,0.0433286310418825,0.0387062998507892,0.0338308275613012,0.0358472580136764,0.0360215168581084,0.0356284004980198,0.034857356267145,dinoflagellate,t. tetrahele
20,0.0418865294144365,0.0400332556336851,0.036496206266449,0.0330837685476469,0.0339483352037741,0.0352080124967854,0.0346717739504533,0.033331604999488,dinoflagellate,t. tetrahele
20,0.0421621862961799,0.040289539261424,0.036776135364013,0.0330660080452094,0.0338148182542301,0.0353420714960425,0.0348389742257424,0.0334347096976852,dinoflagellate,t. tetrahele
20,0.0418951406101374,0.0400537510888077,0.036496206266449,0.0333147675853944,0.0341851474581189,0.0353504518510722,0.034934557061851,0.033331604999488,dinoflagellate,t. tetrahele
20,0.0419898768815396,0.0402075071032614,0.0366711375730774,0.0332969910061869,0.0341487045504244,0.0353001726641805,0.0349465069538826,0.033512070168983,dinoflagellate,t. tetrahele
20,0.0420932529813771,0.0401870022113464,0.0365574229835096,0.0331548229155381,0.0342094448022776,0.035166129355717,0.0347792496633793,0.0333573766122413,dinoflagellate,t. tetrahele
20,0.0419037520045758,0.0400537510888077,0.0366973842771577,0.0332258970647124,0.0342276688985478,0.0354510314208221,0.0347314781571818,0.0333831512657135,dinoflagellate,t. tetrahele
20,0.0418693076192104,0.0400127614361453,0.0365836617651605,0.0332969910061869,0.0339483352037741,0.0355097158928249,0.0347195364114153,0.0334347096976852,dinoflagellate,t. tetrahele
20,0.0421018689493107,0.0402075071032614,0.0366711375730774,0.0332081266723212,0.0340151124583154,0.0354007381026243,0.0348748143939345,0.033331604999488,dinoflagellate,t. tetrahele
20,0.0419295873804076,0.0402587748410556,0.036522440784157,0.0332081266723212,0.034215519397395,0.0351912586521691,0.0347075951178935,0.0334862803011471,dinoflagellate,t. tetrahele
20,0.0421363348107155,0.0402280132540721,0.0367236328101705,0.0331725895979062,0.034106192538494,0.0353169316083047,0.0349465069538826,0.0333058364267363,dinoflagellate,t. tetrahele
25,0.0654335413605502,0.0640564937353179,0.0573410352869569,0.0511495741377245,0.0515166475297391,0.0534585465239021,0.0549764234175556,0.0532574434160283,dinoflagellate,t. tetrahele
25,0.0656996251273437,0.0641445982423705,0.0576276484932276,0.0511305113531582,0.051701631657898,0.0534409161757763,0.0549636898152903,0.0533421534572565,dinoflagellate,t. tetrahele
25,0.0651034942383436,0.0640124501954243,0.0576553968319242,0.051073331538327,0.0512234214116395,0.0532118006496595,0.0548491105293023,0.05308812181454,dinoflagellate,t. tetrahele
25,0.0656537350763319,0.0642988370741577,0.0570638751520495,0.0512830534995653,0.0512935187355198,0.0533263400780597,0.0551037877308166,0.0532009882987093,dinoflagellate,t. tetrahele
25,0.0655436219755741,0.0640124501954243,0.0574981832660235,0.0513212032817919,0.0516569715166691,0.0534056580848452,0.0550655730347407,0.053483409896223,dinoflagellate,t. tetrahele
25,0.065727161867271,0.0642217087550758,0.0576646467324085,0.0512258395131042,0.0517845867846924,0.0536789991874293,0.0551165269921178,0.0534268963594313,dinoflagellate,t. tetrahele
25,0.0656353806361048,0.0640675055278218,0.0575259220690914,0.0512067710332668,0.0514975167246642,0.0534144722819397,0.0549764234175556,0.0532856764467946,dinoflagellate,t. tetrahele
25,0.0654610584698168,0.0641886592125946,0.0575536629149566,0.0511495741377245,0.0516505919537484,0.0537760413959187,0.0552439479208919,0.0532856764467946,dinoflagellate,t. tetrahele
25,0.0654610584698168,0.0641335839079436,0.05742422310923,0.0513593587656747,0.0514847634256371,0.0534849936746567,0.0550655730347407,0.053398645072583,dinoflagellate,t. tetrahele
25,0.0655252729509673,0.0641335839079436,0.0576738968600377,0.0511686383457896,0.0512616546048147,0.0533439647826682,0.0548618395051858,0.0531727662102713,dinoflagellate,t. tetrahele
30,0.0753789897536246,0.0756867011117252,0.0680651816752002,0.0623533671589103,0.0607023682787425,0.0631986704218207,0.0660430910391608,0.0649713749868059,dinoflagellate,t. tetrahele
30,0.075397829814992,0.0760175169431611,0.0680176398273768,0.0623135328099163,0.0606958245736103,0.0632258472599521,0.0660430910391608,0.0651203575167909,dinoflagellate,t. tetrahele
30,0.0756145589214563,0.0759718676883937,0.06823638202665,0.0625925038641028,0.0606827375241178,0.0631986704218207,0.0661090415164992,0.0651501662191979,dinoflagellate,t. tetrahele
30,0.0753789897536246,0.0756638983000215,0.0680461642160337,0.0625925038641028,0.0609118303661131,0.063506795496133,0.0660167147100599,0.0650607523117145,dinoflagellate,t. tetrahele
30,0.0750494425745874,0.0757323114059787,0.0677705188964981,0.0622737046753292,0.0605715170202413,0.0633526997987224,0.0658321421595396,0.0651203575167909,dinoflagellate,t. tetrahele
30,0.0754543557074349,0.0759946915359015,0.0678085269506492,0.062492836346856,0.0607089121041381,0.0630356527169822,0.0662937762708939,0.0651501662191979,dinoflagellate,t. tetrahele
30,0.0754166708276855,0.0759148148921394,0.0680461642160337,0.0624529802321571,0.0607481775822878,0.0635249287645333,0.0660826596702612,0.0652097958292993,dinoflagellate,t. tetrahele
30,0.075407250202417,0.0757893330338252,0.0680461642160337,0.062492836346856,0.0609249258388338,0.0631986704218207,0.0662277871477321,0.0650607523117145,dinoflagellate,t. tetrahele
30,0.0755108901644069,0.0757323114059787,0.0680271477169329,0.0625526321879034,0.0608856408654944,0.0634705317154041,0.0660035273728608,0.0650607523117145,dinoflagellate,t. tetrahele
30,0.0755768578589506,0.0758007385276643,0.0680556728256027,0.0623533671589103,0.0606761941797489,0.0634342716088172,0.0660167147100599,0.0650309558068262,dinoflagellate,t. tetrahele
35,0.0790518873898131,0.0775847821019644,0.0697615924203726,0.0628717800906238,0.0635999267950442,0.0663010617037783,0.0677755636040188,0.0658069888618235,dinoflagellate,t. tetrahele
35,0.0793659476969536,0.0778600981095571,0.069924009555096,0.0629915634876531,0.0635405566325274,0.0665844354029353,0.068040902809354,0.0660163927158245,dinoflagellate,t. tetrahele
35,0.0790328619250272,0.077607716436735,0.0697902491794952,0.0630914259345298,0.0638111009162563,0.0664655739527225,0.0680143588387976,0.0658667980545996,dinoflagellate,t. tetrahele
35,0.0790233495564067,0.0777912478291128,0.0700291403243207,0.0629117016453861,0.0635999267950442,0.0665021425022429,0.06773578197442,0.0658967087926829,dinoflagellate,t. tetrahele
35,0.0793373858341402,0.0776191841946905,0.0698953426186639,0.0629715956848832,0.063758295643112,0.0663741689229293,0.0680541756326277,0.0658069888618235,dinoflagellate,t. tetrahele
35,0.0788046319827165,0.0778830513572932,0.0700386991220719,0.0626323817683052,0.0638705162108626,0.0665478584442744,0.0675236980074177,0.0660163927158245,dinoflagellate,t. tetrahele
35,0.0791850928128472,0.0775389181562282,0.0697902491794952,0.0629516294437448,0.0639299414216986,0.0663193371085571,0.0678418774754389,0.0658069888618235,dinoflagellate,t. tetrahele
35,0.079004325546649,0.077779774162074,0.0700769367388902,0.0629316647639939,0.0635735388339776,0.0663558907180374,0.0678684069294996,0.0658967087926829,dinoflagellate,t. tetrahele
35,0.0794040335819822,0.0775618493418675,0.0698380152898493,0.0630914259345298,0.0638837209561959,0.0664472910790681,0.0680143588387976,0.0658368914113535,dinoflagellate,t. tetrahele
35,0.0790804274060403,0.0778715745362526,0.0697329378411619,0.0630315037790652,0.0636329144967364,0.0662645136936665,0.0678020874790389,0.0660163927158245,dinoflagellate,t. tetrahele
40,0.0991619070627846,0.0945070000448459,0.0846968474751681,0.0770290189944302,0.0783423033261696,0.0813709481826863,0.0823638711868113,0.0811329960441509,dinoflagellate,t. tetrahele
40,0.0994833175456497,0.0948328519243553,0.084935440281873,0.0772400791438397,0.0786587455184661,0.0816188255613155,0.0825861789961808,0.0813255222686424,dinoflagellate,t. tetrahele
40,0.0994833175456497,0.0948087038432039,0.0850448458444714,0.0771978531526443,0.0786862755262504,0.0815711434993844,0.0824194334470526,0.0812613280056915,dinoflagellate,t. tetrahele
40,0.0991920275370811,0.094543190114512,0.0850150048123039,0.0769868278949811,0.0783973165528232,0.0816474378481066,0.0824333255420456,0.0812292379468383,dinoflagellate,t. tetrahele
40,0.0991518674449853,0.0947241993052959,0.0849254958971165,0.0773034312287469,0.0783491795146831,0.0814948654116131,0.0824055419640865,0.0813255222686424,dinoflagellate,t. tetrahele
40,0.0993627561675142,0.0945673190062906,0.0850448458444714,0.0771134221168404,0.0782391764303734,0.0811041951743352,0.0822805461497124,0.0811971526012199,dinoflagellate,t. tetrahele
40,0.0994632212772492,0.0945793841058746,0.084935440281873,0.0771556341444143,0.0785692876908418,0.0814757984296317,0.0825305873482841,0.0811329960441509,dinoflagellate,t. tetrahele
40,0.0995034148964733,0.0946397161420026,0.0849254958971165,0.0772400791438397,0.0785692876908418,0.08159021556183,0.0824611115683284,0.0811009248299334,dinoflagellate,t. tetrahele
40,0.0993627561675142,0.0945070000448459,0.0848757779108557,0.0770079225731328,0.0786174544974685,0.0813900095792825,0.0826417804468721,0.0811971526012199,dinoflagellate,t. tetrahele
40,0.0994732692761538,0.0944828755100359,0.0848658351010107,0.0771345272581897,0.0786656278208602,0.0815711434993844,0.082475005499726,0.0811329960441509,dinoflagellate,t. tetrahele
45,0.1126450428412349,0.107632456258729,0.096805314173806,0.0882643471489064,0.0896808848248607,0.0930532765154649,0.0945408337891696,0.09353831512278,dinoflagellate,t. tetrahele
45,0.1126970923642874,0.1079337001883263,0.0970619733025767,0.0883084439349535,0.0898157840329371,0.0932108580037092,0.0948730416941679,0.0938100652125587,dinoflagellate,t. tetrahele
45,0.1127387372110397,0.107783044261415,0.0968566320113523,0.0883304951845622,0.0896099057648417,0.0931123614428269,0.0944397964679245,0.0937420959913352,dinoflagellate,t. tetrahele
45,0.1128012131974504,0.1076575495448157,0.0967745268267407,0.0882643471489064,0.0896950823349508,0.0931616063347804,0.0948730416941679,0.093640181795295,dinoflagellate,t. tetrahele
45,0.1128220408511148,0.1076199103226096,0.0971852318281578,0.0884407800116196,0.0899862561183035,0.0930631233259842,0.0945408337891696,0.0938100652125587,dinoflagellate,t. tetrahele
45,0.1129366137320608,0.1078960298353512,0.0967540033265527,0.0883084439349535,0.0900146760692704,0.0932305605692518,0.0944975281156444,0.0937420959913352,dinoflagellate,t. tetrahele
45,0.1125825929961336,0.1078834739951039,0.0970106274848019,0.0882202579782269,0.0897944807598635,0.0933685089072912,0.0946563446709644,0.0937081193095263,dinoflagellate,t. tetrahele
45,0.1128324551139315,0.1075697312901322,0.0969798233532592,0.0882863945898446,0.0899791514849889,0.0930237377093371,0.0948730416941679,0.0936741479113939,dinoflagellate,t. tetrahele
45,0.1128324551139315,0.1077202910091308,0.0971338692075955,0.0883746033985947,0.090000465810234,0.0932601164514791,0.0948296903740951,0.0936062209595873,dinoflagellate,t. tetrahele
45,0.1128324551139315,0.107632456258729,0.0968668964178644,0.0882863945898446,0.0896524915029023,0.0930532765154649,0.0944830942127304,0.0936062209595873,dinoflagellate,t. tetrahele
50,0.1130199615662829,0.1106951752825025,0.0978330016185727,0.0901896330704732,0.0910891917425125,0.0948993578743491,0.0972374681681118,0.0958590382633983,dinoflagellate,t. tetrahele
50,0.113207562292992,0.1108091504360737,0.098183055022292,0.0903007241223045,0.0914171730695808,0.0948993578743491,0.0975579555217901,0.0958247307524915,dinoflagellate,t. tetrahele
50,0.1129261965617348,0.1108851554845982,0.0976478108410067,0.090322948134696,0.091067812146479,0.0946421127968027,0.0970045908856997,0.0957218405353841,dinoflagellate,t. tetrahele
50,0.1133848274062266,0.1109485062395441,0.0981933556368036,0.0901896330704732,0.0912317551988025,0.0950874616638612,0.0974559469347711,0.0958247307524915,dinoflagellate,t. tetrahele
50,0.1131450182366418,0.1110118690125415,0.0979668071583541,0.0901896330704732,0.0913387152631415,0.0949884473454244,0.0973831038577606,0.0960649965519887,dinoflagellate,t. tetrahele
50,0.1130512218046776,0.1107838192628562,0.0979771018611426,0.0902562819005568,0.0914243064547797,0.0948795632254664,0.0973831038577606,0.0960649965519887,dinoflagellate,t. tetrahele
50,0.1133326818656063,0.1108851554845982,0.097853583992829,0.0899897909137443,0.0908825760688472,0.0951270750627291,0.0972229082980446,0.096030656683137,dinoflagellate,t. tetrahele
50,0.1131345952464236,0.1109865224608845,0.0978124203688826,0.090367401964198,0.091203237940673,0.0951765979780678,0.097528806843604,0.0958590382633983,dinoflagellate,t. tetrahele
50,0.1130408014342154,0.1106571922058368,0.0980594696135855,0.0902785020443704,0.091281665897027,0.0951369790975904,0.097528806843604,0.0960993418197664,dinoflagellate,t. tetrahele
50,0.1131137501394181,0.1108724867753741,0.0977815506026405,0.0902562819005568,0.091203237940673,0.0946618943163582,0.0971937905746835,0.0959619931354241,dinoflagellate,t. tetrahele
60,0.1298790378149727,0.1282147576711807,0.1150998531405211,0.1068958520038417,0.1065278145329157,0.1114592111198807,0.1146118741704922,0.1138742043178779,dinoflagellate,t. tetrahele
60,0.1298136361469659,0.1281613874502706,0.1152830489639627,0.1069432875933846,0.1065203720539902,0.1116769703305582,0.1148889260710148,0.1139860117460202,dinoflagellate,t. tetrahele
60,0.1299989706545857,0.128027999195982,0.1154447663589502,0.106777301575807,0.1065426999574788,0.1117288372965925,0.1144734394535449,0.1137996978112723,dinoflagellate,t. tetrahele
60,0.1299771618162312,0.1281613874502706,0.114755255451667,0.1070381852219041,0.1068479883807847,0.1112726657668394,0.1146888086166597,0.1136507609892427,dinoflagellate,t. tetrahele
60,0.1298354354292612,0.1284283238755075,0.1151645003170807,0.1070144575075708,0.1065724726736364,0.1116977162149595,0.1149043249832369,0.1141724847195709,dinoflagellate,t. tetrahele
60,0.1300644048188912,0.128041335624513,0.114895210245162,0.1071093815994564,0.1064608378222751,0.1111690714593146,0.1146580325855921,0.113687985676263,dinoflagellate,t. tetrahele
60,0.1299335479632489,0.1285885881918934,0.1153046072723506,0.1070144575075708,0.1064980455505602,0.1118222167821081,0.1146118741704922,0.1139860117460202,dinoflagellate,t. tetrahele
60,0.1297155551341571,0.1283215237037514,0.1150136741599671,0.1067535980947831,0.1067362671274494,0.1116769703305582,0.1148581305024725,0.1137252167074992,dinoflagellate,t. tetrahele
60,0.1301080339709537,0.1281880714947284,0.1152507138145924,0.1072043409987975,0.1066320255755336,0.1118222167821081,0.1147811547371186,0.1140978764281182,dinoflagellate,t. tetrahele
60,0.1299444509485751,0.1281747292060215,0.1154771181709131,0.1068958520038417,0.1065426999574788,0.1117184633020207,0.1147811547371186,0.1140232936089403,dinoflagellate,t. tetrahele
70,0.149323331621795,0.1463238488492208,0.1326541827722219,0.1235796296820029,0.1232352652787528,0.128887936428082,0.1323643474731159,0.132736504546492,dinoflagellate,t. tetrahele
70,0.1497140048974153,0.1466480084729051,0.1323495419773252,0.1233771726196995,0.1233366811317112,0.1291274569875685,0.13239690124416,0.1325335000943307,dinoflagellate,t. tetrahele
70,0.149461169604634,0.1465493178877716,0.1329590701400268,0.1238582705554276,0.1234927619475805,0.129171023407989,0.1326900365234561,0.132858397830739,dinoflagellate,t. tetrahele
70,0.1496220449671157,0.1466339080324049,0.1330042596338109,0.1235796296820029,0.1236098674758522,0.129171023407989,0.1327389189088037,0.132858397830739,dinoflagellate,t. tetrahele
70,0.149564581517708,0.1463520241568675,0.1328912960624135,0.1238329269963474,0.1234225171134658,0.1292581721623738,0.1325434348194344,0.132736504546492,dinoflagellate,t. tetrahele
70,0.1493003635743099,0.1461266882169328,0.1327557844781268,0.1236555924920407,0.1235552134362851,0.1287791164163865,0.1321853617838357,0.132614679238799,dinoflagellate,t. tetrahele
70,0.149346301083177,0.1463520241568675,0.1327896578042013,0.1237315779111795,0.123445930518406,0.1288444044527561,0.13239690124416,0.1328177591783569,dinoflagellate,t. tetrahele
70,0.149346301083177,0.1465493178877716,0.1328800015682412,0.12390896522243,0.123547406401137,0.1291165662110752,0.1326085827176111,0.132736504546492,dinoflagellate,t. tetrahele
70,0.1495415986156187,0.1466339080324049,0.1327219141978037,0.1239343163313516,0.1233991052480203,0.1289205888848089,0.1327063298099113,0.1330210280822479,dinoflagellate,t. tetrahele
70,0.1492773969405476,0.1459437146384374,0.1326316083364521,0.1235543137672432,0.1234147129872723,0.1292145951324935,0.1321528298440541,0.132614679238799,dinoflagellate,t. tetrahele
80,0.1525181425417589,0.1523508135596146,0.1373564589845727,0.1298070397859328,0.1270622108824736,0.1328276579122902,0.1371531336035338,0.1401732199305656,dinoflagellate,t. tetrahele
80,0.1527382869700473,0.152006745350667,0.1372536089300475,0.1300146627248418,0.1267784856738262,0.1330037672815923,0.1368723316235361,0.1404255237991316,dinoflagellate,t. tetrahele
80,0.1525065595900359,0.1525660363161431,0.1376651777471268,0.1300665948532116,0.1273777265039174,0.1329377161122187,0.1371696591571684,0.1401732199305656,dinoflagellate,t. tetrahele
80,0.1524949769978698,0.1526952365695623,0.1374364728906076,0.1298070397859328,0.1272672642304007,0.133224025928854,0.137120085094327,0.1401732199305656,dinoflagellate,t. tetrahele
80,0.1528657983982985,0.1526090975144622,0.137447904836174,0.1300665948532116,0.1271489498105953,0.1330808423895539,0.1372192410152866,0.1404255237991316,dinoflagellate,t. tetrahele
80,0.1527962413083123,0.1527239545253257,0.1374250412919736,0.1298329834211551,0.1273382717578523,0.1331799633535628,0.1375168960021984,0.1402572888464579,dinoflagellate,t. tetrahele
80,0.1529121769963261,0.1525373319345252,0.1376423010118861,0.130144512858451,0.1271804964786559,0.1330037672815923,0.1371035621385733,0.1402572888464579,dinoflagellate,t. tetrahele
80,0.1527846497205172,0.1524512335878637,0.1377452572632286,0.1299367843342277,0.1274171856224262,0.1331469199818345,0.1371696591571684,0.1402572888464579,dinoflagellate,t. tetrahele
80,0.1526919299796408,0.1522934442389137,0.1377681402521709,0.129988700621582,0.1274092934488825,0.1329157017644411,0.1372688306711337,0.1402572888464579,dinoflagellate,t. tetrahele
80,0.1527035186873148,0.1523077856453136,0.1373221725127556,0.1299627411582229,0.1270385584779499,0.1329377161122187,0.1372357700340336,0.1403834529130603,dinoflagellate,t. tetrahele
90,0.1921748306575903,0.1923153687694114,0.1723397503207562,0.1628581024742269,0.159307169188046,0.1664222343843009,0.1728986989088774,0.179431112462914,dinoflagellate,t. tetrahele
90,0.1922392462667795,0.1924609008410754,0.1726283186701476,0.162828576267962,0.159246752120537,0.1667971310953161,0.1729542301825048,0.179481418295088,dinoflagellate,t. tetrahele
90,0.1926388714453119,0.1927035952962272,0.1727036337403493,0.1630353314589114,0.1593503305136944,0.1664947643957036,0.1728616834922647,0.179431112462914,dinoflagellate,t. tetrahele
90,0.1924067789132786,0.1924609008410754,0.172415007710929,0.1628581024742269,0.1593158010346264,0.1664343216988133,0.1727876656923818,0.179833883861179,dinoflagellate,t. tetrahele
90,0.1920331554494431,0.1925903159380786,0.1722770473123121,0.1627695340979058,0.1590051863155791,0.1661201841227083,0.1729912564655503,0.1795820647263777,dinoflagellate,t. tetrahele
90,0.1923423343777548,0.1923153687694114,0.1726785270437452,0.1630353314589114,0.1596007694299143,0.1668213314707323,0.1729357186712978,0.1796324053361753,dinoflagellate,t. tetrahele
90,0.1924841270510559,0.1927359678849901,0.1722645079630205,0.1630353314589114,0.15929853755072,0.1665189443329946,0.1732135055151415,0.1795820647263777,dinoflagellate,t. tetrahele
90,0.1920975466027776,0.1924609008410754,0.1727287421104541,0.163005784749523,0.1596958096001078,0.1665310349142936,0.1729172082467979,0.179833883861179,dinoflagellate,t. tetrahele
90,0.1921361866292505,0.1926712258447991,0.1725781169878772,0.1629762414592991,0.1597130923569066,0.1668576351024435,0.1733061555396241,0.1796827575492021,dinoflagellate,t. tetrahele
90,0.1925743868150248,0.1924609008410754,0.1724526420450566,0.1632718283189779,0.1597130923569066,0.1665189443329946,0.1731208827062467,0.1797331213708086,dinoflagellate,t. tetrahele
100,0.2203828695567886,0.2201335460309418,0.1946867476822848,0.1851202857482336,0.1804213972060596,0.1882769363891722,0.1965481446367878,0.2065488278919872,dinoflagellate,t. tetrahele
100,0.2203550833248585,0.2204323840358298,0.1946202126079515,0.1855717418202278,0.1808704753577515,0.1884825670202938,0.1966878282629289,0.2067767393109386,dinoflagellate,t. tetrahele
100,0.2208277309093973,0.2201686895688845,0.195072883038852,0.1851847306159707,0.1807054420498142,0.1886625907925539,0.1965481446367878,0.2065488278919872,dinoflagellate,t. tetrahele
100,0.2207442789952384,0.2205203284751855,0.1950595614353156,0.1851847306159707,0.1805588099647601,0.1886497289481399,0.1969474049953604,0.207004888757525,dinoflagellate,t. tetrahele
100,0.2208833758897855,0.2204323840358298,0.1949130548818575,0.1855717418202278,0.1807604446536928,0.1887140427930317,0.1967277492386173,0.2064918871708907,dinoflagellate,t. tetrahele
100,0.2208694638666934,0.2203444627464491,0.1944605763621557,0.1848304849881414,0.1800826722996595,0.1885725675870216,0.1964284650455029,0.2065488278919872,dinoflagellate,t. tetrahele
100,0.2205635305185825,0.2201159756485342,0.1950462403028817,0.1851202857482336,0.1806229540718012,0.1882127010391466,0.1968475425001303,0.2067197391605174,dinoflagellate,t. tetrahele
100,0.2203828695567886,0.220485147920666,0.1948331662267155,0.1854426728881636,0.1808337946782609,0.1883154831339676,0.1967676752691934,0.2064918871708907,dinoflagellate,t. tetrahele
100,0.2203828695567886,0.2201862627246143,0.1951661474572791,0.1850880694137615,0.1804213972060596,0.1883540340309411,0.1966678696702677,0.206605783458794,dinoflagellate,t. tetrahele
100,0.2205496304155652,0.2202389877400043,0.1949396881991068,0.185378162883478,0.1804397158434819,0.1885725675870216,0.1966080014710967,0.2066627538790543,dinoflagellate,t. tetrahele
2,0.0047617822836824,0.0051509254365801,0.0039009361634018,0.003999494784096,0.0032842695011622,0.004714752697792,0.0032053066956915,0.0032864095459687,dinoflagellate,pavlova
2,0.0046679353928768,0.00559693342714,0.0042147123767625,0.0042871549184008,0.0037900516815264,0.0049948140341742,0.0030636627209296,0.0035813252123658,dinoflagellate,pavlova
2,0.0051765552955719,0.0053552718389772,0.0044159885356302,0.0043831137025356,0.0033685166536798,0.0049403404963714,0.003499693802033,0.0032864095459687,dinoflagellate,pavlova
2,0.0050982609386735,0.0050395164347801,0.0040457234767892,0.0041912321886662,0.003239345835829,0.0050960011785143,0.0032380028047424,0.0032184085881434,dinoflagellate,pavlova
2,0.0046835749022807,0.0055597433386593,0.0042791090471233,0.0039196466796746,0.0033011173370447,0.005189430095887,0.0035760612717385,0.0033317552804855,dinoflagellate,pavlova
2,0.0050826040385473,0.0054946706463732,0.0042066635669769,0.0043511234334398,0.0036157566920521,0.0046369967603825,0.0031399246469253,0.0036040275324953,dinoflagellate,pavlova
2,0.0047617822836824,0.0054389041417413,0.0041261849266762,0.0039835231651984,0.0036832155994818,0.004683648295573,0.0036197081314895,0.0032864095459687,dinoflagellate,pavlova
2,0.0053175265516918,0.0056527263253402,0.003997454855201,0.0039036800551855,0.0031663569662314,0.0049792493201566,0.0035869724202785,0.0034224749974247,dinoflagellate,pavlova
2,0.0043630959093333,0.0049374241511844,0.0033062834276004,0.004223202427539,0.0029923669404564,0.0049481219227283,0.0036087958501279,0.0031051206764357,dinoflagellate,pavlova
2,0.0051765552955719,0.0052252187548644,0.0044320952753752,0.0043671180669184,0.0032112714229923,0.0050960011785143,0.0031181336430429,0.0032864095459687,dinoflagellate,pavlova
4,0.0079824810226725,0.0085199731420239,0.0072533199719748,0.0073273185368791,0.0050802354932303,0.0062265704457962,0.0059966507355563,0.0069902552773101,dinoflagellate,pavlova
4,0.0078247271189162,0.0089141559387192,0.0071154057620652,0.0074082397528678,0.0052834850594954,0.0063046725458611,0.0061286188566456,0.0069671983270275,dinoflagellate,pavlova
4,0.0082823973130705,0.008501214131387,0.0077079830595912,0.0074568047970239,0.0052608960440714,0.0066876194052807,0.0064257492268898,0.0071286481075642,dinoflagellate,pavlova
4,0.008487742183164,0.008501214131387,0.0077648545509589,0.0073920534575899,0.004961726803336,0.006210952070891,0.0062056257748608,0.0071517221054996,dinoflagellate,pavlova
4,0.0078404995082875,0.0085481136335914,0.0074968212338911,0.0076997686914381,0.0053512607055553,0.0062265704457962,0.0062386344978486,0.0071517221054996,dinoflagellate,pavlova
4,0.0081245165840762,0.0086419323989338,0.0071478516220184,0.0073920534575899,0.0049786542014471,0.0067658221963677,0.0063266746564698,0.0073364018799988,dinoflagellate,pavlova
4,0.0077222228358857,0.0080700474194998,0.0075536608510867,0.0070362143523339,0.0048827429175861,0.0058597187113262,0.0062716466767044,0.0072209587259883,dinoflagellate,pavlova
4,0.0073518651923268,0.0086044017303961,0.0074399901920998,0.006923096751009,0.0045218966807505,0.0067658221963677,0.0054912839851531,0.006851950065188,dinoflagellate,pavlova
4,0.0075645789046456,0.0080138492952563,0.0068073093985781,0.0070685428748775,0.0055998818417878,0.0066094336987375,0.0055242180082716,0.0073133083681373,dinoflagellate,pavlova
4,0.0081166243009538,0.0086606993147584,0.0073507015888794,0.0076025553848684,0.0056168396063189,0.0067345390293098,0.0059636673335088,0.0070825074219454,dinoflagellate,pavlova
6,0.0155375711466579,0.0192909306721632,0.0177435004828725,0.0162519794782178,0.0162368453451672,0.0156505099945635,0.0159259522002315,0.0162694891517546,dinoflagellate,pavlova
6,0.0153765911776825,0.019630154079599,0.0183446922672097,0.016369307937447,0.0163067385644259,0.0161399257917302,0.0162778988984319,0.0163416772039343,dinoflagellate,pavlova
6,0.01606929834745,0.0197174386707168,0.0176934444513019,0.0166209077825717,0.0164349117773131,0.015971362831534,0.0163347013028033,0.0165583845986416,dinoflagellate,pavlova
6,0.0154329262669678,0.0189133442676829,0.0178603237639697,0.0158835835381243,0.0162135506539257,0.0154901913806851,0.0160848472278811,0.0161251845718622,dinoflagellate,pavlova
6,0.0153685440020678,0.0194847304305956,0.0179855317831908,0.0161849588459014,0.0167613792163221,0.0161399257917302,0.0163119791131233,0.0163898158280274,dinoflagellate,pavlova
6,0.0156422453826013,0.019746538604024,0.0177435004828725,0.0164699181228615,0.0166913967044513,0.0155462947268299,0.0163460630116975,0.0161973249463139,dinoflagellate,pavlova
6,0.0155134197232829,0.0194071970328532,0.0177351573490089,0.0166376899250386,0.0160912785221406,0.015971362831534,0.0163687876577419,0.0162694891517546,dinoflagellate,pavlova
6,0.0155536729640902,0.0193975066235017,0.0183530489125211,0.0166209077825717,0.0164815316602602,0.0160997845518856,0.0158919136806267,0.0163416772039343,dinoflagellate,pavlova
6,0.0157469489912732,0.0197077392563241,0.0182360727451098,0.0165202380879766,0.0162659658525401,0.0155703417106149,0.0158011622550317,0.016365745189994,dinoflagellate,pavlova
6,0.0154731708245543,0.0191650211030019,0.0178603237639697,0.0165034636642257,0.0166447493369668,0.0159553133561421,0.015438417520112,0.0161011430734337,dinoflagellate,pavlova
8,0.0184146968804492,0.0223368636376304,0.0199777548380988,0.018389083837716,0.0184685404093538,0.0177492784978495,0.0175413265139516,0.0184212771984512,dinoflagellate,pavlova
8,0.0178553157443875,0.0218679486484624,0.0205993390097935,0.0181019755603659,0.0181697812771193,0.0175638342404925,0.017222146300533,0.0183726888808021,dinoflagellate,pavlova
8,0.017887720748125,0.0224933150412988,0.0197847685126006,0.0183214998949825,0.0187616850765028,0.0175396529417339,0.0171993600723071,0.0185184862668035,dinoflagellate,pavlova
8,0.0189261696084999,0.0226009179073262,0.0199525771009015,0.0185412131552686,0.0189142157371158,0.0175880171732146,0.0176097643291645,0.0185427952942865,dinoflagellate,pavlova
8,0.0186662863207508,0.0224933150412988,0.0202296248113929,0.0184228825194606,0.0187089012218917,0.0176444503717761,0.0176896272253806,0.0186643810241743,dinoflagellate,pavlova
8,0.0189749178827513,0.0222586654085815,0.0198518829774643,0.0186426830859307,0.0185037050289568,0.0179428880517771,0.01806639642961,0.0186400584638585,dinoflagellate,pavlova
8,0.0185445283117403,0.0227281296394988,0.0205489020649021,0.0187611156666885,0.0183162005093351,0.0178783398954642,0.0178836642278625,0.0186157386113146,dinoflagellate,pavlova
8,0.0177824147740437,0.0222782132495317,0.0199525771009015,0.0182201575150139,0.0182400549943259,0.0172898751457469,0.0171424017047588,0.0186400584638585,dinoflagellate,pavlova
8,0.0189099215989478,0.0226889824073514,0.0199357928776505,0.0187611156666885,0.0189318196341587,0.0177734739649653,0.0177695103543207,0.0183483987740055,dinoflagellate,pavlova
8,0.0188205701912581,0.0227868590920956,0.0199441848957935,0.0186257686298882,0.0187499546547876,0.0183304216594399,0.0177010378619662,0.0184698763255148,dinoflagellate,pavlova
10,0.0220507776389467,0.0249671405532011,0.0225463143676842,0.020731754123952,0.0202899400710891,0.020534407353054,0.0207510256324602,0.0217262279082567,dinoflagellate,pavlova
10,0.0225672624383434,0.0248686229628047,0.0229944458912281,0.0211242976963089,0.0203900932720557,0.0208027282822617,0.0208662642223159,0.0220718425191089,dinoflagellate,pavlova
10,0.0225098399210078,0.0249572874864187,0.0229606060383232,0.0210047640066033,0.0204018778538897,0.0208678060870474,0.0210046061466818,0.0216522387203352,dinoflagellate,pavlova
10,0.0224196223872771,0.0255193767085512,0.0229098519582986,0.0207999792291643,0.0208735812437927,0.0209654449877436,0.0209354275974677,0.0217508965407995,dinoflagellate,pavlova
10,0.0220180090776327,0.0254108296649104,0.0230452113712841,0.0202546882095573,0.0208735812437927,0.0203800107523956,0.0202329725331271,0.0214796946744961,dinoflagellate,pavlova
10,0.0225344484892147,0.0254700327701111,0.0229690657165529,0.0206294506394393,0.020348850306908,0.0208434005234732,0.0208662642223159,0.0220471376194218,dinoflagellate,pavlova
10,0.0215186447640565,0.0245535618058037,0.0230959836938175,0.0211755435582157,0.0201485952590837,0.019909106405894,0.0204631132820149,0.0216275812255012,dinoflagellate,pavlova
10,0.0221900761386953,0.0254108296649104,0.0230536729498178,0.0210901395022273,0.0206848248923382,0.0210061357262167,0.0210507336128144,0.0219236550118436,dinoflagellate,pavlova
10,0.022427823079929,0.0254799009746323,0.0230959836938175,0.0210218368218158,0.0203311762127326,0.0207783271560123,0.0206934221272939,0.0219483459500162,dinoflagellate,pavlova
10,0.0223950213906877,0.0251741221273732,0.0225463143676842,0.0211072180279844,0.0208086849607664,0.0204693901393758,0.0211430087939399,0.0216768989986534,dinoflagellate,pavlova
12,0.0205708738205818,0.0209515593714682,0.0195583454350288,0.015632708930968,0.0162717902398219,0.0158269434570521,0.0151439943894591,0.015812851279366,dinoflagellate,pavlova
12,0.0210689704759072,0.0210489281691433,0.019474519562382,0.0156661446381974,0.0166155978353662,0.0162925035774083,0.0151779522620946,0.015812851279366,dinoflagellate,pavlova
12,0.0211833816164555,0.0208542189504429,0.0198854446945916,0.0157163064110644,0.0162484932623216,0.015971362831534,0.0150534579374544,0.0159569496191885,dinoflagellate,pavlova
12,0.0209954389778925,0.0208055593760064,0.0200113277723776,0.0158333888906148,0.0167497145091022,0.016260376532192,0.0150987229139967,0.0160771042205621,dinoflagellate,pavlova
12,0.0204974404063713,0.0213704467413472,0.0193990922229328,0.0155324280751378,0.016831375485772,0.0157547556181861,0.0155290645887407,0.015716838498895,dinoflagellate,pavlova
12,0.0205545540351001,0.0210976232143957,0.0190472975353722,0.0156159927193277,0.0167322181647583,0.0163085681815813,0.0146576663273307,0.0159089062771761,dinoflagellate,pavlova
12,0.0209300898091451,0.0209905034844137,0.0195415787681061,0.0158166595342847,0.0165981080799574,0.0156825823370703,0.0152798478280334,0.0158848885678176,dinoflagellate,pavlova
12,0.0204974404063713,0.0211852921901735,0.0201204604785477,0.0156995847249811,0.0164116041246683,0.0160997845518856,0.0151326759112177,0.0159329266274395,dinoflagellate,pavlova
12,0.0208320875107437,0.0208152907237906,0.019424232991295,0.0160007427754573,0.0162834393002179,0.0160034639416986,0.0153138203353175,0.0160771042205621,dinoflagellate,pavlova
12,0.0207749313881502,0.0210586666102635,0.020070087608406,0.0159170521200003,0.0163941243863835,0.0163085681815813,0.0152119137922102,0.015812851279366,dinoflagellate,pavlova
14,0.0280797492916967,0.0307114107468869,0.0277537170615538,0.0237855574133766,0.023824071670812,0.0230875220720606,0.0230174148648309,0.024656527941646,dinoflagellate,pavlova
14,0.028704718588555,0.0311025809898735,0.028156624400601,0.0236992759085556,0.0242645918953147,0.0234478909853869,0.0231799248656578,0.0246065329591071,dinoflagellate,pavlova
14,0.0285129500279292,0.0306011634569542,0.0277537170615538,0.0236647714697701,0.0243122483649782,0.0230138549302093,0.0229477933529443,0.0247565522452479,dinoflagellate,pavlova
14,0.0274558250362323,0.0304709181040958,0.0278308361778757,0.0236647714697701,0.0234910669217193,0.0229238379000258,0.0231567040227241,0.0248566223685049,dinoflagellate,pavlova
14,0.0280797492916967,0.0306011634569542,0.0278136972319775,0.0239754794296449,0.0239490287894271,0.0228911100472601,0.0227274265922779,0.0245315619321458,dinoflagellate,pavlova
14,0.0285046144997574,0.030120509773454,0.0281737789568059,0.0236302716937466,0.0234197492625201,0.0228747472431375,0.022878187210045,0.0249817745204528,dinoflagellate,pavlova
14,0.0286129908932786,0.0307515096945669,0.0277280141976116,0.0242519820949297,0.0240145000238546,0.023300423477332,0.0231218759643628,0.024806581576796,dinoflagellate,pavlova
14,0.0284712742490717,0.0307214350324951,0.0280194160678511,0.0241655428382431,0.0238716692119307,0.0235298436424217,0.0234935737320683,0.024731541875394,dinoflagellate,pavlova
14,0.0282296464832727,0.0306612938311503,0.0282595634581807,0.0237682987794552,0.024383745031372,0.0234396967517382,0.0233425186653837,0.0249066746256262,dinoflagellate,pavlova
14,0.028346274834618,0.030701386762123,0.0283110435378487,0.0237510413121702,0.0238062242331678,0.023538039940369,0.0234587084470999,0.0249317050553585,dinoflagellate,pavlova
16,0.0287714438060615,0.0334491652908122,0.0308767804135751,0.0276987187346047,0.0263255930383857,0.0254364325139383,0.0271055051380709,0.028922980036666,dinoflagellate,pavlova
16,0.0292889692184093,0.0333784263137963,0.0307472140371872,0.0280845778028414,0.0268232134752854,0.0259889377415723,0.0276232072710973,0.0290249775056603,dinoflagellate,pavlova
16,0.0287631025012983,0.0340156171019539,0.0307990352399596,0.027681193535203,0.0268532128312249,0.0253458041591421,0.027340718923961,0.0292801797253969,dinoflagellate,pavlova
16,0.029339090437546,0.0337929678783472,0.0311446922322657,0.0276636695387527,0.026601296763054,0.0255270838245094,0.0270114687307225,0.0291270226203268,dinoflagellate,pavlova
16,0.0290217696973086,0.0333582179289705,0.0311101122563519,0.0279792856613221,0.0264754055350211,0.0257991756072374,0.0271525338604898,0.0289994736733682,dinoflagellate,pavlova
16,0.0290384640627753,0.0339447580666653,0.0308335866694923,0.0278915753700876,0.0265773140495771,0.0255270838245094,0.0273642499557669,0.028973972818235,dinoflagellate,pavlova
16,0.0291970977991963,0.0337221560573779,0.0314993201322299,0.0276286251540463,0.0263974951701932,0.0254693939702216,0.0274583916473946,0.029254646083237,dinoflagellate,pavlova
16,0.0287464204511635,0.0337929678783472,0.0309545416364265,0.0277513015521711,0.0266432703990353,0.0257331949646968,0.0275878823843729,0.0292291154251994,dinoflagellate,pavlova
16,0.0286129908932786,0.0334895942909583,0.0314906666979166,0.0279968313361982,0.0268652132813533,0.0258404196868593,0.0269997161514314,0.029254646083237,dinoflagellate,pavlova
16,0.0292472066781786,0.0337525021423758,0.031049604935949,0.0280845778028414,0.0261698548792989,0.0256754718793089,0.0273877827437511,0.0291270226203268,dinoflagellate,pavlova
18,0.0404724800598471,0.0420588679256478,0.0377379745262342,0.0332619978208146,0.0344396170719627,0.035175575740738,0.032907389856667,0.0347880177937404,dinoflagellate,pavlova
18,0.0403519997826293,0.0421833376706241,0.0377467726745805,0.0333157391834349,0.0344763949974362,0.035599191210521,0.0329193647090716,0.0350762663604529,dinoflagellate,pavlova
18,0.0407135573838863,0.0425258688342238,0.0383719670368618,0.0336743043297159,0.0343905857465732,0.0354974777593359,0.0330630984214422,0.0351811783928452,dinoflagellate,pavlova
18,0.040429446923455,0.0423805096793232,0.0379139765489939,0.0332619978208146,0.0347094101180214,0.035370376583054,0.0327158540414817,0.0344217052089846,dinoflagellate,pavlova
18,0.0408686179548815,0.042235213757441,0.038019617248658,0.0336743043297159,0.0350101022539414,0.0350739825950108,0.0328355502908988,0.0351549456608713,dinoflagellate,pavlova
18,0.0400681643850816,0.0425258688342238,0.0376412084546392,0.0331366452846943,0.0338884035657873,0.0347862918627127,0.032799636644885,0.0351549456608713,dinoflagellate,pavlova
18,0.0406102194575035,0.0424116527445962,0.0376851899511057,0.0331187428028536,0.0346910086422427,0.0356924539420291,0.0328714680278489,0.0344478500328145,dinoflagellate,pavlova
18,0.0398618741709526,0.0417375356109018,0.0379403839465551,0.0334591048152722,0.0339802132448009,0.034811667038624,0.0332548453475311,0.0346047847200596,dinoflagellate,pavlova
18,0.0401799525563872,0.0419655460474909,0.0383807800057423,0.0332619978208146,0.0344825250210313,0.0347355469077586,0.032967268666937,0.0349714046878526,dinoflagellate,pavlova
18,0.0405069101427156,0.0424947151179421,0.0381781338686261,0.0332082677685937,0.0350223807978501,0.0352687281321817,0.0330870604114267,0.0351024896454313,dinoflagellate,pavlova
20,0.0401283538540875,0.0417064553350408,0.0369557611841078,0.0327609565454505,0.0329532945634502,0.033696857820578,0.032201677302266,0.0343955635138358,dinoflagellate,pavlova
20,0.0402057545835715,0.0415614522758236,0.0371928902695592,0.0327430803880238,0.0332280717822271,0.0330986587554938,0.0319866892307193,0.0345524606299292,dinoflagellate,pavlova
20,0.0402143556558101,0.0422040871385005,0.0374741255854733,0.032421523410426,0.032758026360167,0.0331239145511154,0.0324407249813953,0.0347880177937404,dinoflagellate,pavlova
20,0.0402401600621852,0.0422559664483856,0.0368855293721474,0.0331366452846943,0.0329655023825418,0.0337980607390694,0.0321061089511489,0.0347618322288005,dinoflagellate,pavlova
20,0.0403606042267096,0.041861885643723,0.0375708487397751,0.0331545490220126,0.0329166736173116,0.0341187255777831,0.0320702782858517,0.0345786211084048,dinoflagellate,pavlova
20,0.0405241263756029,0.0416028752981443,0.0374829175732985,0.0330292492196518,0.0330814975441748,0.0339414805464887,0.0320822213885577,0.034709470513485,dinoflagellate,pavlova
20,0.0404724800598471,0.0416443034583636,0.0368855293721474,0.0331903602637861,0.032977710620204,0.0338402370695297,0.0326081662523891,0.0346571213459088,dinoflagellate,pavlova
20,0.040679108228381,0.0422455899417349,0.0370962641034386,0.0328145925291595,0.0332586156779592,0.0342369377181501,0.0321897296742005,0.0343432895065871,dinoflagellate,pavlova
20,0.0402745687135654,0.0413026747124801,0.0369118647671565,0.0324929455236867,0.0331730993718233,0.0341187255777831,0.0320344516916814,0.0341343184752267,dinoflagellate,pavlova
20,0.040257363991243,0.0420277577356786,0.0373950069279933,0.0327609565454505,0.0329655023825418,0.0337643232530238,0.0321299983235411,0.0343171571929906,dinoflagellate,pavlova
25,0.0418003370317018,0.0420173883162556,0.0392454527108816,0.0327788339546652,0.0328861590391124,0.0315446517471559,0.0325363948197454,0.0348665933267199,dinoflagellate,pavlova
25,0.0419990595370519,0.0423597492489284,0.0397050659070136,0.0331903602637861,0.0333869286597851,0.032106675227853,0.0325363948197454,0.0349189927213703,dinoflagellate,pavlova
25,0.0417744245058883,0.0418100675037274,0.0397669797631589,0.0327073318278331,0.0330326528702638,0.0316704012424965,0.0329552919951645,0.0349714046878526,dinoflagellate,pavlova
25,0.042016344757693,0.0425985721412602,0.0394133232908876,0.0329576769337373,0.0333624845265566,0.0320311282006733,0.0328355502908988,0.0352074142753303,dinoflagellate,pavlova
25,0.042197887935662,0.0416650194655835,0.0387599328534136,0.0323322738579753,0.0332219633174862,0.0310253554027781,0.0324048562742504,0.0349976153874161,dinoflagellate,pavlova
25,0.0417226048522669,0.0425050993671712,0.0395901100229175,0.0329218983137944,0.0334541586803342,0.0315027450654876,0.0327278216219387,0.0348142064978717,dinoflagellate,pavlova
25,0.0422324776054637,0.0425050993671712,0.0392807876691514,0.0331545490220126,0.0329532945634502,0.0314608432902929,0.033003201411963,0.0352074142753303,dinoflagellate,pavlova
25,0.042197887935662,0.0425881849855846,0.0394486740003764,0.0327788339546652,0.0334602711298935,0.0319555971174781,0.033003201411963,0.0349714046878526,dinoflagellate,pavlova
25,0.0419558499883716,0.0419448113928423,0.0392984563913272,0.0331366452846943,0.033197530506422,0.0316871711807268,0.0325363948197454,0.0350238292322006,dinoflagellate,pavlova
25,0.0422584219622647,0.041924078025301,0.0392542861397131,0.0330650428884361,0.0328190361708919,0.0320814911134905,0.0326320936940498,0.0348927914529431,dinoflagellate,pavlova
30,0.0542185734296626,0.0558526378144655,0.0512538305126154,0.0437188652316937,0.0442770120455707,0.0428351918741978,0.0434146286251374,0.0458802067586437,dinoflagellate,pavlova
30,0.0548442063986762,0.0558526378144655,0.051436263837742,0.043849524228901,0.044346330269063,0.0433286086526172,0.0436747237887399,0.045907759647026,dinoflagellate,pavlova
30,0.0539864623876805,0.0557337731914185,0.051637042596993,0.043849524228901,0.044125819111027,0.0430168978676287,0.0437118977607696,0.0457424944201929,dinoflagellate,pavlova
30,0.0537723341216656,0.0552479488376914,0.0510714854987155,0.0435136789594397,0.0448887384331389,0.0433979146007328,0.043055801935618,0.0455773541261372,dinoflagellate,pavlova
30,0.054397218689725,0.0555393586432638,0.051582274139433,0.0434577476760119,0.0445985103568044,0.0428178913520323,0.0437366828437924,0.0456048688406078,dinoflagellate,pavlova
30,0.0540846455922447,0.0553342659810326,0.0506888480425653,0.0436069250038618,0.0440880309066402,0.0429476656581599,0.0434517719442404,0.0461007272318809,dinoflagellate,pavlova
30,0.0544865734042911,0.05547457893315,0.0517739985893245,0.0435509732904074,0.0439746903500567,0.0430168978676287,0.0428580032458081,0.0462662637959399,dinoflagellate,pavlova
30,0.0548352613948928,0.0561662111017035,0.0507525939663115,0.0437188652316937,0.0436663348298697,0.043008243108993,0.0430187052286531,0.0460180059654144,dinoflagellate,pavlova
30,0.0546474658338497,0.0559499221614598,0.0511079474407011,0.0439055414188537,0.0441195207984544,0.0433719232973547,0.0435756146173902,0.0461558921501665,dinoflagellate,pavlova
30,0.0541828546391314,0.055755381794926,0.0512629500807691,0.0440736667737511,0.0448887384331389,0.0430861434724511,0.043811049784244,0.0458802067586437,dinoflagellate,pavlova
35,0.050141996524885,0.0480546868209592,0.0438401909414752,0.0357820611446306,0.036949210217976,0.0353449617635922,0.035214940885661,0.0367345120168272,dinoflagellate,pavlova
35,0.0506281330595959,0.0481497258724453,0.0442696387582959,0.0359811241895582,0.0373321229038951,0.035370376583054,0.0355891027549647,0.0369195409499955,dinoflagellate,pavlova
35,0.050301026041545,0.0479385646931031,0.0439475070046949,0.0361078815348084,0.037128263280343,0.0358111871245655,0.0355287240277724,0.0367873614365237,dinoflagellate,pavlova
35,0.0504336024343869,0.0478963484723246,0.0438223079030006,0.0361078815348084,0.0373568410944673,0.0359299597112642,0.0357219766660461,0.0370782620094725,dinoflagellate,pavlova
35,0.0500536760720614,0.0480441285954672,0.0440459069279785,0.0359811241895582,0.0375546484184556,0.0355907139853958,0.0356253355416812,0.0368930986482928,dinoflagellate,pavlova
35,0.0500095236840629,0.0483715888823994,0.0443502147583471,0.0360535492516568,0.0370726854521649,0.0356924539420291,0.035420071445788,0.0370782620094725,dinoflagellate,pavlova
35,0.0497535428111781,0.0482659214499955,0.043161231609093,0.0353844000950938,0.0367764167945801,0.0349808808723707,0.0356011798879326,0.0364176837158234,dinoflagellate,pavlova
35,0.050522012873456,0.0483081844114969,0.0437239663641316,0.0357097130485927,0.0370109424826857,0.0359129897853876,0.0355649498766646,0.0368930986482928,dinoflagellate,pavlova
35,0.0504512828464117,0.0480124559213834,0.0438312493161147,0.0357277981505863,0.0369060040000297,0.0354551056849216,0.035734058889481,0.0367080921008187,dinoflagellate,pavlova
35,0.0506988966214896,0.0484138652174092,0.0442427839213155,0.0361259948657029,0.0374680941921472,0.0358875364052192,0.0353959315111526,0.0371311946666857,dinoflagellate,pavlova
40,0.0678415923048159,0.0685075354002835,0.0633938618356901,0.052701614583311,0.0546209060860885,0.0523018055114147,0.0525206315156241,0.0554831575790789,dinoflagellate,pavlova
40,0.0684255671632094,0.0687096491466981,0.0636105415904235,0.0527982782254431,0.0545365879302291,0.0527017341919972,0.0529159159804231,0.0556271514378619,dinoflagellate,pavlova
40,0.0676471369463099,0.06876581356599,0.063356191119887,0.0530884889446389,0.0552051954321752,0.0526217126951889,0.0525843535670613,0.0557712402731431,dinoflagellate,pavlova
40,0.0684255671632094,0.0687770475832555,0.0637236413953191,0.0528369539325592,0.0551272347657687,0.0526217126951889,0.053094594102453,0.0553968068004659,dinoflagellate,pavlova
40,0.0678230683801086,0.0691029985570717,0.063356191119887,0.0526822862460806,0.0548674890907681,0.0522041131038653,0.0530818280211114,0.0556847755677792,dinoflagellate,pavlova
40,0.0673972717299847,0.0680252026069468,0.0631208344597103,0.0521802624194489,0.0549843511963521,0.0518490926132719,0.0520622124970747,0.0558289024287505,dinoflagellate,pavlova
40,0.0682864426079858,0.0690467774146374,0.0636105415904235,0.0525856665037227,0.054997338242676,0.0527373050457184,0.0524314422723839,0.0558865798086895,dinoflagellate,pavlova
40,0.0682957159646475,0.0690018073133477,0.0636199652772677,0.0527789425688136,0.0548480158016113,0.0528084573612104,0.0524951463003301,0.0555695425041814,dinoflagellate,pavlova
40,0.06800834902314,0.0691479822856649,0.063582271944334,0.0526629593720652,0.0552246882662266,0.0528084573612104,0.052546118790912,0.0558865798086895,dinoflagellate,pavlova
40,0.0681288307966169,0.0689343635120214,0.0637990601351879,0.0531659342181541,0.0548350342004905,0.0526750583716408,0.0529541956267141,0.0556559616027898,dinoflagellate,pavlova
45,0.071247047942089,0.0726982446777101,0.066875784111357,0.0566558815159396,0.0576697350621363,0.0550659782087461,0.0557741120526571,0.0598741758794823,dinoflagellate,pavlova
45,0.0718363812432687,0.0730508037350218,0.0667617340557776,0.0568326197315029,0.0579773683746273,0.0556393146044367,0.056031723035984,0.0603152280689761,dinoflagellate,pavlova
45,0.0706119849839761,0.0730849421113832,0.0664197909286376,0.0561851769028828,0.0576370237505257,0.0554421266023145,0.0563153384184958,0.0601681117086109,dinoflagellate,pavlova
45,0.0718363812432687,0.0729939141938614,0.0668852898415287,0.0568522648657656,0.0573754413885848,0.0549943756972869,0.0555810418398365,0.0600504899126612,dinoflagellate,pavlova
45,0.0715743404091115,0.0730735622648957,0.0675608105481207,0.0568915596699351,0.058252499803319,0.0554152457451703,0.0558384950699411,0.060197527055757,dinoflagellate,pavlova
45,0.0707706494200031,0.0730735622648957,0.0670659443063988,0.0567344167291053,0.0575846919019627,0.0546544592638041,0.0553495135244263,0.0596980040350552,dinoflagellate,pavlova
45,0.0716866210906253,0.0729711610902524,0.0673037796253571,0.0567344167291053,0.0578791586496907,0.0549764773075602,0.0563282360900817,0.0599329314137929,dinoflagellate,pavlova
45,0.0718176579366786,0.0730735622648957,0.0669138084713912,0.0567344167291053,0.0582852677104569,0.0551286421598286,0.0563411342892554,0.0600504899126612,dinoflagellate,pavlova
45,0.0713405307845136,0.0728005622012283,0.0662204673562867,0.0569505132187908,0.057571610141527,0.05518236285217,0.0559544176395963,0.0595513026157686,dinoflagellate,pavlova
45,0.0713779304803679,0.0723801237896438,0.0674084747570005,0.0564596491141299,0.057310075814253,0.05518236285217,0.0553237986470631,0.0603152280689761,dinoflagellate,pavlova
50,0.0786576370142957,0.0803673236438859,0.0727772274638422,0.0620721352791919,0.0626970349852145,0.0607046719004932,0.0614776378066237,0.0659803584636261,dinoflagellate,pavlova
50,0.0788102219636395,0.0809726780176586,0.0722465377481323,0.0617114594355645,0.0623057499970203,0.0604228887936024,0.0608751399910747,0.0656483399088321,dinoflagellate,pavlova
50,0.0787720698761521,0.0808911240716302,0.0733086658859365,0.0624534022788423,0.0627434871754288,0.0607592362018196,0.0618580659082508,0.0660105670061965,dinoflagellate,pavlova
50,0.0788197605950786,0.0803208033354017,0.0729703910608952,0.0622727311425687,0.0627036706413643,0.0610959000113829,0.0619105747886474,0.066161672411163,dinoflagellate,pavlova
50,0.0787911454322668,0.0804254831425963,0.0732603223082629,0.0624534022788423,0.0633412701053091,0.0612506896304911,0.0617661964030174,0.0664339258116655,dinoflagellate,pavlova
50,0.0789151603233805,0.0804603837034994,0.0729124315804846,0.0623329406492787,0.0631286100635995,0.060722859076618,0.0616743536568204,0.0664339258116655,dinoflagellate,pavlova
50,0.0791155791820949,0.0800069606153401,0.0729124315804846,0.0621924738824971,0.0626903994527271,0.060150406544285,0.0612679427485253,0.0656483399088321,dinoflagellate,pavlova
50,0.0782764474063334,0.0800069606153401,0.0729414102059416,0.0623931643591358,0.0626837640438973,0.061223368950169,0.0614776378066237,0.0658595660495725,dinoflagellate,pavlova
50,0.0780098462000223,0.0807862982496725,0.0728737968807217,0.0622125358323078,0.0624118186942859,0.0613144459965205,0.0618055657705915,0.065527730892518,dinoflagellate,pavlova
50,0.0789819546490569,0.0807746529666736,0.0730670100170662,0.0625136544151056,0.0633146806530153,0.0612962287329342,0.0613989858166791,0.0660407797266997,dinoflagellate,pavlova
60,0.0995500349776879,0.0996631024838768,0.0905611082599955,0.077082472726818,0.0774785197424477,0.0753495818217224,0.0763903307992625,0.0823461358727432,dinoflagellate,pavlova
60,0.0999334127364173,0.1001316899860975,0.0903789474428822,0.0772952213576174,0.077443937107051,0.0755201396891475,0.0763628415157741,0.0822484886647179,dinoflagellate,pavlova
60,0.0994088897770256,0.100008313734584,0.0908952987202047,0.0776573014097295,0.0777276139207411,0.0752264516707892,0.076610331384537,0.0828024008533923,dinoflagellate,pavlova
60,0.0990965438498047,0.0997740243372125,0.090014889866559,0.0771037396135965,0.0769532258294876,0.0751128306575992,0.0759233385944698,0.0822484886647179,dinoflagellate,pavlova
60,0.0993484153173629,0.0995029470340091,0.0909256943781169,0.0772313781508032,0.0776930070845246,0.075690778877873,0.0768029578933311,0.0827045495302556,dinoflagellate,pavlova
60,0.1001555484559358,0.0999713097441886,0.09102703095528,0.0769761648584548,0.077520023339126,0.0755011848005405,0.0763490977726728,0.0825415613295663,dinoflagellate,pavlova
60,0.1002767691566696,0.1000576587665186,0.0912906337108648,0.0772526574458508,0.0778176074396077,0.0753780024889366,0.0768580156595009,0.0822484886647179,dinoflagellate,pavlova
60,0.099066330695875,0.099109045097827,0.090571230888746,0.0768911504247072,0.0777760691429496,0.0751222976977338,0.0764453165568442,0.0827697788753954,dinoflagellate,pavlova
60,0.0996105421262479,0.0998726524744417,0.0912399265450179,0.0774229556875929,0.0779214743870388,0.0758140689105523,0.0768993152940492,0.0824764000836693,dinoflagellate,pavlova
60,0.1001151503056404,0.0997370462929678,0.0904396579279753,0.0774868468267422,0.078011516923414,0.0752643333592826,0.0765965768500388,0.0822484886647179,dinoflagellate,pavlova
70,0.107211095766757,0.1027083029321779,0.0937122243725487,0.0783402600974029,0.0800052016661518,0.0775636673340516,0.0770783429117553,0.0837177996946576,dinoflagellate,pavlova
70,0.1071081810994834,0.1033804940487468,0.093793893431078,0.0785112856219266,0.0799494770569256,0.0777638946517077,0.0774642864434802,0.0839800483158885,dinoflagellate,pavlova
70,0.1064091131379923,0.1029695498632126,0.0931919999525555,0.0787252287687679,0.0800679022777484,0.0778020458924982,0.0766240865190541,0.0838161060378376,dinoflagellate,pavlova
70,0.1072625637469345,0.1021988375696758,0.0943149503345756,0.0785968413674274,0.080660619926201,0.077382605760448,0.0774918719232277,0.0839144566398966,dinoflagellate,pavlova
70,0.107180218385982,0.1032434564672458,0.0939879284389556,0.0788322676123908,0.080541997436377,0.077516010669706,0.0774780788816886,0.0841441137199578,dinoflagellate,pavlova
70,0.1076642578272962,0.1027829240639225,0.0942229467274252,0.0782120660991356,0.0799494770569256,0.0776685343389381,0.0771885642974982,0.0839472500161122,dinoflagellate,pavlova
70,0.1073449272846679,0.103343114586529,0.0939062173058025,0.0783402600974029,0.0805140920046844,0.0775446039067849,0.0776574355007009,0.0840456596920388,dinoflagellate,pavlova
70,0.107128761762219,0.1026834329258895,0.0935183312934337,0.0786182347844747,0.0804443379922171,0.0776876043688732,0.076954389889369,0.0839472500161122,dinoflagellate,pavlova
70,0.1073552240053392,0.1028824448466022,0.0936816030399823,0.0788750957188803,0.0804234144529126,0.0774969497807099,0.0774367033768437,0.0837505635605233,dinoflagellate,pavlova
70,0.1078291805804668,0.1030193343593995,0.0936611902010926,0.0784685184985859,0.0799773382714002,0.0774778899068327,0.0773126094279137,0.0836195375705403,dinoflagellate,pavlova
80,0.1225282560123961,0.1165456758501157,0.1054059570138002,0.0882763190215837,0.089171166074502,0.0857394549512046,0.0865448905076431,0.0954616179329055,dinoflagellate,pavlova
80,0.1227428018684648,0.1172203533736818,0.1052901517126283,0.088609824414779,0.0894357320846765,0.0855444635266866,0.0868147128807191,0.0954961914987369,dinoflagellate,pavlova
80,0.1233334398540099,0.116506793695946,0.1061859375894899,0.0882985391653973,0.089700494823918,0.086188338815874,0.0868005059453924,0.0957383597912939,dinoflagellate,pavlova
80,0.122914527418593,0.1170515561847957,0.1053848988562389,0.0882318845349717,0.0890282392278894,0.0859443103513013,0.0867862996501476,0.0958076000692904,dinoflagellate,pavlova
80,0.12325821580217,0.11689581907397,0.1058589923757598,0.0885653318489318,0.0895001157143562,0.0856224473482529,0.086388783022555,0.0959461464987005,dinoflagellate,pavlova
80,0.1226998828271176,0.1167660935958567,0.1055533970881781,0.088254100811554,0.0890925492090896,0.0864325337868698,0.0869568174511774,0.0956691414525494,dinoflagellate,pavlova
80,0.1230755919322243,0.1163513103270277,0.1053217314459692,0.0888546722267405,0.0892640993003773,0.0857101994639168,0.0866868735008803,0.0953233783616098,dinoflagellate,pavlova
80,0.1224317506095242,0.1167531238187732,0.1060487969819214,0.0886320736057979,0.0890139496982195,0.0858369905176401,0.0870989860933141,0.0954270498380078,dinoflagellate,pavlova
80,0.1225497050475424,0.1170126150988103,0.1055428637402373,0.0885653318489318,0.0895859786677486,0.085963826506378,0.0865306957240158,0.0958076000692904,dinoflagellate,pavlova
80,0.1226784251575905,0.1163642645102977,0.1054480768609197,0.0882985391653973,0.0891640183694059,0.0857199510272941,0.0870989860933141,0.0955307705372342,dinoflagellate,pavlova
90,0.1353579905961327,0.1281108220337587,0.1167574855544455,0.0975066105207965,0.0985646588429009,0.0953965079430727,0.0958801538641615,0.1055796147202111,dinoflagellate,pavlova
90,0.136191373099778,0.1283255812016139,0.1165839014622709,0.0970462816146417,0.0983959051140651,0.0951561336570106,0.0960410330200709,0.1058332297294997,dinoflagellate,pavlova
90,0.1357244495980733,0.1282987287528074,0.1169962943657374,0.0975526890954519,0.0978388521983921,0.0948358855426177,0.0952666419178891,0.1055434080282827,dinoflagellate,pavlova
90,0.1358466826223306,0.1282316070740984,0.1162153006454247,0.0970462816146417,0.0986600767761154,0.095958009924042,0.0965241635735458,0.1057969809821751,dinoflagellate,pavlova
90,0.1355134140977617,0.1282853033379172,0.1174743666611166,0.0974835743518492,0.0988730243548137,0.0950960653031088,0.0960410330200709,0.1056158274140778,dinoflagellate,pavlova
90,0.1355467275583706,0.1285001747597781,0.1170614503257174,0.0975987759882903,0.0987995797680227,0.095196184828102,0.0960995548884744,0.1054710126422846,dinoflagellate,pavlova
90,0.1354578982720799,0.1284195817767683,0.1174961116430749,0.097690974740533,0.0990052627997581,0.0952462550957812,0.0963483940742835,0.1057607382487448,dinoflagellate,pavlova
90,0.1360579067521161,0.1281779194413849,0.1169202933204577,0.0980831913300031,0.0984766034405601,0.0960081868959724,0.0959678959552721,0.1060508486170796,dinoflagellate,pavlova
90,0.1360134285764404,0.1281913405405489,0.1168551617697882,0.097460540261322,0.098953830901762,0.0957373147848151,0.0964069730212827,0.1056882708155873,dinoflagellate,pavlova
90,0.1344821693032878,0.1287555142415719,0.1161936294728058,0.0978985437550538,0.0986894412852657,0.0949559450058913,0.0953980083095349,0.1057607382487448,dinoflagellate,pavlova
100,0.1488402042668546,0.1423515817914452,0.1284505566411627,0.1078017248323336,0.1084767127139373,0.1044982775200721,0.1053947472999067,0.1176000772784801,dinoflagellate,pavlova
100,0.1493007985918541,0.142645766055836,0.1285401163948795,0.1073943019045462,0.1078057487609635,0.104765580067455,0.1055002519868389,0.1172560265157458,dinoflagellate,pavlova
100,0.1491049765279282,0.1427999660471295,0.129044287149802,0.1079696763815792,0.1077605606962413,0.1042003677105569,0.1048677527445597,0.1177148813847836,dinoflagellate,pavlova
100,0.1489783228748732,0.1430805121845756,0.128887361702284,0.1080176828394463,0.1091943080514465,0.1050124982064097,0.1052139642126497,0.1181363467137548,dinoflagellate,pavlova
100,0.1496696838569976,0.1427298663167108,0.1284841390535436,0.1079936784821173,0.1092018693837077,0.1043236106601055,0.1053796780831458,0.1180596561476696,dinoflagellate,pavlova
100,0.1490934607828136,0.1415264480367723,0.1290779225383823,0.1072267283230882,0.1078509425613034,0.1051875016840024,0.1058320681550841,0.1177148813847836,dinoflagellate,pavlova
100,0.1493929857239603,0.1428560564262528,0.1291900621963682,0.1082338236810726,0.1092094308765459,0.1043441552784641,0.1052139642126497,0.1178297458560568,dinoflagellate,pavlova
100,0.1493814610867904,0.1430384152386992,0.1290667104084763,0.1080656983261753,0.1091187035590719,0.1050536677971266,0.1053043428000128,0.1181363467137548,dinoflagellate,pavlova
100,0.1488632204846889,0.1427438850858594,0.1285289202611166,0.1081137228451628,0.1083861718843506,0.1044982775200721,0.105334474753407,0.1177148813847836,dinoflagellate,pavlova
100,0.1496581506705257,0.1430384152386992,0.1292685798250753,0.1084261026147974,0.1087333701641408,0.1046216231189863,0.1053947472999067,0.1175235747123857,dinoflagellate,pavlova
2,0.0033480020214537,-0.0034164741329583,-0.0033506465384829,-0.0028173052060164,-0.0028981691064466,-0.002552774942492,-0.0032181130113457,-0.0034287141405331,dinoflagellate,s. zambalensis
2,0.0035865796305336,-0.0031801849595146,-0.0030391373860078,-0.0025060156759353,-0.0027955796927263,-0.0024111277951313,-0.0030400879098648,-0.0032182921542041,dinoflagellate,s. zambalensis
2,0.0035786245853819,-0.0028680270732751,-0.0026534930565871,-0.0022599923918048,-0.0028183798947961,-0.0020488857333008,-0.0030400879098648,-0.0031481064266124,dinoflagellate,s. zambalensis
2,0.0037218413535047,-0.002886954040147,-0.0028012332816574,-0.0021122645399529,-0.0029836377109025,-0.0022458019024247,-0.0027283019209237,-0.0031013034108468,dinoflagellate,s. zambalensis
2,0.0037695924945095,-0.0025271581383804,-0.0023167571879918,-0.0018329895970654,-0.0029608480889729,-0.0019622082827461,-0.0023492897107629,-0.0031013034108468,dinoflagellate,s. zambalensis
2,0.003825309883704,-0.002536631418798,-0.0020208382707327,-0.0017507917335184,-0.002727170325165,-0.0018203271574026,-0.0020703133277873,-0.0030076672862884,dinoflagellate,s. zambalensis
2,0.0040960556138379,-0.0024797877055478,-0.0015353567871652,-0.0015863165685813,-0.0026815567771266,-0.0017966748337106,-0.0020144884199607,-0.0027499608026776,dinoflagellate,s. zambalensis
2,0.0042554096266387,-0.0024703128127256,-0.0011893781602569,-0.0014711208728572,-0.0025560893816457,-0.0016468404728501,-0.0017240394701605,-0.002515418075348,dinoflagellate,s. zambalensis
2,0.0046221823361264,-0.0020910965314067,-0.000876075825403,-0.0013723403174808,-0.002367805352108,-0.001583733549156,-0.0015004350030704,-0.0022336339985474,dinoflagellate,s. zambalensis
2,0.0049174570115471,-0.0018348819304178,-0.0007193268853557,-0.0013064653739634,-0.0021965516106303,-0.0012048581452984,-0.0012430936833473,-0.0020220571536792,dinoflagellate,s. zambalensis
4,-0.0053116772012165,-0.0092050257974564,-0.0089787916349821,-0.0078915034888526,-0.0073493229534966,-0.0082428747709397,-0.0086001513772526,-0.0092397148828747,dinoflagellate,s. zambalensis
4,-0.0049153159891938,-0.0090006737121399,-0.0085991835290359,-0.0077469995335676,-0.0071917098046554,-0.0078632357174559,-0.0084360810451908,-0.0092397148828747,dinoflagellate,s. zambalensis
4,-0.0044951799836245,-0.0086474071738807,-0.0084375320632534,-0.0075702724402616,-0.0071354024817736,-0.0074676730215644,-0.00839231453446,-0.0089892605506046,dinoflagellate,s. zambalensis
4,-0.0041447049129571,-0.0082565194860271,-0.0083162479229971,-0.0072325442618786,-0.0068086442964857,-0.0073434847701434,-0.0080419635805788,-0.0089209049593558,dinoflagellate,s. zambalensis
4,-0.004136912837792,-0.008004992761934,-0.0080978380148309,-0.0071359683794388,-0.0066789846948834,-0.0072192534099628,-0.0076692886637017,-0.0086472685036397,dinoflagellate,s. zambalensis
4,-0.0039264652754593,-0.0077905797526619,-0.0078064276724816,-0.0070071436802577,-0.006684623050777,-0.0070872103218802,-0.0072632295586673,-0.0084189760016737,dinoflagellate,s. zambalensis
4,-0.0039030748844723,-0.0076320120595237,-0.007911685192284,-0.0071198688465825,-0.0063292321390979,-0.0067296728053694,-0.0072522477275454,-0.0084418159907426,dinoflagellate,s. zambalensis
4,-0.0034661848925404,-0.0072119103119183,-0.007441847435478,-0.0070393559498336,-0.0063010113118196,-0.0063484243246472,-0.0070435202329446,-0.0081675783877226,dinoflagellate,s. zambalensis
4,-0.003325647257997,-0.0071838847325068,-0.0073445664150883,-0.0068460213384091,-0.005962186802809,-0.0060291081113095,-0.0069116211159992,-0.0079845618724624,dinoflagellate,s. zambalensis
4,-0.0030444130895659,-0.0070437215510938,-0.0071255922191835,-0.0067331751650506,-0.0056852407446462,-0.0058030781522636,-0.006537607044593,-0.0078471987940002,dinoflagellate,s. zambalensis
6,0.0062290626083712,0.0030227509456899,0.0016314648601052,0.0024767848031796,0.0038265897158139,0.0045750900734387,0.0030393171692416,0.0027813932797886,dinoflagellate,s. zambalensis
6,0.0061089069364077,0.0034371901027284,0.0014156404336251,0.0025603822832759,0.0035421485607722,0.0044065838029166,0.0034594128532952,0.002829484215646,dinoflagellate,s. zambalensis
6,0.0064053609479905,0.0038231771266458,0.0016480718620856,0.0026440071463463,0.0039776099993668,0.0046553590487239,0.0038231907511526,0.0030941737702791,dinoflagellate,s. zambalensis
6,0.0066860073672633,0.0042096107269204,0.0016314648601052,0.0026941952154805,0.0044252384961379,0.0050167923935542,0.00414184105183,0.0032868769035161,dinoflagellate,s. zambalensis
6,0.006886598411103,0.0044126674855894,0.0018557211856458,0.0029452836619587,0.0046696368932053,0.0053625034095164,0.0045292069802206,0.003335079259239,dinoflagellate,s. zambalensis
6,0.0071836711981369,0.0048482052483284,0.0019055740605675,0.0032301494207094,0.0048617819594205,0.0057568606985643,0.0046660380644435,0.0036245169633893,dinoflagellate,s. zambalensis
6,0.007521175828705,0.0051582668846357,0.0021965140686874,0.0034649836547832,0.0051764249922184,0.0058776692416894,0.0050883080866163,0.0037452292807947,dinoflagellate,s. zambalensis
6,0.0078750798490556,0.0054201054641963,0.002429427975632,0.0035489054011045,0.005287198885263,0.0055958460507289,0.0049056354326242,0.003672793886293,dinoflagellate,s. zambalensis
6,0.0080441069936456,0.0056044853663666,0.0026624859870004,0.0039016782939455,0.0054213397239682,0.0057407559735438,0.0051225709940213,0.0038418471838514,dinoflagellate,s. zambalensis
6,0.0081165706446845,0.0059832685584389,0.0027540839569222,0.0041034818817025,0.0057014487126669,0.0062000248686145,0.0052139569530143,0.0039626796861024,dinoflagellate,s. zambalensis
8,0.0025141796488399,0.0029457026906078,0.0018723380775431,0.0028950462129393,0.0017305501198452,0.0012517532458741,0.0020763470427393,0.0026131583271149,dinoflagellate,s. zambalensis
8,0.0028871840831144,0.0031287213256416,0.0023212714656476,0.0030290347181129,0.0020366588978987,0.001466516624719,0.0021329110084579,0.0026371839609307,dinoflagellate,s. zambalensis
8,0.0030936872663551,0.003311840301292,0.002729100483369,0.0031798558902217,0.0022331692200203,0.0018804984542305,0.0023819130736314,0.0029016404756745,dinoflagellate,s. zambalensis
8,0.0033082539133018,0.0034757687385947,0.0028207146551052,0.0034482026154249,0.0024297880567233,0.0019681329311284,0.0023932360227682,0.0030700978265451,dinoflagellate,s. zambalensis
8,0.0036979680744216,0.0038038671778458,0.0029790098154033,0.0038008362878212,0.0025223521505733,0.0020239115003118,0.0025064878830667,0.0032627797135683,dinoflagellate,s. zambalensis
8,0.0037059256644005,0.0038038671778458,0.0030956909348402,0.0039016782939455,0.0029855339200115,0.002255086799849,0.0026197804346064,0.0033832922533102,dinoflagellate,s. zambalensis
8,0.003873074268822,0.0040839707597017,0.0034209219038264,0.0038848685265527,0.0032753287982981,0.0025741945107051,0.0026537761392326,0.0034315158904267,dinoflagellate,s. zambalensis
8,0.0038571521277327,0.0044126674855894,0.0034626384971511,0.004002560148071,0.0035131367252894,0.0029015754712742,0.0030506637507234,0.0036003825021981,dinoflagellate,s. zambalensis
8,0.0042872885975924,0.0041999444359709,0.0032791200336614,0.0041203060500295,0.0038962834258248,0.0032452482831366,0.00283514849169,0.003793532890776,dinoflagellate,s. zambalensis
8,0.0046142051815803,0.0043933234271877,0.0033625264335678,0.0041539577131884,0.0042449567466002,0.0035252258074401,0.0029372163054278,0.0038660083380263,dinoflagellate,s. zambalensis
10,0.0020147791607817,0.0014563902517524,-2.5548863459577466e-05,0.0013425684290205,0.0011767580971195,0.0004733227483908,0.0005979751853695,0.0011048457165511,dinoflagellate,s. zambalensis
10,0.0022049481597429,0.0016098187218728,0.0002059947209743,0.0015923304011848,0.0014939293920324,0.0006161729039756,0.000913381153705,0.0011048457165511,dinoflagellate,s. zambalensis
10,0.0024190041996339,0.0019744940541402,0.0003135454984344,0.0017589742335932,0.001898010998363,0.000703498298834,0.0009922819667272,0.0012480466887391,dinoflagellate,s. zambalensis
10,0.0028157288311705,0.0022722875340345,0.000702639324462,0.0018256622355881,0.0020655506736918,0.0006955587460355,0.0012291029341057,0.0013913415940083,dinoflagellate,s. zambalensis
10,0.0031095768613879,0.002416476526949,0.0007937619054979,0.0019257269124055,0.002510780322772,0.0011483946022554,0.0014209455054872,0.0016064603462515,dinoflagellate,s. zambalensis
10,0.003475224429131,0.0025414906908181,0.0009014806552704,0.0020758975046029,0.0027307093866557,0.0012597051473044,0.0014435228953045,0.0017260623614209,dinoflagellate,s. zambalensis
10,0.0035945348452897,0.0028205371713243,0.0010423901304608,0.0023263782868883,0.0027538677187289,0.0016177237023273,0.0018049811628539,0.0017260623614209,dinoflagellate,s. zambalensis
10,0.0039606581917276,0.0031287213256416,0.0014986351950947,0.0025102205104089,0.0027538677187289,0.0018008493648788,0.0021894851229101,0.0017739215083425,dinoflagellate,s. zambalensis
10,0.00400843990716,0.0033600461963198,0.0018224896007577,0.0025269400062848,0.003188365566556,0.0020717286226633,0.0024158831409316,0.0018217911426417,dinoflagellate,s. zambalensis
10,0.0040243685054678,0.0036976824100465,0.001955433534149,0.0025771050646781,0.0036350023228788,0.0024864115223222,0.0025291431371397,0.0020373344016182,dinoflagellate,s. zambalensis
12,0.005173018274286,0.0023684066127431,0.0002142667675814,1.4615670606715717e-05,0.0018113834693687,0.0023747188505157,-0.0004810277674954,-0.0001560358659301,dinoflagellate,s. zambalensis
12,0.0053887843236499,0.0024741695575449,0.0003631946776758,0.0002133687691505,0.0018056090500712,0.0028216988384894,-0.0004810277674954,-1.3659318254983711e-05,dinoflagellate,s. zambalensis
12,0.0055167045872733,0.0024934027824897,0.000702639324462,0.0003459568490899,0.0022620769463273,0.0030693744514711,-0.0002453111750925,0.0001763205395714,dinoflagellate,s. zambalensis
12,0.0056446687211813,0.00271466450918,0.0009594958203779,0.0003956951371685,0.0026149403143975,0.0033012262684798,0.0001366992082139,0.0004378129074562,dinoflagellate,s. zambalensis
12,0.0057886808480077,0.0028205371713243,0.0012414109328143,0.0005781518102392,0.0029391886196955,0.0035092211900501,-9.930302492290946e-05,0.0002951419051607,dinoflagellate,s. zambalensis
12,0.005932748579166,0.0031865375252493,0.0012994784795112,0.0007607389747487,0.0032753287982981,0.0036052596319807,-9.930302492290946e-05,0.0005805771486227,dinoflagellate,s. zambalensis
12,0.0061729851463028,0.0035047056400033,0.0015235371897287,0.0010431762415174,0.0033797127205917,0.0037093303683549,-5.436383492977146e-05,0.0007948986000809,dinoflagellate,s. zambalensis
12,0.0063652858284333,0.0035625869648686,0.0019138835145436,0.001192828447559,0.0037336859842973,0.0039656334935724,0.0002716369768521,0.0009617385543747,dinoflagellate,s. zambalensis
12,0.0067341393840094,0.0035915313891945,0.0021466226769421,0.0015257033133961,0.0037627157965072,0.0041179003666622,0.0003841292456347,0.0010332804168939,dinoflagellate,s. zambalensis
12,0.0067180946885456,0.0035818829690509,0.0025625863252519,0.0017423049546095,0.0038846668601163,0.0045510128910531,0.0006880589874402,0.00115256894454,dinoflagellate,s. zambalensis
14,0.0122297258919215,0.0089604571521842,0.0077759427191465,0.0059608192827767,0.0082559144270087,0.0079052729401652,0.0057170537108053,0.0065157248167847,dinoflagellate,s. zambalensis
14,0.0124984939458214,0.0090781367744003,0.0079025620625247,0.0061472983749708,0.0086854084842497,0.0082537868178396,0.0058429534234195,0.0066135761399213,dinoflagellate,s. zambalensis
14,0.0128734636349105,0.0094216060191789,0.0082150718717486,0.0062830051381318,0.0086618611424317,0.0086838179144001,0.0059574513461901,0.0068583963776375,dinoflagellate,s. zambalensis
14,0.0131753433729354,0.0095590926748556,0.0081981728195774,0.0066225879790818,0.0089504234403311,0.0088543506266528,0.0061751120097047,0.0068583963776375,dinoflagellate,s. zambalensis
14,0.0135101442757723,0.0095983849735068,0.0086800931468929,0.0067925489348199,0.0092687019782769,0.0089762094761761,0.0065076208660136,0.0069073933667967,dinoflagellate,s. zambalensis
14,0.0136572249862312,0.0099915623988972,0.0090355872758091,0.0069285992136512,0.0095282505665331,0.0089762094761761,0.0068175135946951,0.0069073933667967,dinoflagellate,s. zambalensis
14,0.0140579053449104,0.0100604160586788,0.0092304048917511,0.0070987640817688,0.0095105480604763,0.0090249646362143,0.0069093921824305,0.0070544503062107,dinoflagellate,s. zambalensis
14,0.0142870588796714,0.0101391233397993,0.0097051651736303,0.0073542242366873,0.009599069393379,0.0087487731760162,0.0071966854454247,0.0070544503062107,dinoflagellate,s. zambalensis
14,0.0145327367951611,0.0104639870664838,0.0099937046916516,0.0076099402697376,0.0098352339305331,0.0090574717665973,0.0071966854454247,0.0071770734221164,dinoflagellate,s. zambalensis
14,0.0145327367951611,0.0104836859361365,0.0104949307558201,0.0076099402697376,0.0101720392737931,0.0094152452111042,0.0073691871325615,0.0073243120764772,dinoflagellate,s. zambalensis
16,0.0041119879529296,0.0026857959702059,0.0025126464278336,0.0022428573838025,0.0028580988567337,0.0015858853239323,0.0016580887648383,0.0021811481495707,dinoflagellate,s. zambalensis
16,0.0042315021856919,0.0029457026906078,0.0026624859870004,0.0024767848031796,0.0029449814523497,0.0016734476809072,0.0017145777429455,0.0022291071124965,dinoflagellate,s. zambalensis
16,0.004678027193718,0.002974593703468,0.0029206828063499,0.0025269400062848,0.0030492685593014,0.0020079738791604,0.0019632495429424,0.0023730472068214,dinoflagellate,s. zambalensis
16,0.0047498400084324,0.0031961745315918,0.0030290115838923,0.0026440071463463,0.0030608579013426,0.0020000053347302,0.0022800248244914,0.002397046446093,dinoflagellate,s. zambalensis
16,0.0050851493457306,0.0034564788636658,0.0033708680893808,0.0026440071463463,0.0033275169342389,0.0020239115003118,0.0023479466656502,0.0025170822067097,dinoflagellate,s. zambalensis
16,0.0053568111089516,0.0036590781353503,0.0037631344270406,0.0029285367471845,0.0035653597312824,0.0021195521346883,0.0026311119289046,0.0027092767205917,dinoflagellate,s. zambalensis
16,0.0053408255289606,0.0036397776710822,0.0038633530306005,0.0029620316753597,0.0036233942782954,0.0024385389660086,0.0030393171692416,0.0028054374243564,dinoflagellate,s. zambalensis
16,0.0055087082858468,0.0040163380401632,0.004356482693074,0.0032972228771701,0.0039369443906475,0.0027019173061478,0.0033117478804531,0.0028535336542403,dinoflagellate,s. zambalensis
16,0.0059247433568381,0.0044320126643791,0.0044317626431681,0.0035321188447527,0.0042798428652636,0.0027338551284217,0.0033231042697163,0.0031182523677408,dinoflagellate,s. zambalensis
16,0.0060448397289527,0.004828835949767,0.0048000146762243,0.003733630405976,0.0045415977636768,0.0027977393246252,0.003391251195863,0.0031905040883433,dinoflagellate,s. zambalensis
18,0.0067180946885456,0.0046448836138074,0.004005375043618,0.0034314226790303,0.0043554411836757,0.0032772346312045,0.0026084493475132,0.0033109767518774,dinoflagellate,s. zambalensis
18,0.0070070048193575,0.0046642422473828,0.004498690786614,0.0034649836547832,0.0045357788970961,0.0035892514351804,0.0028124712414336,0.0033832922533102,dinoflagellate,s. zambalensis
18,0.0073122083962566,0.0047320063021069,0.0049926534293637,0.0035153333920898,0.0045590549340065,0.0039816585350701,0.0030620107405245,0.0035038713120928,dinoflagellate,s. zambalensis
18,0.007641787219373,0.005032269628353,0.0050513021746087,0.0038176405229555,0.0048035452312074,0.0042942903502394,0.003152801361956,0.0036969363491843,dinoflagellate,s. zambalensis
18,0.0078670328469892,0.005323104277356,0.0052859885118257,0.0039521142380399,0.0049375039489826,0.0043424118013627,0.0033231042697163,0.0039143386646062,dinoflagellate,s. zambalensis
18,0.0081809945953434,0.0055268393173029,0.0051015797965139,0.0042212743496193,0.0048443099407946,0.0047757962777113,0.0036980947551892,0.0039868542089235,dinoflagellate,s. zambalensis
18,0.0086161474517456,0.0058861037041393,0.0050931997268289,0.0043222825971031,0.0053105240968993,0.0048802080037224,0.0039369574669391,0.0040352112816722,dinoflagellate,s. zambalensis
18,0.0089630213778174,0.0062360295447365,0.0055124317542077,0.0043896436376483,0.0052930300449219,0.0052740339152902,0.0039824756489884,0.0040593938327845,dinoflagellate,s. zambalensis
18,0.0090356637250344,0.0063722108839617,0.0055376005192829,0.0044570224562461,0.0056430744985713,0.0055475557789881,0.0039824756489884,0.0040593938327845,dinoflagellate,s. zambalensis
18,0.0091163940343784,0.006625266489265,0.0058229641157424,0.0044738699398161,0.0060343645993527,0.005628043185536,0.0041987767927719,0.0040593938327845,dinoflagellate,s. zambalensis
20,0.009374848464593,0.0064403223808576,0.0038048889382355,0.0031295722655602,0.005001588982011,0.0054670864696649,0.0027104437931876,0.003335079259239,dinoflagellate,s. zambalensis
20,0.0092779070726989,0.0062943861770681,0.0042477715404694,0.0033307662147804,0.0047511403185706,0.0053222872919221,0.0025971186675956,0.0034315158904267,dinoflagellate,s. zambalensis
20,0.009487978596791,0.0067031683401836,0.0047162894147477,0.0035992716937452,0.004867606156159,0.0057085486974505,0.0028011332278745,0.0034797501752881,dinoflagellate,s. zambalensis
20,0.0095607232272534,0.0066934296151148,0.0049005095605087,0.0036328547432786,0.0051414509215171,0.005982402975842,0.0028691674253593,0.0035521215773912,dinoflagellate,s. zambalensis
20,0.0096173121909115,0.0071027007522321,0.0051853907485469,0.0037000340982311,0.0051764249922184,0.005982402975842,0.0029031900296745,0.0038418471838514,dinoflagellate,s. zambalensis
20,0.0098842043938775,0.0074051038369904,0.0056802552950463,0.0039689284338628,0.0054680092553531,0.0060629882482337,0.0030052798744184,0.0038901721647475,dinoflagellate,s. zambalensis
20,0.0101189037269256,0.0078347917539558,0.0056886484351043,0.0039689284338628,0.0057189628432422,0.0064661870152297,0.0030506637507234,0.0041803467594391,dinoflagellate,s. zambalensis
20,0.0104347668077642,0.0078738817164674,0.0058565505205044,0.0039689284338628,0.0059934634220605,0.0064581185866628,0.0031301012556827,0.0043497934438449,dinoflagellate,s. zambalensis
20,0.0108968943625665,0.0081867662211275,0.0063270748958356,0.004053016027978,0.0060402080082413,0.0067325472550043,0.0033117478804531,0.0044709073102559,dinoflagellate,s. zambalensis
20,0.0113758405172173,0.0086174615539206,0.0064447978807664,0.0041707852083126,0.0060460515130294,0.0072011764951931,0.003368533917319,0.0045678467727964,dinoflagellate,s. zambalensis
25,1.9670616971292478e-07,-0.0043128515657048,-0.0041937071383835,-0.0053426931066013,-0.0042461801933684,-0.0056315118729919,-0.0059316434264195,-0.0065609610108035,dinoflagellate,s. zambalensis
25,0.0001499283918102,-0.0041149119832078,-0.003735578163419,-0.0053102660340078,-0.0038371972727254,-0.0054910782617828,-0.0057661783142316,-0.0063304766306443,dinoflagellate,s. zambalensis
25,0.0003549217999848,-0.0040771959021696,-0.0033014780058973,-0.0052616177011166,-0.0034732621016651,-0.0051866162626257,-0.0053908022865019,-0.0060997488153108,dinoflagellate,s. zambalensis
25,0.0007415619265666,-0.0038696812935574,-0.0029243058878289,-0.0050993896075945,-0.003404982825268,-0.0051944262169453,-0.0053355622194289,-0.0058456664363897,dinoflagellate,s. zambalensis
25,0.0007415619265666,-0.0038696812935574,-0.0025796012090245,-0.0047746238314679,-0.003091868499806,-0.0051163190032553,-0.0051366178099775,-0.0057300766801344,dinoflagellate,s. zambalensis
25,0.0008678985830445,-0.0038130640172946,-0.0022017052309698,-0.0044657132061956,-0.003074781614896,-0.0046707820877476,-0.0048047646033561,-0.0056375608184022,dinoflagellate,s. zambalensis
25,0.0012866945527412,-0.0037092407447583,-0.00194682220401,-0.004368084775872,-0.0030121226872375,-0.0046551391368652,-0.0044947195183429,-0.0054292567630734,dinoflagellate,s. zambalensis
25,0.0015239573780707,-0.003454264892968,-0.00168353611952,-0.004237855433159,-0.0029152644686895,-0.004608206181358,-0.0042398113657903,-0.0053366133879572,dinoflagellate,s. zambalensis
25,0.0019910148492914,-0.0030761647430116,-0.0014612452565514,-0.0041564283466443,-0.0028240797171947,-0.004616028768034,-0.0040068890291133,-0.0050816413363315,dinoflagellate,s. zambalensis
25,0.0022762865294827,-0.0028396346118183,-0.0011646532372721,-0.0038467683449709,-0.0025846085812941,-0.0042873328216467,-0.0039403081752211,-0.0050352507914024,dinoflagellate,s. zambalensis
30,0.0038810355941608,-0.0006556620148689,-0.0010492488003447,-0.0022107592719559,-0.0013562155845294,-0.0023087922005578,-0.0026168750252651,-0.0023745714713392,dinoflagellate,s. zambalensis
30,0.0038571521277327,-0.0004746066902063,-0.000612040015949,-0.0021451003396362,-0.0012646306427345,-0.0021985519021307,-0.0023827502961451,-0.0023276024160626,dinoflagellate,s. zambalensis
30,0.0042713487716593,-0.0002171485952063,-0.0005460021357617,-0.0021286829677013,-0.0010813900568952,-0.0022064273353988,-0.002081477123432,-0.0021161166062626,dinoflagellate,s. zambalensis
30,0.0042474403094525,-7.221094806746184e-06,-0.0004799526763296,-0.0018001136273869,-0.0008120843624399,-0.00207252139511,-0.0016681532173683,-0.0018808919951319,dinoflagellate,s. zambalensis
30,0.0045344430146879,0.0001932874048555,-0.0003147783418953,-0.0017672334235698,-0.0005368383618422,-0.0018912747510085,-0.0014109487983324,-0.0017631846399214,dinoflagellate,s. zambalensis
30,0.0047498400084324,0.0003843598532457,-0.0001412673053987,-0.0017179051764479,-0.0001178267799911,-0.0015048342429046,-0.0012542868047362,-0.0016689730696202,dinoflagellate,s. zambalensis
30,0.004813685226589,0.0005851036342858,0.0003466442241425,-0.0014381982675907,0.0001752001950279,-0.0012601357959626,-0.0012654795288044,-0.001645413827187,dinoflagellate,s. zambalensis
30,0.0048296482382195,0.000709434083583,0.0004873462632426,-0.0013723403174808,0.0005202468396519,-0.0009994663741573,-0.0011535344053034,-0.0015982877186555,dinoflagellate,s. zambalensis
30,0.0050851493457306,0.0010061012868265,0.000578416772515,-0.001273521526936,0.0008368336050834,-0.0008572029888044,-0.000996744433515,-0.0014568483642487,dinoflagellate,s. zambalensis
30,0.005316848443007,0.0013317814946315,0.0009760732231161,-0.0009438490351213,0.0011306476179939,-0.0007227911793172,-0.0007950427006,-0.0014096815552022,dinoflagellate,s. zambalensis
35,0.0093344531571125,-0.0009413391678224,-0.0010410042732133,-0.0021615166558933,-0.0006515500545499,-0.0007306991539003,-0.0017575664679471,-0.0023510882060385,dinoflagellate,s. zambalensis
35,0.009487978596791,-0.0009032629953804,-0.000876075825403,-0.0021779319166085,-0.0004163512966238,-0.0003192525986944,-0.0017128630119917,-0.0022571298926545,dinoflagellate,s. zambalensis
35,0.0098033078071194,-0.0005508524737988,-0.0005377465866559,-0.0021615166558933,-0.0004048742113326,7.681567070994336e-05,-0.0013773849230489,-0.0020455758139,dinoflagellate,s. zambalensis
35,0.0101998687734192,-0.0002934531667415,-0.0005294908566165,-0.0021451003396362,-0.000249897340333,0.0004574540279649,-0.001108745225391,-0.0019514859770841,dinoflagellate,s. zambalensis
35,0.0104104601523969,5.9601698336600624e-05,-0.0003395591097804,-0.0020958450562553,-2.592270630534277e-05,0.0004574540279649,-0.0008622909486891,-0.0018808919951319,dinoflagellate,s. zambalensis
35,0.0105076962757673,0.0004321450493012,4.886033975478463e-05,-0.0019644511561933,0.0001924445881718,0.0008305551038276,-0.0008734975957876,-0.0018338166635738,dinoflagellate,s. zambalensis
35,0.0108076672712312,0.0006137911689212,0.0003549193600125,-0.0019480221628361,0.0004512107555784,0.0010689082606279,-0.0006268593064163,-0.0017396355561654,dinoflagellate,s. zambalensis
35,0.0112783779236934,0.0006042283835995,0.0007771925238484,-0.0017507917335184,0.000433953825819,0.0011245468460608,-0.0005371248030031,-0.001504004991577,dinoflagellate,s. zambalensis
35,0.0117171602135072,0.0006807383333785,0.0011750589811958,-0.0015698632226416,0.0008829060478741,0.0012119963887578,-0.000166699803218,-0.0013860943311605,dinoflagellate,s. zambalensis
35,0.0121076225643082,0.0007189998815388,0.0012911825676401,-0.0012899939818364,0.0012632313435961,0.001466516624719,0.0002154058886864,-0.0013153173743613,dinoflagellate,s. zambalensis
40,0.0103456501447996,0.0064987147209189,0.0060749351762371,0.0031966192995441,0.0034899289587866,0.0027338551284217,0.0023592683951016,0.0030460245359537,dinoflagellate,s. zambalensis
40,0.0107752263456732,0.0069077471880808,0.0064952618532926,0.003313993995073,0.0035421485607722,0.0029654896158689,0.0025971186675956,0.003214593306568,dinoflagellate,s. zambalensis
40,0.0111971785380792,0.0070247056710406,0.0066130374201235,0.0036160626663044,0.0038730506733901,0.003037406674785,0.0029939349259201,0.0032386851814477,dinoflagellate,s. zambalensis
40,0.0114489541725979,0.0074343831869368,0.0069413208024724,0.0038512523118508,0.0039892295978243,0.0032132647936087,0.0030279709960498,0.0035038713120928,dinoflagellate,s. zambalensis
40,0.0114570787965066,0.0078152484881418,0.0069665852245539,0.0039184891682271,0.0044543247482883,0.0036132639989047,0.0030506637507234,0.0035038713120928,dinoflagellate,s. zambalensis
40,0.0118472689354276,0.0081182976861459,0.0072951770024833,0.0040866588220157,0.0046987431177681,0.003637278173868,0.0034026104489238,0.0036969363491843,dinoflagellate,s. zambalensis
40,0.0120669303329247,0.0084705711971004,0.0074300668487746,0.0041034818817025,0.0050248954904223,0.0041018692236683,0.0034026104489238,0.0038901721647475,dinoflagellate,s. zambalensis
40,0.0121401795449193,0.0087644165394839,0.0076071831077226,0.0041371313271427,0.0051356222437106,0.0044868149893236,0.0037776955555965,0.0041319575521861,dinoflagellate,s. zambalensis
40,0.012384447490165,0.0087056267861698,0.0076578030530194,0.0041034818817025,0.0051064802858203,0.0046874716804068,0.0037890687391016,0.0041077669674485,dinoflagellate,s. zambalensis
40,0.0128571527669545,0.0088624224628102,0.0076578030530194,0.0041707852083126,0.0053163556385692,0.005000720936035,0.0038686925119088,0.0041561508159852,dinoflagellate,s. zambalensis
45,0.0122867211220217,0.0037362911471488,0.0027790690875888,0.0007441347444944,0.0024587117511658,0.0017689946918086,0.0001366992082139,0.0009378964724683,dinoflagellate,s. zambalensis
45,0.0124088830820466,0.0039100857140565,0.0032707804093131,0.0009766922978643,0.0025975781996493,0.0018327068735082,0.0004628977196225,0.0011764344687075,dinoflagellate,s. zambalensis
45,0.0127756091206441,0.0041129604038026,0.0036212036989389,0.0012593687078392,0.0029449814523497,0.0019840687781213,0.0006993212725045,0.0012241733402371,dinoflagellate,s. zambalensis
45,0.0127837626833935,0.0043449681820293,0.0040220870366269,0.0016089898903868,0.0030782426217233,0.0023747188505157,0.0010373770114683,0.001463024310074,dinoflagellate,s. zambalensis
45,0.0129795016598439,0.0046739219849413,0.0044066676548267,0.0017923160570944,0.0034203147339204,0.0027258704056497,0.0010937548882215,0.0017021367192908,dinoflagellate,s. zambalensis
45,0.0133222921435785,0.0046642422473828,0.0045237919064925,0.0019590905222524,0.0036640240901156,0.0028935870057053,0.0014661019018342,0.0017978550142827,dinoflagellate,s. zambalensis
45,0.0135673354408216,0.0051001083986278,0.0047916413126069,0.0020592075204708,0.0040705774061517,0.0031253249325835,0.001748475988061,0.0020373344016182,dinoflagellate,s. zambalensis
45,0.0139024884144102,0.0055365440863619,0.0052189203513426,0.0021593637956609,0.0041751947618553,0.0033492143685415,0.0018728007414177,0.0022051263149259,dinoflagellate,s. zambalensis
45,0.0143443692596481,0.0056433151608474,0.0057054352762737,0.0024099265227961,0.0044834133766693,0.0033652118319107,0.0020989714114118,0.0022530905428605,dinoflagellate,s. zambalensis
45,0.0142706861020606,0.0055559544704615,0.0056970417621773,0.0022929666467169,0.0043845217344559,0.003637278173868,0.0024498568683393,0.0023010653042809,dinoflagellate,s. zambalensis
50,0.0149507608529514,0.0058083921671904,0.004984275782553,0.0025771050646781,0.0039950395392533,0.0036292732698403,0.0031414511045421,0.0031182523677408,dinoflagellate,s. zambalensis
50,0.0150163757679956,0.0061971307868402,0.0054369355474496,0.0027443931528243,0.0043903381296355,0.0036933175159269,0.0033344610680051,0.0033109767518774,dinoflagellate,s. zambalensis
50,0.0153446235318484,0.0063430244938087,0.0057138289774017,0.0029955309986179,0.0045532357821289,0.003925574028828,0.0036298814880647,0.003335079259239,dinoflagellate,s. zambalensis
50,0.0154431541968493,0.0063235683171678,0.0061505593726393,0.0032972228771701,0.0045706935230802,0.0040056974428029,0.0037322069233464,0.0034556317015954,dinoflagellate,s. zambalensis
50,0.0155006424359741,0.0064403223808576,0.0063018533277804,0.0033978661145518,0.0049782839990694,0.0041259162074534,0.0037435784662026,0.0035038713120928,dinoflagellate,s. zambalensis
50,0.0155745689034583,0.0065960579788647,0.0063102603294961,0.0033978661145518,0.0050190687202958,0.0043023101427733,0.0041532273775893,0.0035762507070617,dinoflagellate,s. zambalensis
50,0.0158622000372312,0.0070149575663717,0.0062934465136897,0.00371683169946,0.0051705957418643,0.0047356460312276,0.0044722115484993,0.0036969363491843,dinoflagellate,s. zambalensis
50,0.0161500530670483,0.0071612090177617,0.0064027497340064,0.0039016782939455,0.0055555311175767,0.0050087565745804,0.0047572917860378,0.003938507838194,dinoflagellate,s. zambalensis
50,0.0163228715375418,0.0075319995613455,0.0064532080733869,0.0039521142380399,0.0058941515477589,0.0053142446106694,0.0050197934390314,0.004083579061179,dinoflagellate,s. zambalensis
50,0.0164957700880894,0.0076589435145729,0.006848699082695,0.0043054451136883,0.0060402080082413,0.0055234130863529,0.0050654682165507,0.0042045453831415,dinoflagellate,s. zambalensis
60,0.0199789853308738,0.0086272565416572,0.0074384990682021,0.0057744763022045,0.0064202354350205,0.0068536856563957,0.0044836098106891,0.007152543291806,dinoflagellate,s. zambalensis
60,0.0203116299239152,0.0083824679811645,0.0079110048655768,0.005808346729078,0.006209708595165,0.006756771655251,0.004392435247997,0.0073979686352813,dinoflagellate,s. zambalensis
60,0.0207861614456589,0.0085978724401471,0.0081474802113558,0.0060116637099741,0.0063617432699718,0.0069910254311941,0.004392435247997,0.0076928434722927,dinoflagellate,s. zambalensis
60,0.0212362749938164,0.008852620576284,0.0084686486718723,0.0062660378472482,0.0067186950347045,0.0070799204372122,0.0045976151001128,0.0077174343515048,dinoflagellate,s. zambalensis
60,0.0214949190540002,0.0088722246369969,0.0084771041724363,0.0066055981050406,0.0071697850425288,0.0074519026108934,0.0047230685455361,0.0077420279991807,dinoflagellate,s. zambalensis
60,0.0216618813868835,0.008852620576284,0.0086716330886707,0.0068945798462633,0.0074395403192459,0.007913374060684,0.0048942219048126,0.007815825559226,dinoflagellate,s. zambalensis
60,0.0216785817299679,0.0091369921374248,0.0091456891998707,0.0072349776862728,0.0075392842297862,0.0080024984913491,0.0048942219048126,0.0079634955120664,dinoflagellate,s. zambalensis
60,0.0219124650514481,0.0093038053416235,0.0092473503166335,0.0074564799158321,0.0076449258933653,0.0080511211735388,0.0052825138077676,0.0079881168787028,dinoflagellate,s. zambalensis
60,0.0221548559976368,0.0094117877090146,0.0096203426547827,0.0077464269568618,0.0079209158752472,0.0082051365955017,0.0054082401016521,0.0081605441895379,dinoflagellate,s. zambalensis
60,0.0222635651432814,0.0098342358843069,0.0096203426547827,0.0077634929244596,0.008220636575449,0.0085458271146951,0.0057628296084,0.0084564508724392,dinoflagellate,s. zambalensis
70,0.0263758754684785,0.0167774899347712,0.0160270083654916,0.0115979836176714,0.0126755409489375,0.012487257650173,0.0118293380272736,0.012742424890428,dinoflagellate,s. zambalensis
70,0.0266634952369656,0.0171792149545437,0.0160615170637141,0.0116846223473132,0.0126636344012428,0.0125775285663434,0.0120861193915729,0.0127927597006161,dinoflagellate,s. zambalensis
70,0.0271122863362655,0.0175110022240985,0.0163808724801562,0.0117539545066598,0.0130150450398245,0.0127827744581343,0.0122846846791226,0.0129942150004264,dinoflagellate,s. zambalensis
70,0.0269005251614112,0.017671987494982,0.0162600034522112,0.0115806593994185,0.0130150450398245,0.012955272017926,0.0122379521841609,0.0128682836686112,dinoflagellate,s. zambalensis
70,0.0270783964710921,0.017974044173965,0.0164585944832341,0.0117539545066598,0.0131700141279953,0.0129799213149598,0.012413234764723,0.0129942150004264,dinoflagellate,s. zambalensis
70,0.0270106259736436,0.0182360477714033,0.0169685029255568,0.0120488264229308,0.0133429438725541,0.0128813343114328,0.0127991997699707,0.0129942150004264,dinoflagellate,s. zambalensis
70,0.0270868686488181,0.0182259669086755,0.0172366977897959,0.0121356183130018,0.0135696686738374,0.0131607347195993,0.0131387715931062,0.0131202189695713,dinoflagellate,s. zambalensis
70,0.0270783964710921,0.0182259669086755,0.0174617827473417,0.0122571765505326,0.0137129377052445,0.0135226358139401,0.0133028337949249,0.0131958562518493,dinoflagellate,s. zambalensis
70,0.0270699244857299,0.0184679916293646,0.0177129978183044,0.0125178535503277,0.0138562644075925,0.0136296312100523,0.0134904380402647,0.0132715197318818,dinoflagellate,s. zambalensis
70,0.0274767969205684,0.0188616562267632,0.0180857977810994,0.0128484269772029,0.0142088546626457,0.0140744163442225,0.0136077474006168,0.013347209427823,dinoflagellate,s. zambalensis
80,0.0259955428303366,0.0168678359465535,0.0142111417444859,0.0099401963497578,0.0125922034750636,0.0125939439067603,0.0099681014503374,0.0119887911786827,dinoflagellate,s. zambalensis
80,0.0261391784889637,0.0172495665364939,0.0142111417444859,0.0100262742163762,0.0126160121915887,0.0127335047081485,0.0102465875148547,0.0122146084246854,dinoflagellate,s. zambalensis
80,0.0261814347958799,0.0172294645724001,0.0144859713580331,0.010370876201862,0.0128958839284564,0.0127663504544736,0.0104323816285329,0.0123904055861816,dinoflagellate,s. zambalensis
80,0.0261898866315516,0.017309879688787,0.01464065117776,0.0103881185172156,0.0129912096269995,0.0131360729664198,0.0106299079009678,0.0125412015483936,dinoflagellate,s. zambalensis
80,0.026206790877253,0.0177525092370065,0.01464065117776,0.0106986794907921,0.0129733341144322,0.0133909930696329,0.0109671503294551,0.0127675908457867,dinoflagellate,s. zambalensis
80,0.0264858215553585,0.0180647144705296,0.0149502014966069,0.0109923343705688,0.0131819376212487,0.0136543269986124,0.0111999416475617,0.0128179314555843,dinoflagellate,s. zambalensis
80,0.0267481314972073,0.018296539338045,0.0151136778899131,0.0112344216814881,0.0133310149864951,0.0139755274209729,0.0113047538379408,0.0129690229257574,dinoflagellate,s. zambalensis
80,0.0267227386032848,0.0186294389286257,0.0155183719376587,0.011424794314384,0.0136950259233909,0.0142145557759045,0.0114212527035434,0.0130950123607336,dinoflagellate,s. zambalensis
80,0.0270529810920614,0.0186193461858114,0.0159925028283471,0.0116499633271424,0.0140056244313861,0.0146600689064018,0.011771007778286,0.0133724451553679,dinoflagellate,s. zambalensis
80,0.0270699244857299,0.018679907217853,0.0163808724801562,0.011771290488888,0.0144002361970428,0.0147261180441195,0.0121094735245357,0.0135744359929215,dinoflagellate,s. zambalensis
90,0.0384500251254436,0.0298994545631972,0.0262314384645203,0.0212010445312202,0.0215363447764913,0.0219405700183132,0.0201398914541483,0.0240787624754261,dinoflagellate,s. zambalensis
90,0.0387995590295071,0.0299934211369776,0.0265772803752264,0.0212010445312202,0.0216095929469822,0.0221849796005024,0.0203196234569169,0.0241848076596688,dinoflagellate,s. zambalensis
90,0.0392982112653634,0.0303381915919602,0.0269589616535118,0.0212370248486901,0.0217927793252063,0.0223958115663681,0.0204155224315167,0.0242909043471599,dinoflagellate,s. zambalensis
90,0.0397624690227438,0.0304531942076138,0.0273321403498917,0.0213629959079051,0.0220310626020465,0.0227249576394102,0.0205234436523409,0.0245563717212434,dinoflagellate,s. zambalensis
90,0.0402799646100453,0.030829843496832,0.02785699280097,0.021525050085485,0.022079960939445,0.0229783530749614,0.0206433994576578,0.0247689781372951,dinoflagellate,s. zambalensis
90,0.0407015080901557,0.0313012531848686,0.0281954209552273,0.0215430624566207,0.0225264687574872,0.0234349174684787,0.0207754035731739,0.0248221620877099,dinoflagellate,s. zambalensis
90,0.0410179785285138,0.0315109823583791,0.0282845315542326,0.021525050085485,0.0229796653357594,0.0236295570918493,0.0209675082633308,0.0250882762334822,dinoflagellate,s. zambalensis
90,0.0413699274454059,0.0315844186928751,0.0285965847628276,0.0218314333644404,0.0229919219012414,0.0239005362604306,0.0212078038290324,0.0251415379856052,dinoflagellate,s. zambalensis
90,0.0418015177761995,0.0316683657079069,0.0288731907940673,0.0221923556585036,0.0230286941293238,0.0240615272730876,0.0212078038290324,0.0254347099722349,dinoflagellate,s. zambalensis
90,0.0420042732783815,0.0318678244695647,0.0289356783410205,0.0225357050998521,0.0233966254332474,0.0241801985875947,0.0212558849248946,0.0255947879534454,dinoflagellate,s. zambalensis
100,0.0459311734093137,0.0359566230386615,0.0334622435747827,0.0266555678235054,0.0289492481843774,0.0275704209208251,0.0268591675571722,0.0304524993599556,dinoflagellate,s. zambalensis
100,0.046198603538999,0.0364033945228559,0.0338871497470817,0.0270417844577569,0.0291736632063029,0.0277930142477238,0.0272264830486227,0.0305889898831401,dinoflagellate,s. zambalensis
100,0.0463145494805547,0.0368720827012168,0.034158617272782,0.0271154158209279,0.0292173158906465,0.0282643414357242,0.0273367611865909,0.0308075522578001,dinoflagellate,s. zambalensis
100,0.04639484085883,0.0373200812271877,0.0346386885407956,0.0273732929561723,0.0293545448930986,0.0285903486393214,0.0273735291383636,0.0309716176618694,dinoflagellate,s. zambalensis
100,0.0465465495071088,0.0374695477017995,0.0350649245751236,0.0275207683547047,0.0294793444441564,0.0289424266329963,0.027729173885848,0.0311084330200397,dinoflagellate,s. zambalensis
100,0.0467876253889357,0.0377366185963122,0.0354916434568683,0.0276498792482773,0.0298352633350059,0.0294066682506686,0.0278519030739354,0.0311358063770394,dinoflagellate,s. zambalensis
100,0.0471093023797596,0.0378007473998947,0.0356551958101253,0.0277605977215059,0.0299977305329075,0.0296304069519464,0.0278396280052796,0.0311905633832792,dinoflagellate,s. zambalensis
100,0.0471450613922266,0.0379611232977404,0.0361917824749552,0.0279267655147283,0.0301977919824751,0.0300783044132651,0.0279869603774267,0.0313549168018781,dinoflagellate,s. zambalensis
100,0.0473596874638916,0.0381215762388874,0.0362372910735099,0.0280560819468355,0.0302228075693403,0.0304232227627336,0.0283432980789923,0.0316016790091332,dinoflagellate,s. zambalensis
100,0.0477713994945306,0.0381964806648537,0.0366106691116643,0.0283149114853058,0.030410480512614,0.030526763122694,0.0283432980789923,0.0317388896632579,dinoflagellate,s. zambalensis
