percent,450nm,475nm,515nm,550nm,555nm,600nm,640nm,690nm,group,species
2,0.0142491515486505,0.0205737643990629,0.0184495783050183,0.0223207445241688,0.0219771854603907,0.0216298457222323,0.019451151007183,0.0264488789659149,chlorophyte,SP012-ORA2
2,0.0154421319431757,0.0220881088932883,0.0181697345851452,0.0237686971835802,0.0231655585592148,0.0213918766787183,0.0204916616448999,0.027389367044016,chlorophyte,SP012-ORA2
2,0.0151071165502727,0.0205177215823363,0.0200224646596931,0.0227612038674547,0.0216288637342597,0.0220843075714904,0.0191392088179386,0.0266577998901053,chlorophyte,SP012-ORA2
2,0.0143328230543681,0.022003918454466,0.0183849920338842,0.022509489059002,0.0224048371050516,0.0230371835964652,0.0195551533646634,0.0263444348695224,chlorophyte,SP012-ORA2
2,0.0148977889098869,0.0208540256043391,0.0199146537599068,0.0220691405474987,0.0220563664126622,0.0214784043243552,0.0195898232209603,0.0267622767224628,chlorophyte,SP012-ORA2
2,0.0142909864263943,0.0211343653779784,0.0193326756646548,0.0229500315627443,0.0233241150611563,0.02119721684616,0.0197978676045125,0.0264488789659149,chlorophyte,SP012-ORA2
2,0.0155049598262108,0.0211343653779784,0.018578763362793,0.0226353385431852,0.0228643704491127,0.0229071924790084,0.0195551533646634,0.0269712631391063,chlorophyte,SP012-ORA2
2,0.0145629558001352,0.0206017869852693,0.0169221542985703,0.023894705248263,0.021898010777246,0.0213269858575024,0.0204916616448999,0.0263444348695224,chlorophyte,SP012-ORA2
2,0.0143746614327187,0.0215550224505191,0.0196128450612137,0.0219433622943928,0.0221513918320333,0.0220626618470611,0.0204569605084343,0.0272848246781269,chlorophyte,SP012-ORA2
2,0.0146048038081761,0.0212465232964451,0.0184926381366611,0.023894705248263,0.0221989079281199,0.0230805177242642,0.020838739254937,0.0274939203401539,chlorophyte,SP012-ORA2
4,0.0437117402127116,0.0467786166363015,0.0396862336726023,0.0500028488754016,0.0447851635875202,0.0445655266698365,0.0433770800724993,0.0614171050971441,chlorophyte,SP012-ORA2
4,0.0439056409576827,0.0484196367399879,0.0410506404774327,0.0505203802622924,0.0461307424298881,0.0452077376692877,0.0436966766732913,0.0628242601704884,chlorophyte,SP012-ORA2
4,0.044487568879703,0.0476419757321768,0.0404782432181172,0.0509734400415705,0.0455631088788574,0.0442999047810313,0.0447627369711206,0.0623910784439832,chlorophyte,SP012-ORA2
4,0.0451992743068436,0.047843533486354,0.0403902111743964,0.0511676713716947,0.0449795931803168,0.045429285402653,0.0434836009240567,0.0612007953407307,chlorophyte,SP012-ORA2
4,0.0440349290116465,0.047123870833131,0.0404562344806475,0.0510381796266124,0.0444450027367539,0.0456065589361786,0.0449760854767123,0.0621745579278186,chlorophyte,SP012-ORA2
4,0.0433240514788288,0.0469800004313406,0.0408965012894409,0.0495502285191567,0.0460334109349617,0.044831219132376,0.0431285755360126,0.0610926580062105,chlorophyte,SP012-ORA2
4,0.0444660099537678,0.0480739349619425,0.0398841772593265,0.0502615810890054,0.0453199359573956,0.0445876650123398,0.042951110096941,0.0613089443701985,chlorophyte,SP012-ORA2
4,0.0448757090463009,0.0453126146777825,0.0403241922269346,0.0485164363485185,0.045871212825836,0.0439458519792093,0.0448338480822616,0.0600119273271534,chlorophyte,SP012-ORA2
4,0.044811008555633,0.0467498508330864,0.0401041605414843,0.0509087046474713,0.0449795931803168,0.045916863258548,0.0433770800724993,0.0619580842826393,chlorophyte,SP012-ORA2
4,0.0436901980061426,0.0472965426420094,0.0401261615315297,0.0492916802661491,0.0462118592462599,0.0432823406530578,0.0422770285075474,0.0603360239107713,chlorophyte,SP012-ORA2
6,0.0458251308334824,0.0535905927538363,0.0448234389161262,0.0581200401050419,0.046357886099235,0.0475808494431463,0.0496455765754138,0.0732773170225778,chlorophyte,SP012-ORA2
6,0.0473158143393379,0.0545468235390911,0.0463719747533998,0.0583808813194325,0.0463903394070411,0.0475364405258285,0.0508968503564618,0.0731678659197487,chlorophyte,SP012-ORA2
6,0.0466242065398281,0.053532668750113,0.0437408888529335,0.0565564200066761,0.0448175658945674,0.0480694777400041,0.050861077940568,0.0737152412686831,chlorophyte,SP012-ORA2
6,0.0470780202030854,0.054198997448628,0.0445803154413573,0.0579244538345744,0.0466824665818145,0.0472700284291436,0.0504676658005176,0.073934275329355,chlorophyte,SP012-ORA2
6,0.0457387825042689,0.053503708006399,0.0452656330907904,0.0576637316326021,0.0459360889125333,0.0477585048365652,0.0506822350535671,0.0734962551734249,chlorophyte,SP012-ORA2
6,0.0470131770694103,0.0535616303325759,0.0455752853979627,0.0583808813194325,0.0479005825508873,0.0474032256055604,0.0499671831818415,0.0747012725728948,chlorophyte,SP012-ORA2
6,0.0460842205663421,0.054198997448628,0.0449560766384888,0.0591638134400681,0.046374112621486,0.0486694844247453,0.0493955095918834,0.0748108916467235,chlorophyte,SP012-ORA2
6,0.0448972768068133,0.0531851951690869,0.046172742902209,0.0591638134400681,0.0469584428496072,0.0458946954705597,0.0503246452053082,0.0722926880934031,chlorophyte,SP012-ORA2
6,0.0474022989559407,0.0529246691946211,0.0456195292701935,0.0564913221971944,0.0449795931803168,0.0458946954705597,0.0502531425775561,0.0741533573764576,chlorophyte,SP012-ORA2
6,0.0459978498632308,0.0531272946421759,0.0458850336193869,0.0592290854612394,0.047673088237264,0.0490696889790787,0.0509326240520674,0.0730584267951525,chlorophyte,SP012-ORA2
8,0.052909446129882,0.0585264369305999,0.0481446712667213,0.0604047109640245,0.0500969374860901,0.050583019930644,0.0527587815732602,0.0737152412686831,chlorophyte,SP012-ORA2
8,0.0528877048725843,0.0599828044255763,0.0465491030611805,0.0587070285451798,0.0499340789934742,0.0491141660400419,0.0535834351758646,0.0750301658499921,chlorophyte,SP012-ORA2
8,0.0544760601712162,0.0586719782718749,0.0491653965140002,0.0609930424076984,0.0496410005277586,0.0503157950593258,0.0543369741533369,0.0751398209847037,chlorophyte,SP012-ORA2
8,0.0544760601712162,0.058235417779486,0.0484995879759326,0.0608622721708178,0.049624720909027,0.0506943847060806,0.0528663065281138,0.074262916401492,chlorophyte,SP012-ORA2
8,0.0543454152204577,0.0600119534206667,0.0493874312411436,0.0610584339395183,0.0513681448151501,0.0502935295430434,0.0524362760609957,0.0733867801062622,chlorophyte,SP012-ORA2
8,0.0537794842489299,0.0571303167538569,0.0489434110753335,0.0612546341952078,0.0505856721617683,0.0499596062755065,0.0541575086012677,0.0732773170225778,chlorophyte,SP012-ORA2
8,0.0512150459330396,0.0574210144303225,0.048588336838896,0.0611892298327136,0.049787529023743,0.051162252241267,0.0543369741533369,0.0748108916467235,chlorophyte,SP012-ORA2
8,0.052018441952758,0.0600411032654459,0.0468591531146012,0.0586417905897143,0.0498363766273707,0.05013768480861,0.0538345517490842,0.0728395844701734,chlorophyte,SP012-ORA2
8,0.0543454152204577,0.0584973312040462,0.0479007390786597,0.0606007829884426,0.0509931336011811,0.0516972261740473,0.0526154329491617,0.073934275329355,chlorophyte,SP012-ORA2
8,0.0539318187758449,0.0583518152770713,0.0477898804786902,0.0612546341952078,0.0499015104774557,0.0518533141633935,0.0534758330882802,0.0743724874310213,chlorophyte,SP012-ORA2
10,0.0576385146885461,0.0627849896270685,0.0509875382563237,0.0647928373360121,0.0543078823560749,0.0559873520730239,0.0565290512147488,0.0790954354161556,chlorophyte,SP012-ORA2
10,0.0590812955705854,0.063048097517438,0.0516550059089241,0.0650554251403177,0.0541116307609009,0.0563680954230137,0.0566369823547864,0.0790954354161556,chlorophyte,SP012-ORA2
10,0.0583159252580178,0.0628726845656654,0.0514547188301092,0.0653180819150892,0.0538663704158166,0.0569058623588264,0.056205327671825,0.0798664030186368,chlorophyte,SP012-ORA2
10,0.0587313393115458,0.062668075003839,0.051766293844314,0.0655151197798363,0.055928429276888,0.0570179335465621,0.0563132238757816,0.0797562283917419,chlorophyte,SP012-ORA2
10,0.0592781997991928,0.0638378367982868,0.0505872714064167,0.0649241226191205,0.0558629016979448,0.0570851822884755,0.057068823443979,0.0788752680880977,chlorophyte,SP012-ORA2
10,0.0584252280158353,0.0629311521308001,0.0519889068770001,0.0657121964761549,0.0546841389347797,0.0564128982904047,0.0567089429204274,0.0806379654708016,chlorophyte,SP012-ORA2
10,0.0572672262040518,0.0631942984855487,0.0520334354309427,0.0644646995151843,0.0539808177579019,0.055897786466157,0.0568888669929543,0.0790954354161556,chlorophyte,SP012-ORA2
10,0.057594826534582,0.0628726845656654,0.0508763369484816,0.0657121964761549,0.0558465204741031,0.0559649599192336,0.0574288335281495,0.0793156512285408,chlorophyte,SP012-ORA2
10,0.0581410656916613,0.0641597613243992,0.0509875382563237,0.066237924292693,0.0555517043225943,0.056099320363721,0.0563851611465125,0.0787652025990205,chlorophyte,SP012-ORA2
10,0.0580536473730968,0.0643061249211067,0.0523229193721727,0.0646615692864669,0.0559448118425618,0.0571972735757371,0.0572848139412369,0.0792055372604729,chlorophyte,SP012-ORA2
12,0.0654675878912382,0.071681244662141,0.0577495229814637,0.0750852023900261,0.062305100513515,0.0637652939480496,0.0641850056947825,0.0948525301830512,chlorophyte,SP012-ORA2
12,0.0654675878912382,0.073304597684627,0.0591163933976278,0.0766116669306607,0.0631793057434947,0.0646909795294305,0.0658176591186679,0.096531603729154,chlorophyte,SP012-ORA2
12,0.0663486258108307,0.0728616036282692,0.0591163933976278,0.0750852023900261,0.0635754237918512,0.0649168865470632,0.0652005656094213,0.0948525301830512,chlorophyte,SP012-ORA2
12,0.0660842329214593,0.0712389689992578,0.0582422772638376,0.0746210883422455,0.061958928594491,0.063584772239824,0.0652368546882271,0.0948525301830512,chlorophyte,SP012-ORA2
12,0.0652474496435301,0.072950186741433,0.0585559746380742,0.0759477003701816,0.0622556400447844,0.0648039266589992,0.0637863177353143,0.0954119081693325,chlorophyte,SP012-ORA2
12,0.0650053535301911,0.0717402295325388,0.0573913086759273,0.0766116669306607,0.0631463029877617,0.0642393185384864,0.065708732589504,0.0953000075369773,chlorophyte,SP012-ORA2
12,0.0657978861535691,0.0732750586413945,0.058959444484177,0.0762132340945247,0.0638395896895702,0.063990991919983,0.0640762568501317,0.0960835750478245,chlorophyte,SP012-ORA2
12,0.0668776213928289,0.0724188057287523,0.0593406488704013,0.0752841743687956,0.0625359483857929,0.0644877068384164,0.0658539705985461,0.0951881194249725,chlorophyte,SP012-ORA2
12,0.0653134860296029,0.0712684479586526,0.0574136933111147,0.0750852023900261,0.062074305919678,0.064397376681632,0.0639312767846369,0.0960835750478245,chlorophyte,SP012-ORA2
12,0.0661503245906284,0.0731273765121405,0.0588249364471189,0.0760804584188333,0.061860044338432,0.0633366080892459,0.0650554224617374,0.094628866572188,chlorophyte,SP012-ORA2
14,0.0562632538817363,0.0682954529069969,0.053370214883195,0.071048001764382,0.0528859301196204,0.0543093304019724,0.0616506089725351,0.0903887352474194,chlorophyte,SP012-ORA2
14,0.0563286996217874,0.0681191171632848,0.0539723491327188,0.0719070231936223,0.0526899573592068,0.0549578316043013,0.0624102537846988,0.0902773952706858,chlorophyte,SP012-ORA2
14,0.0568524197926199,0.0685012172487626,0.0549320528141946,0.0709159100925696,0.0534577367991986,0.054152858616869,0.0619761003770111,0.0909456211558916,chlorophyte,SP012-ORA2
14,0.0565687039866552,0.0693246982670052,0.0543070248908155,0.0719731323398468,0.0542261061774303,0.0538623330988633,0.061722931240593,0.0901660676891626,chlorophyte,SP012-ORA2
14,0.0569179041036937,0.0679721944590551,0.0547311083746559,0.0717087219734201,0.0524776968658023,0.0540858067745944,0.0619399294331264,0.0911684623824405,chlorophyte,SP012-ORA2
14,0.0568524197926199,0.0678546718358148,0.0548427391893417,0.0715765430029018,0.053000265301497,0.0543763972340958,0.0616506089725351,0.0911684623824405,chlorophyte,SP012-ORA2
14,0.0572672262040518,0.0691775983417609,0.0531918743414588,0.0709819537474496,0.053163623955785,0.055226299993761,0.0613975222166604,0.0907228295764919,chlorophyte,SP012-ORA2
14,0.0574419330246136,0.0697955634905371,0.0545302043056726,0.0721714860050811,0.0535557936395589,0.0552039248748923,0.0618675914701317,0.0920603242029844,chlorophyte,SP012-ORA2
14,0.0564814230073073,0.0679134314209892,0.0543739734854779,0.0709159100925696,0.0528042701354171,0.0557858407373295,0.0616506089725351,0.0906114523975607,chlorophyte,SP012-ORA2
14,0.0576385146885461,0.0690011069893789,0.053258748317476,0.0709159100925696,0.0524450454038301,0.0544434685644807,0.0628083933921804,0.0919487979663218,chlorophyte,SP012-ORA2
16,0.073558175372002,0.0852206438890208,0.0673796937070569,0.0881014392893084,0.0686563234641142,0.0704448917434381,0.075486620700042,0.1109755470097041,chlorophyte,SP012-ORA2
16,0.0731587434476429,0.0859981791415665,0.0672666546519432,0.0897152104840716,0.0699181323346908,0.0711494132093479,0.076000043037857,0.1108618912728084,chlorophyte,SP012-ORA2
16,0.0740909995748261,0.0864470323292273,0.0690315207087331,0.0881014392893084,0.069087815770331,0.0717406851434319,0.0755966175835745,0.1106346185445575,chlorophyte,SP012-ORA2
16,0.0747796512886829,0.0844735835366261,0.0681034463961792,0.0862219918304493,0.0668990868460267,0.070672102505117,0.0751200517809812,0.110293806272017,chlorophyte,SP012-ORA2
16,0.0744908041201542,0.0859383472691104,0.0679450807295245,0.0892442581424708,0.0694696757651757,0.0719226853259344,0.0762201619029324,0.1114302991776139,chlorophyte,SP012-ORA2
16,0.0734028217758086,0.0858186942626858,0.0679903255037609,0.0891097410585983,0.069237221881319,0.0706266562226152,0.0763302395077548,0.1109755470097041,chlorophyte,SP012-ORA2
16,0.0750685819140051,0.0866565661173169,0.0673570848737847,0.0897825074994743,0.0695194943425336,0.0718999334915667,0.0766238390401046,0.1106346185445575,chlorophyte,SP012-ORA2
16,0.0718062983092842,0.0842346420462865,0.0664079751577758,0.0864231923274225,0.0680260155876202,0.0690600229143527,0.0742774528631426,0.1109755470097041,chlorophyte,SP012-ORA2
16,0.0734472060549043,0.0866266300308594,0.0688730080104017,0.087698403077767,0.0699181323346908,0.0709220939839824,0.0756332859003196,0.1116577528349119,chlorophyte,SP012-ORA2
16,0.0741798312167152,0.08680625999362,0.0679903255037609,0.0897825074994743,0.0694364647590452,0.0711721479742147,0.0769175247984563,0.1107482484520714,chlorophyte,SP012-ORA2
18,0.0573327376849624,0.0700310792711831,0.055780930336408,0.0728329491857011,0.0535557936395589,0.0547565276010269,0.0630618375181591,0.0911684623824405,chlorophyte,SP012-ORA2
18,0.0575074559522016,0.0711505373347689,0.05710035400685,0.072634464286442,0.0538173255642901,0.0547565276010269,0.0643300225532463,0.0912799016203115,chlorophyte,SP012-ORA2
18,0.05792253422226,0.0705906516546895,0.0557138874848269,0.0728991195744763,0.0549623326412138,0.0548907257671867,0.0627721923314854,0.0907228295764919,chlorophyte,SP012-ORA2
18,0.057398253457908,0.0695895326734849,0.0568318555826651,0.0725021629036996,0.0531146135574023,0.0549578316043013,0.064692656731865,0.0921718628791359,chlorophyte,SP012-ORA2
18,0.0579880886488461,0.0708263547876862,0.0568542276980615,0.0734286403705397,0.054536891239349,0.0563680954230137,0.0626997941414085,0.0909456211558916,chlorophyte,SP012-ORA2
18,0.0583377848538348,0.0716222632707528,0.0554904437693688,0.0736272829800325,0.0541770436799757,0.0560321378848861,0.0635326899508428,0.0915028173590857,chlorophyte,SP012-ORA2
18,0.0567214640336533,0.0703844569767274,0.0540838952738959,0.0731638449234741,0.0538663704158166,0.0552934283543999,0.0634602366831687,0.0902773952706858,chlorophyte,SP012-ORA2
18,0.0570488855918307,0.0712979277870824,0.0573017751455603,0.0711801108867088,0.0530656055609211,0.056099320363721,0.0632429083716786,0.0896096156131494,chlorophyte,SP012-ORA2
18,0.0580536473730968,0.0702372010899073,0.0573689245418006,0.0730976570159808,0.0541770436799757,0.0543763972340958,0.0647289273834713,0.0917257828003661,chlorophyte,SP012-ORA2
18,0.0576603594812944,0.0710915872360103,0.0560044389759473,0.0725683114071139,0.0551587512754265,0.0553605612215579,0.063713846089814,0.0909456211558916,chlorophyte,SP012-ORA2
20,0.0718062983092842,0.0829811350475555,0.0659337578896389,0.0854175944147732,0.0663857610633173,0.0682209540047845,0.0742774528631426,0.1080246879850308,chlorophyte,SP012-ORA2
20,0.0707654965766196,0.0842346420462865,0.0656854480880266,0.0836100625418939,0.0650126684947153,0.0682209540047845,0.0749001749111421,0.1067788641645725,chlorophyte,SP012-ORA2
20,0.0724712066872458,0.0816994084163565,0.0643771968976907,0.0864902681566726,0.067313251275223,0.0683569714152227,0.0733989755006448,0.1092720658187088,chlorophyte,SP012-ORA2
20,0.0728038267384317,0.0835778471815008,0.0655048978607199,0.0858867476018912,0.0659388854610808,0.0695592627186721,0.0753033194439152,0.1093855409961355,chlorophyte,SP012-ORA2
20,0.0701238397524888,0.0839957576353443,0.0673344765516605,0.0843460700690134,0.0674789650878485,0.0686290617508922,0.0729234556204406,0.1090451540863985,chlorophyte,SP012-ORA2
20,0.0727372938767179,0.083339119598379,0.0660466463672319,0.0860208318069726,0.0661540228602376,0.0697635690426636,0.0744605661558483,0.1084780999175322,chlorophyte,SP012-ORA2
20,0.0734028217758086,0.082772369892684,0.0669954130418173,0.0864902681566726,0.0671144309418754,0.0691734646224527,0.0755599506113457,0.1092720658187088,chlorophyte,SP012-ORA2
20,0.0721830254414169,0.0845034552376724,0.0658886060666262,0.0869599249803615,0.0659719805100645,0.0687651346861954,0.0748635334659993,0.1083647276596023,chlorophyte,SP012-ORA2
20,0.0706769677050836,0.081878155400477,0.0671762326069869,0.0851496056686967,0.0662036765259296,0.0673599397675164,0.0728503187813821,0.1076847638981363,chlorophyte,SP012-ORA2
20,0.0727816486260098,0.0830706191716402,0.066136966325746,0.0853505904950188,0.0676447063660932,0.0681076202935507,0.0758533240411516,0.1088182938313422,chlorophyte,SP012-ORA2
25,0.0787430507456062,0.0935657828244491,0.0736393530832732,0.0961287345777987,0.0732796478477878,0.0739496745754419,0.0824032444257247,0.1199954174905541,chlorophyte,SP012-ORA2
25,0.0802836594790134,0.0944101737069478,0.0734118683806384,0.0970773726757725,0.0742302420406959,0.074930480511532,0.0821079434010991,0.1198807320153439,chlorophyte,SP012-ORA2
25,0.079680529888394,0.0917888612491896,0.072320661579626,0.0949103778547318,0.0748811696354691,0.0750217671974323,0.0815544889086024,0.1181620263502122,chlorophyte,SP012-ORA2
25,0.080037896103222,0.0946515592611945,0.0744131883860172,0.0957224507152218,0.0736464367815434,0.0746566704427379,0.0832157721702354,0.1206838066870824,chlorophyte,SP012-ORA2
25,0.0804177376915049,0.0932643873611831,0.0721616266938528,0.0942341538635859,0.0738799179873669,0.0738356897808901,0.0824032444257247,0.1217172798226453,chlorophyte,SP012-ORA2
25,0.0786761215678062,0.0934753546469674,0.0739806771965844,0.0977555227085434,0.0737298166686951,0.0754783256676741,0.0821448512606318,0.1203395528538587,chlorophyte,SP012-ORA2
25,0.0787430507456062,0.0944101737069478,0.0740944777952983,0.0965351835740458,0.0743804184983155,0.0736077591619833,0.0832157721702354,0.1214875268061264,chlorophyte,SP012-ORA2
25,0.0797475263264416,0.0949835595660626,0.0751648369232336,0.0960610091367107,0.0735630638460173,0.074542605037511,0.0835483602629521,0.1217172798226453,chlorophyte,SP012-ORA2
25,0.0790108122609511,0.0951043142831905,0.0746864497622223,0.0961287345777987,0.0739966790360138,0.0755924978623019,0.0821079434010991,0.1210281790718207,chlorophyte,SP012-ORA2
25,0.0782746405435437,0.0943196691439477,0.0738441335706838,0.0969417978382548,0.0745306175122909,0.0750674136655448,0.0827724933775606,0.1213726700897536,chlorophyte,SP012-ORA2
30,0.0964573688015799,0.1142152145702712,0.0925873609139314,0.1200495489077025,0.0911917794150712,0.0917994871967877,0.1024650702239921,0.1505054691361469,chlorophyte,SP012-ORA2
30,0.0966163458978574,0.1155701448754815,0.093143985925404,0.1207434633065135,0.0906997577901269,0.0918691161903287,0.1032940701961053,0.1518070134244803,chlorophyte,SP012-ORA2
30,0.0979573009040725,0.1148616568516368,0.0933760044879298,0.1206046419000295,0.0912766352027112,0.0934719226055411,0.1021261318510408,0.1502690066143546,chlorophyte,SP012-ORA2
30,0.0960259868970369,0.1159708167767903,0.0918456758642866,0.1188709983882583,0.0910390571402307,0.0932859582636675,0.1027664452498181,0.151215192373887,chlorophyte,SP012-ORA2
30,0.097775371082999,0.1159708167767903,0.0929816049560968,0.1209517315567715,0.0924653729034052,0.0915210196944662,0.1029171668296654,0.1508602677916341,chlorophyte,SP012-ORA2
30,0.0950050346002621,0.1133846880610356,0.0921237432974306,0.1194947638726685,0.0912936072243339,0.0904542787185817,0.1041237579794071,0.1488514044868184,chlorophyte,SP012-ORA2
30,0.096434659850846,0.1152928506491271,0.0926801102357686,0.1203270568878379,0.0918538455949424,0.0923334334201963,0.1026910929779114,0.152043839950158,chlorophyte,SP012-ORA2
30,0.0964800782680219,0.1153236573218549,0.0942349415481553,0.1217157531254526,0.0909372552466275,0.0921012478564514,0.1035579871015148,0.1502690066143546,chlorophyte,SP012-ORA2
30,0.0959805890988224,0.1144922100939479,0.093422414661048,0.1215073257095454,0.0908015355076797,0.0933556908392685,0.1025404054658538,0.1515702429723266,chlorophyte,SP012-ORA2
30,0.0981620115235821,0.1157242304549169,0.0934456205553463,0.1213683982294664,0.0915482221206809,0.0926585838051127,0.1032940701961053,0.1514518787655244,chlorophyte,SP012-ORA2
35,0.0878423761746634,0.1009784909272252,0.0806713455304843,0.1071612627153502,0.0829779726514772,0.0851606314326375,0.0931672114666559,0.1321111833043134,chlorophyte,SP012-ORA2
35,0.086492423218,0.1025284783209813,0.0809234049720177,0.1070243139339802,0.0827928420076195,0.0848609576138183,0.0922719896529797,0.1312988827084443,chlorophyte,SP012-ORA2
35,0.0881801493519293,0.1015860428156543,0.0803506344654945,0.1079148164417091,0.0843422638107659,0.0855065205440379,0.0938391541528309,0.1337377666767702,chlorophyte,SP012-ORA2
35,0.0873696853169317,0.1025893111220464,0.0792747132473237,0.1065451408406485,0.0833988516213177,0.0856910436676153,0.0920855859392779,0.1318790300821447,chlorophyte,SP012-ORA2
35,0.0880675456156184,0.102346002118413,0.0817487712751492,0.1070243139339802,0.0836514640562449,0.0848840062579827,0.0948479155168854,0.1321111833043134,chlorophyte,SP012-ORA2
35,0.0878423761746634,0.101737988480177,0.0810609187236095,0.1079148164417091,0.0845445394119612,0.0852528568315777,0.0930552649023655,0.1326918022604146,chlorophyte,SP012-ORA2
35,0.0864024911166757,0.0997948253717838,0.0796637426239478,0.1053823897777356,0.0811954110090295,0.083870368132122,0.0944368158194204,0.1328079665168036,chlorophyte,SP012-ORA2
35,0.0876397670182877,0.1025284783209813,0.0823452931117708,0.1085317830422564,0.0839378353132662,0.0862909790771828,0.093951188510151,0.1330403355198242,chlorophyte,SP012-ORA2
35,0.0873696853169317,0.0998251582754032,0.0820011024726528,0.1053823897777356,0.0820862946395548,0.0854373331499535,0.0947357806559086,0.1309509557695908,chlorophyte,SP012-ORA2
35,0.0885856278220729,0.1027109878271914,0.0808317396420729,0.1086689384395363,0.0836177787110511,0.0866141703630654,0.0939138423297274,0.1336214943668897,chlorophyte,SP012-ORA2
40,0.0851218366845928,0.107070684371435,0.0837002601912815,0.1123104279147471,0.0948641287426688,0.0806749263850758,0.0958202780603074,0.1387503085003144,chlorophyte,SP012-ORA2
40,0.0857731927635486,0.108446557885839,0.0846659329033004,0.1121727721914931,0.0951878057158783,0.0808585600364583,0.0975054508147881,0.1401536533686779,chlorophyte,SP012-ORA2
40,0.0853463943070221,0.1073762704879801,0.0853792899687475,0.1125857962215953,0.0948130314278218,0.0818921281200163,0.0958951143559456,0.1403877357667506,chlorophyte,SP012-ORA2
40,0.0837755488693383,0.1061850123481123,0.0830799626583259,0.1110722080413356,0.0945235292843355,0.0809274313504355,0.0940632354205748,0.1382829641758836,chlorophyte,SP012-ORA2
40,0.0856833253179704,0.1074068342363205,0.0845969253469457,0.1134123564009037,0.0963812046572968,0.0818231903363388,0.0962693798642629,0.1387503085003144,chlorophyte,SP012-ORA2
40,0.0836858607596793,0.1079877230124572,0.0832637144102269,0.1110034629823596,0.0952048442485204,0.0818002121311653,0.0946610310669965,0.1379325992087958,chlorophyte,SP012-ORA2
40,0.0866723116876342,0.106856829639084,0.084573923886352,0.1123104279147471,0.0946938145125033,0.0821219550613419,0.0960073793013344,0.1400366327143989,chlorophyte,SP012-ORA2
40,0.0850993836955378,0.1075290985719661,0.084527922552305,0.1105910918424954,0.0937746185739508,0.0798489919999036,0.0950722229685716,0.1394517347624139,chlorophyte,SP012-ORA2
40,0.0862676081274643,0.1086607528959143,0.0836542990284562,0.1141016788242837,0.0965518065411553,0.0818231903363388,0.0969434109701036,0.1394517347624139,chlorophyte,SP012-ORA2
40,0.0854586920308654,0.1078959812959053,0.0834015503856347,0.1124481025897082,0.0953922872706506,0.0819151084373754,0.0971307224884366,0.139334796213488,chlorophyte,SP012-ORA2
45,0.0837979721536776,0.1069179263246079,0.0838151723410696,0.1142396003471559,0.0754489908872399,0.0780389123433706,0.0970932573778165,0.1420278485992598,chlorophyte,SP012-ORA2
45,0.0853239362754676,0.1077430971359353,0.0843899312455384,0.1142396003471559,0.0751984417657742,0.07760406504802,0.0967935870129728,0.1415589703817843,chlorophyte,SP012-ORA2
45,0.0847402044163206,0.1082935895346926,0.0854483515371632,0.1156198628161143,0.0755826427577298,0.078313650199396,0.0970932573778165,0.1420278485992598,chlorophyte,SP012-ORA2
45,0.0831927198907236,0.1071929076123363,0.0843439383744252,0.1153436578702898,0.0748644738903795,0.0772380244591833,0.0986304790591525,0.1434358037772884,chlorophyte,SP012-ORA2
45,0.0837979721536776,0.1070095783524732,0.0848959924897477,0.1154817508070555,0.0750648412311734,0.0785426560858482,0.096756134530805,0.143553222904999,chlorophyte,SP012-ORA2
45,0.0853463943070221,0.1082018197544168,0.0846659329033004,0.113825892832464,0.0766692268951955,0.0788175323932413,0.0986304790591525,0.1419106084326445,chlorophyte,SP012-ORA2
45,0.0836858607596793,0.1079571415050923,0.0842059724517893,0.1141016788242837,0.0757330224667778,0.0792987478151697,0.0974679716625621,0.1424969467666517,chlorophyte,SP012-ORA2
45,0.0833944299444125,0.1071929076123363,0.0842749530337829,0.1153436578702898,0.0770874584510069,0.077787135599345,0.0981803158673963,0.1420278485992598,chlorophyte,SP012-ORA2
45,0.0846279873434973,0.1071012387812025,0.0842059724517893,0.1158961440721885,0.0756160585166047,0.0792758275433342,0.0966437854996972,0.142848914858512,chlorophyte,SP012-ORA2
45,0.0842465434616075,0.1074373989188323,0.085471373119898,0.1160343133297486,0.0760171347431747,0.0782907524948898,0.0971681890027438,0.1427315783960716,chlorophyte,SP012-ORA2
50,0.1056283962598428,0.1158166932002018,0.0906647511325538,0.123245549682751,0.0913445250175677,0.0938439550696642,0.1063522342845455,0.1525176613283665,chlorophyte,SP012-ORA2
50,0.1065226148526819,0.1166183953183163,0.0906878931202203,0.124707996407415,0.0919727243981428,0.0952170222282175,0.107184464330688,0.153821828920887,chlorophyte,SP012-ORA2
50,0.1059034552846589,0.1168034948098211,0.0918688451973585,0.1228976630902704,0.0916161303766532,0.0948910390367495,0.1059363788450231,0.1534659781372257,chlorophyte,SP012-ORA2
50,0.1068667581114441,0.1161866296986558,0.0911508453749644,0.1243596007658043,0.0917519607247575,0.0941463333937685,0.1063900479012332,0.153821828920887,chlorophyte,SP012-ORA2
50,0.1068438115425288,0.1155085172909551,0.0911971523904855,0.124707996407415,0.0912087499965686,0.09403002321766,0.1058985823789883,0.1522807225759252,chlorophyte,SP012-ORA2
50,0.1065914340303197,0.1162482990890733,0.0910350872167791,0.1250565134708529,0.0920746317644351,0.0938904688610118,0.1073358533249973,0.1541778063794074,chlorophyte,SP012-ORA2
50,0.1067290865954634,0.1167726425151794,0.0916371760199061,0.1247776901036484,0.0911748091215696,0.0939835029348083,0.106768262731763,0.152043839950158,chlorophyte,SP012-ORA2
50,0.1062932517928906,0.1174824862250622,0.0906416096804267,0.1244292701844413,0.0910220894382511,0.0944488031781799,0.106541316668303,0.1537031979224681,chlorophyte,SP012-ORA2
50,0.1037737241310071,0.1139690607228744,0.0888844244233128,0.1249868003403564,0.0896994949258277,0.0949841662485881,0.1060497768153211,0.1510968701824219,chlorophyte,SP012-ORA2
50,0.1072798864166086,0.1173898693347623,0.0902020238095039,0.1235935573424317,0.0920066923663519,0.0935649177466119,0.1073737041548813,0.1539404739942896,chlorophyte,SP012-ORA2
60,0.1192889912746401,0.142523260682566,0.111806792121486,0.1524787264491569,0.1066002466582627,0.1094538909351191,0.1285664489636983,0.189324229265231,chlorophyte,SP012-ORA2
60,0.1193586946866504,0.1421750988154335,0.1127290287287004,0.1520488962254748,0.1064796162782169,0.1098319181103239,0.1287984495834071,0.190554241720431,chlorophyte,SP012-ORA2
60,0.1189173217774581,0.1423333391828815,0.1133206537030643,0.1534823827094776,0.1061350382106472,0.109713769266273,0.1294947745631866,0.1903081181651644,chlorophyte,SP012-ORA2
60,0.1188244259832484,0.1436001643720972,0.1114995688268174,0.1538410756363121,0.1079626564369096,0.1090287811086803,0.1286051119960447,0.1910466706359583,chlorophyte,SP012-ORA2
60,0.1188708728016498,0.1441390514249048,0.1114050575680934,0.15290874150631,0.1082906016902522,0.1105411044669349,0.1301528603316382,0.1898160527105316,chlorophyte,SP012-ORA2
60,0.1190102262020983,0.142270040031069,0.1135337244078323,0.1536975830259352,0.1081525063697378,0.1091940801231662,0.1282958495844255,0.190554241720431,chlorophyte,SP012-ORA2
60,0.1205211340800958,0.1424282954239517,0.1123032753753749,0.1536975830259352,0.107548563467122,0.1098791815567833,0.1297269906800287,0.1892013111899733,chlorophyte,SP012-ORA2
60,0.1207305167509551,0.1420485245478132,0.1122086881303944,0.1531955209748655,0.1072553513260386,0.1097610271288087,0.1286824425455167,0.1911698157626456,chlorophyte,SP012-ORA2
60,0.1209399432720989,0.1408468673814279,0.1124924767098087,0.1516908454500503,0.1069794654720603,0.1081319200620166,0.1294560771191481,0.1910466706359583,chlorophyte,SP012-ORA2
60,0.1188476491227857,0.1431565929815152,0.1120195404764435,0.1528370594877136,0.1081179855191407,0.1105174568169192,0.1284891273832065,0.1910466706359583,chlorophyte,SP012-ORA2
70,0.1523568822307623,0.1693446689389258,0.1335504151016937,0.1778773778508156,0.1335344908970807,0.1376996869336132,0.1540180968904879,0.2219337774146864,chlorophyte,SP012-ORA2
70,0.1511328771819268,0.1699301490493273,0.1337436798266514,0.1791276078353242,0.1327734895241777,0.1369709832651363,0.1547322126075767,0.2235861451246127,chlorophyte,SP012-ORA2
70,0.1532698610073591,0.1692471222383657,0.1338161637292163,0.1780243826287356,0.134774570421076,0.1380399304540414,0.1546925261307385,0.2235861451246127,chlorophyte,SP012-ORA2
70,0.1519247093548881,0.1700603023049692,0.1346380153587486,0.1778773778508156,0.1352710331345124,0.1392073593248353,0.154930668620453,0.2235861451246127,chlorophyte,SP012-ORA2
70,0.1509170317264343,0.1698000127313506,0.1317644848574829,0.1787597308492382,0.1328973340110449,0.1364126698426156,0.1546131579017989,0.2212989776726811,chlorophyte,SP012-ORA2
70,0.1535823873041824,0.1690195502677482,0.134154491426982,0.1778038835649633,0.1350227709683913,0.1374567267050073,0.1545337959716752,0.2216798091593531,chlorophyte,SP012-ORA2
70,0.1534381322610163,0.1698325452231797,0.1342028333007226,0.1789068654040536,0.1344732668377147,0.138720764988924,0.1558043432719522,0.2219337774146864,chlorophyte,SP012-ORA2
70,0.1521167631305354,0.1684995801543136,0.133043272837422,0.1769958027129098,0.1334105674815928,0.1359759462331899,0.1546131579017989,0.2230774334259911,chlorophyte,SP012-ORA2
70,0.1535583433518363,0.1697674812978502,0.1336712011776216,0.1776569111955041,0.1348809345410131,0.1382587195786638,0.154295747964203,0.2234589429365636,chlorophyte,SP012-ORA2
70,0.1529334034218731,0.1689220352747406,0.1333330369231913,0.1776569111955041,0.1351646275161955,0.1386721185753713,0.1536215861795039,0.2235861451246127,chlorophyte,SP012-ORA2
80,0.152140772446151,0.1819757269223349,0.1438696723988105,0.1981460846403633,0.1354661395124495,0.1388423913771351,0.1653451433737069,0.246620040012519,chlorophyte,SP012-ORA2
80,0.1534381322610163,0.1823709708259027,0.1445288601569054,0.1993468352536768,0.1369750646454162,0.1397672356798165,0.1666295103975452,0.2457092338861884,chlorophyte,SP012-ORA2
80,0.1529814618609443,0.18111990066865,0.1453106828207216,0.1970966092816702,0.1352000947976321,0.139669843359124,0.1638220969871087,0.247792296740704,chlorophyte,SP012-ORA2
80,0.152957432352707,0.1823050859925674,0.1439428940285126,0.1976961746147776,0.1357854866277333,0.1386721185753713,0.1661878231450875,0.2485745653594748,chlorophyte,SP012-ORA2
80,0.1539190633528619,0.1834916776476649,0.1454328978459888,0.1981460846403633,0.1359629457682319,0.1388180649160258,0.1650243092021157,0.2472711240904708,chlorophyte,SP012-ORA2
80,0.1526451012792327,0.1826675063052507,0.1434304551744347,0.1988213294422514,0.1362114414829597,0.1390126931766636,0.1662279684711734,0.2481833545570674,chlorophyte,SP012-ORA2
80,0.152957432352707,0.183128958569611,0.1446998316417207,0.1991966625547912,0.1342606366008941,0.13723811295819,0.167151756065737,0.2463597250299219,chlorophyte,SP012-ORA2
80,0.1527652170710003,0.1821733293469011,0.1455795755952373,0.1986712356333392,0.1362114414829597,0.1401081835181004,0.1657062048985008,0.2481833545570674,chlorophyte,SP012-ORA2
80,0.1535823873041824,0.1832608411942663,0.1455062340313177,0.198971445782697,0.1366375778530446,0.1394750871689132,0.167151756065737,0.2460994777935799,chlorophyte,SP012-ORA2
80,0.1513487692367384,0.1824698062156416,0.144650979663206,0.197471295486361,0.1365132693191037,0.1383559745569797,0.1668705129694057,0.2450591656061288,chlorophyte,SP012-ORA2
90,0.1805847101856594,0.207186305490876,0.1645840470630141,0.2186809982932192,0.1598683234968876,0.1638440015162328,0.1894593263592222,0.2717976699704862,chlorophyte,SP012-ORA2
90,0.1808070559342129,0.208098544763531,0.1652819707684045,0.2189106985354144,0.1611415139198762,0.1622738490384271,0.1880632515656673,0.2727325615243889,chlorophyte,SP012-ORA2
90,0.1822163948909222,0.2059038213461435,0.1626921344228231,0.2179922139702699,0.1585241396136113,0.1650669379636508,0.1908162065657596,0.2729998340102778,chlorophyte,SP012-ORA2
90,0.1824391037742153,0.2064098686217572,0.164359817849991,0.2179922139702699,0.1603046633398194,0.1648921411644843,0.1894182375045682,0.270463624948733,chlorophyte,SP012-ORA2
90,0.1817463945112171,0.2069161721108777,0.1645092984053404,0.2191404515519333,0.159795618696521,0.1637691764198605,0.1897469956237453,0.2734008767267016,chlorophyte,SP012-ORA2
90,0.1805106059209251,0.2078619583661452,0.1661301049242144,0.2186044432692583,0.1598137944010572,0.1649420799894342,0.1912689094152301,0.2720646926690022,chlorophyte,SP012-ORA2
90,0.1810047381113376,0.2080647432796426,0.1649329480285232,0.2188341259253995,0.1612871246662065,0.1656164983292009,0.1906516381460679,0.271931172407104,chlorophyte,SP012-ORA2
90,0.1816722041138936,0.2077267912656117,0.1657059479298689,0.2201366583855386,0.1608685509046696,0.1653916416743702,0.189089587431772,0.2732671779498463,chlorophyte,SP012-ORA2
90,0.1813013346680484,0.2077267912656117,0.1647086405768368,0.2197533844549719,0.1614873740684029,0.1653167006903602,0.1889663714956883,0.2716641853543901,chlorophyte,SP012-ORA2
90,0.1807082294980609,0.2086057041746011,0.163413626200504,0.2198300274900735,0.1589054136180668,0.1620995397385846,0.1894182375045682,0.2711304250001111,chlorophyte,SP012-ORA2
100,0.2091240727442915,0.233672934593636,0.1837026833823301,0.2476527733589071,0.1806591695393291,0.1849929402502782,0.2115195026734884,0.3107247404847468,chlorophyte,SP012-ORA2
100,0.2099632016252337,0.2348873902331092,0.185405806609498,0.2485989218170949,0.1803437209038121,0.1857065160597562,0.2127804838838279,0.3114189439142226,chlorophyte,SP012-ORA2
100,0.2089715794791152,0.235443061567821,0.1828395200893374,0.2487567002964378,0.1805849373782112,0.1842035033833248,0.21244406672338,0.3101697245137906,chlorophyte,SP012-ORA2
100,0.2092765892672105,0.2350610043587905,0.18428701072388,0.2474951689456573,0.1816061129327466,0.1858339939106524,0.2130328710470741,0.3108635426225224,chlorophyte,SP012-ORA2
100,0.2100395209963992,0.2333262179963064,0.1833217842017368,0.2497828676517499,0.1820148753174353,0.1859614880142227,0.2120657326498843,0.3118356974105649,chlorophyte,SP012-ORA2
100,0.2101158461926556,0.234262628836924,0.1844140836003457,0.2496249271949736,0.1821449711238875,0.1855535640863775,0.2128225439877226,0.3104471939939281,chlorophyte,SP012-ORA2
100,0.2094291290549674,0.2344014309746997,0.1835503062995484,0.2482045844958448,0.1805663801989019,0.1857065160597562,0.2126543141854165,0.3126697258158752,chlorophyte,SP012-ORA2
100,0.2105484657105429,0.2345055452228287,0.1835757008676516,0.2473375893676445,0.1816989988039435,0.1864206014232973,0.2111835093901933,0.3123916390510129,chlorophyte,SP012-ORA2
100,0.2103448567408644,0.2333608842469815,0.1832963960808372,0.2471800346170428,0.1812532252866525,0.1867012745302774,0.2117295558177061,0.3119746538479455,chlorophyte,SP012-ORA2
100,0.2100649620812083,0.2346443810843547,0.1834995190979124,0.2482045844958448,0.1810118475757838,0.1866247195063166,0.2118556088862148,0.3115578424490663,chlorophyte,SP012-ORA2
2,-0.0174837550679838,-0.0160358450094445,-0.0096356079724732,-0.0120501146025805,-0.0120649019788498,-0.0149513094669651,-0.0127029416172099,-0.0131192743033794,diatom,p. nitzchia
2,-0.017191192426146,-0.0157859942245849,-0.0096356079724732,-0.0118006758385034,-0.0118910150523372,-0.0144311534084232,-0.0123920768926714,-0.0124989268889444,diatom,p. nitzchia
2,-0.0173583815592419,-0.0157026967553915,-0.0089505738010136,-0.0114887898614875,-0.0121281260925477,-0.0148429659311762,-0.0122193325021158,-0.0128091487000254,diatom,p. nitzchia
2,-0.0167312781293386,-0.0157582291724543,-0.0090362287401439,-0.0111768065812607,-0.0115115204081445,-0.0147129381917419,-0.0125993307794236,-0.0127057521223601,diatom,p. nitzchia
2,-0.0171075873763523,-0.0153694374765907,-0.0092931495457193,-0.0114264009916417,-0.0115115204081445,-0.014582893542896,-0.0124611662943846,-0.0126023448527369,diatom,p. nitzchia
2,-0.017003071233739,-0.015452762708908,-0.0095071998055374,-0.0118630413628619,-0.0116854733305969,-0.0145178648760691,-0.0127029416172099,-0.0131192743033794,diatom,p. nitzchia
2,-0.0171702918189827,-0.015452762708908,-0.0089077435800032,-0.0120501146025805,-0.0117961548919524,-0.0146479179812703,-0.0120811155012047,-0.0130159097883254,diatom,p. nitzchia
2,-0.0170866850217014,-0.0157026967553915,-0.0096356079724732,-0.0111768065812607,-0.0119384417583242,-0.0142143418385085,-0.0124957092053192,-0.0122920588700023,diatom,p. nitzchia
2,-0.0167103679073758,-0.015841522016259,-0.0096784070309005,-0.0112392110244774,-0.0115905936695624,-0.0143877948548577,-0.0119428793937134,-0.0130159097883254,diatom,p. nitzchia
2,-0.0176926759921741,-0.0160636023547339,-0.0096784070309005,-0.0124864827795637,-0.0118752056504857,-0.0146695918545006,-0.0124957092053192,-0.0133259712863394,diatom,p. nitzchia
4,-0.0114900661060733,-0.0112221905609315,-0.0100207335709688,-0.0081768043312577,-0.0114798893527717,-0.0106736693224496,-0.0104210196644588,-0.0085610979662612,diatom,p. nitzchia
4,-0.0109644308637952,-0.0108316309398313,-0.0102560151078009,-0.0079890050255632,-0.0119700583127548,-0.0101730544263197,-0.0096592203963417,-0.0083534136456809,diatom,p. nitzchia
4,-0.0122254915828387,-0.0108037279863018,-0.0094429895382936,-0.0075506694413507,-0.0109261838624779,-0.0111522839597895,-0.0110438786070495,-0.0079379155613818,diatom,p. nitzchia
4,-0.0111116365840548,-0.0109990323129134,-0.0092503339951048,-0.0078637858919159,-0.0109578324367123,-0.0099117645236878,-0.0101440688906883,-0.0078340140599117,diatom,p. nitzchia
4,-0.0114270044632967,-0.0106362939130768,-0.0095928070822082,-0.0077385510764736,-0.0110844167182782,-0.0106083859381358,-0.0097284988611586,-0.0082495553083594,diatom,p. nitzchia
4,-0.0114900661060733,-0.0112500818407247,-0.0100207335709688,-0.0080516087129408,-0.0115273355606425,-0.0105866238629034,-0.010178691932326,-0.0083534136456809,diatom,p. nitzchia
4,-0.011931386291025,-0.0118634932638346,-0.0103629429636784,-0.00861486560426,-0.0107679259650786,-0.011282775478026,-0.009832407560142,-0.0079379155613818,diatom,p. nitzchia
4,-0.0107961692165374,-0.0115289518612163,-0.0094429895382936,-0.0079890050255632,-0.0109103591997407,-0.0110000223305134,-0.0104902453749153,-0.0078340140599117,diatom,p. nitzchia
4,-0.0111747181169569,-0.0111385120537073,-0.009357369434641,-0.0075506694413507,-0.0109736563482253,-0.0104342760743722,-0.0099016740282726,-0.0083534136456809,diatom,p. nitzchia
4,-0.011342916086363,-0.0108595331148076,-0.0098923748509568,-0.0081142084813421,-0.0108945342865796,-0.0103036737799395,-0.0096592203963417,-0.0078340140599117,diatom,p. nitzchia
6,-0.0173165868964143,-0.0197761350169215,-0.015354420903939,-0.0130472479271287,-0.0164022771789928,-0.0160773869388106,-0.0133934063273724,-0.0132226281353147,diatom,p. nitzchia
6,-0.0172538916267518,-0.0191952301721604,-0.0147584606453619,-0.012174810656112,-0.015961512760435,-0.0158392839689747,-0.0128756024944108,-0.0123954982287704,diatom,p. nitzchia
6,-0.0169821666943175,-0.0196655124885308,-0.015013915676022,-0.0126734394373233,-0.0157883021437658,-0.0152979299210421,-0.0132208348392055,-0.0127057521223601,diatom,p. nitzchia
6,-0.0172538916267518,-0.0201632175256255,-0.0157798894575949,-0.0134209167363592,-0.0168585784716341,-0.0157310366019862,-0.0135659480397594,-0.0138425269050365,diatom,p. nitzchia
6,-0.016856730279962,-0.0204672487049826,-0.015396975906286,-0.0131718197117806,-0.0164337529190687,-0.01599081060007,-0.0128756024944108,-0.0130159097883254,diatom,p. nitzchia
6,-0.0167521879140731,-0.0191952301721604,-0.0146307086543863,-0.0130472479271287,-0.0163235834941204,-0.0155794706001155,-0.0126684058640681,-0.0130159097883254,diatom,p. nitzchia
6,-0.0179850919768799,-0.0195825375607405,-0.0156522678978863,-0.0132963759802359,-0.0165911167603301,-0.0159042267652178,-0.0140489065147189,-0.0128091487000254,diatom,p. nitzchia
6,-0.0176508952990263,-0.0204672487049826,-0.0157586203286714,-0.0127980577937685,-0.0158040498032703,-0.0160990298523805,-0.0130482335649795,-0.0135326255544855,diatom,p. nitzchia
6,-0.0173165868964143,-0.01980378873704,-0.015354420903939,-0.0123618255866823,-0.0161976607160976,-0.0158392839689747,-0.0134279170515835,-0.0130159097883254,diatom,p. nitzchia
6,-0.0168149146450901,-0.018973844295675,-0.0151203360151777,-0.0129226606224139,-0.0157568060807711,-0.0155361618084239,-0.0127029416172099,-0.0124989268889444,diatom,p. nitzchia
8,-0.0098912774787426,0.0031047020598301,0.0011220421910538,0.0114180328372095,-0.0042099006670631,-0.0040146195533543,0.0055240523823055,0.0179528170856645,diatom,p. nitzchia
8,-0.0098070598603671,0.0032744813471649,0.0014032905027135,0.0117372462979594,-0.0041621059929739,-0.0033791493388085,0.0058758182505734,0.0185927488481173,diatom,p. nitzchia
8,-0.0097649483913023,0.0032178850485477,0.0018794294577105,0.0119288232965338,-0.0038274792977955,-0.0038612671602088,0.0061221280039253,0.0181660821749779,diatom,p. nitzchia
8,-0.0101859833013155,0.0023975984679798,0.000754375249902,0.0109713051103252,-0.0042258317174773,-0.0034010688285237,0.0053833806746708,0.0181660821749779,diatom,p. nitzchia
8,-0.0091962699215183,0.0035575108973392,0.0017711961498867,0.0118011012195993,-0.0039868393083318,-0.0037298035316232,0.0056999198490363,0.0183793927559915,diatom,p. nitzchia
8,-0.0091330634575828,0.0034725936208682,0.0005165451243525,0.0116733954535105,-0.0041621059929739,-0.0046277940645073,0.0048560379424162,0.0184860651119517,diatom,p. nitzchia
8,-0.0098281149299023,0.0038406205759189,0.0014032905027135,0.0112903759786714,-0.0043054831627948,-0.0037736266614782,0.0060517475978014,0.0180594439450714,diatom,p. nitzchia
8,-0.0093226708654803,0.0034442894644009,0.0016846179372398,0.0115457059941018,-0.0039868393083318,-0.003576407451688,0.005840636094959,0.0179528170856645,diatom,p. nitzchia
8,-0.0091119937484494,0.0037556792561628,0.0010138908222927,0.0118011012195993,-0.0038274792977955,-0.004036525118464,0.0061573200646001,0.0179528170856645,diatom,p. nitzchia
8,-0.0096596619594675,0.0033593818014332,0.0014249282649371,0.01218431639961,-0.0038434164417003,-0.0035325756780283,0.0062981006934183,0.0183793927559915,diatom,p. nitzchia
10,-0.0078680944914686,-0.0072257066144349,-0.0059694981924374,-0.0047910088841301,-0.0072957828301977,-0.0084952565232843,-0.0077868853255961,-0.0052329617689338,diatom,p. nitzchia
10,-0.0075093955099147,-0.0070576723350467,-0.0058406183726908,-0.0042255934457904,-0.007136949303283,-0.0077535138303473,-0.0074397715729353,-0.0045034531127471,diatom,p. nitzchia
10,-0.0073827651437837,-0.0068896098153939,-0.0055398341830775,-0.0046025725907424,-0.0066761893590022,-0.0082553411468295,-0.0073008923282151,-0.0045034531127471,diatom,p. nitzchia
10,-0.0071716788931583,-0.0066374630646498,-0.0059265400980519,-0.0040999021434631,-0.0066126195991157,-0.0078189838505572,-0.0073008923282151,-0.0049203803649821,diatom,p. nitzchia
10,-0.0071083443282983,-0.0073097131669954,-0.0063775080762315,-0.0050422020529967,-0.0070892943253145,-0.0078408062381455,-0.0082379531495554,-0.0049203803649821,diatom,p. nitzchia
10,-0.0076782110582276,-0.0066654825101469,-0.0058620994961543,-0.0042884331730867,-0.0073593091777718,-0.0077316895377263,-0.007578631532889,-0.0048161648471972,diatom,p. nitzchia
10,-0.0081212163287971,-0.0068896098153939,-0.0055398341830775,-0.0051049904873877,-0.0078832476190534,-0.008451639826806,-0.0078562936199151,-0.0050245850230246,diatom,p. nitzchia
10,-0.0085640254325966,-0.0076176768297175,-0.0059265400980519,-0.0054816383261154,-0.0076451278119165,-0.0087133114739957,-0.0085501117286471,-0.0052329617689338,diatom,p. nitzchia
10,-0.0072772275881466,-0.0066654825101469,-0.0052389594951144,-0.0054188735371414,-0.0065331517160188,-0.0084080212278285,-0.007648054282752,-0.0057537137465407,diatom,p. nitzchia
10,-0.0071716788931583,-0.0065253774311086,-0.0055613217686258,-0.0047282007316112,-0.0069939775558453,-0.008189899689643,-0.007057807229871,-0.0046077012233445,diatom,p. nitzchia
12,0.0084235523411985,0.0244380818896689,0.0196358337335059,0.0365623623986706,0.0161813975518295,0.0167247004097974,0.0255954176458124,0.0494711026336704,diatom,p. nitzchia
12,0.0089812170275938,0.0248717395093244,0.0200766439498085,0.0370206725517153,0.0169946966629922,0.0166799716894787,0.0258825264620253,0.0498012627643314,diatom,p. nitzchia
12,0.009088495899123,0.0250452552273918,0.0197900952070089,0.0373481655954152,0.0168807949600386,0.0171944728025316,0.0258107415296518,0.0500214300923896,diatom,p. nitzchia
12,0.0087666938046323,0.0245247983701903,0.0200105100285938,0.0370861625808818,0.0162626977039054,0.016993114753682,0.0262774357277799,0.049911340369154,diatom,p. nitzchia
12,0.0089812170275938,0.0246404320428446,0.0199002965449648,0.0368242281939477,0.0168157140970433,0.0174406321583896,0.0261697177333848,0.0502416459047747,diatom,p. nitzchia
12,0.00831634477653,0.0246115223711121,0.0193934709151824,0.0364969066630883,0.0167018327775238,0.0175301596769704,0.0259184208607084,0.0488111092096471,diatom,p. nitzchia
12,0.0086594494482637,0.0247560790881916,0.0200105100285938,0.037151656899273,0.0163765290222764,0.0164339994830977,0.0253442650334022,0.0498012627643314,diatom,p. nitzchia
12,0.0091099530545487,0.0248717395093244,0.0201207356605738,0.0373481655954152,0.016116362188828,0.0172839782848021,0.0262774357277799,0.0501315319367066,diatom,p. nitzchia
12,0.0090455829694506,0.0252188010583888,0.0197019428797304,0.0370861625808818,0.0164578450407636,0.0171944728025316,0.0263133443045471,0.049911340369154,diatom,p. nitzchia
12,0.0091314106703939,0.0238312769877151,0.0201868768720845,0.0366278224189865,0.0164090546362003,0.0171049753307754,0.0254160164863999,0.0493610734758326,diatom,p. nitzchia
14,0.0147260716169934,0.0292186904526027,0.0247833668882981,0.0429320198147724,0.0180203962229722,0.018560302644407,0.0314254985779976,0.0573142800946963,diatom,p. nitzchia
14,0.0147908084080134,0.029189648123406,0.025337254640492,0.0431296678043475,0.0188188905333502,0.0188740351675969,0.0319670441622925,0.0579799113595657,diatom,p. nitzchia
14,0.0149850439299844,0.0295672642085288,0.0254037417918745,0.0433932592391523,0.0185254919982382,0.0185827088464447,0.0320753884806418,0.0573142800946963,diatom,p. nitzchia
14,0.0149634603421437,0.0296834824665478,0.0249162719721132,0.0435250810163005,0.0182158869052057,0.0191654463845078,0.0321837445387545,0.0577579850381933,diatom,p. nitzchia
14,0.0150066279836863,0.0299159595104869,0.0249827311385181,0.0435909984218154,0.0180529753495287,0.0187171566024899,0.0320392724035663,0.0574251878749907,diatom,p. nitzchia
14,0.0155031898428269,0.0291606066376415,0.0250270397033709,0.0430637808005353,0.0187699847991431,0.0190309383474496,0.0321115058621357,0.0575361079571854,diatom,p. nitzchia
14,0.0151361420901123,0.0287541143699147,0.025226452544003,0.0437887767129965,0.018378825005382,0.0190533550972461,0.0307038936975007,0.0568707719379643,diatom,p. nitzchia
14,0.0155463807900111,0.0295672642085288,0.0250935062319594,0.0429320198147724,0.0181833024707871,0.0188292102090525,0.0317864963798316,0.0579799113595657,diatom,p. nitzchia
14,0.0143593089406924,0.0286960575322545,0.0244511814371807,0.0424051494127004,0.0181507190980793,0.0184258759739531,0.0307760307579467,0.0580908929922193,diatom,p. nitzchia
14,0.0155247850832367,0.0297706550246818,0.0253815789169053,0.0437228462695904,0.0179878181577807,0.0191430271218762,0.0322559884341767,0.0579799113595657,diatom,p. nitzchia
16,0.0055757371303128,0.0225033705543138,0.0214223164926897,0.0315998971054944,0.017141160775478,0.0114604737585064,0.0217632406156961,0.0423442702098238,diatom,p. nitzchia
16,0.006388571399665,0.0227341841733418,0.0216430914135555,0.0319256193975504,0.0172876463428427,0.0115939672842686,0.0222995774480755,0.0425628016792249,diatom,p. nitzchia
16,0.0060034622806564,0.023224840074664,0.0219743452122009,0.0315998971054944,0.0172062628229605,0.0121281196639315,0.0217274950526102,0.0423442702098238,diatom,p. nitzchia
16,0.0061318155089162,0.0229361898013284,0.0215547755961351,0.0319907765892985,0.0178086577680348,0.0119277790842771,0.0219419875998166,0.042672085325036,diatom,p. nitzchia
16,0.0057895768368841,0.0226764757738684,0.0216872522473192,0.03179531774905,0.0178575165092805,0.0115717171257352,0.0220850081950262,0.0427813809150677,diatom,p. nitzchia
16,0.0063029787776966,0.0219265694770081,0.0221731501741438,0.0314696378894707,0.0170435156503333,0.0115939672842686,0.0222995774480755,0.0422350223810156,diatom,p. nitzchia
16,0.0060034622806564,0.0221284120116821,0.0209367831689449,0.0309487706337334,0.0166204969173117,0.0121281196639315,0.0224426491988023,0.042453529975024,diatom,p. nitzchia
16,0.0057895768368841,0.0227341841733418,0.0213781673569016,0.0319907765892985,0.0175643998630416,0.0122617023518138,0.0222280492480521,0.0431093393766026,diatom,p. nitzchia
16,0.005661267525729,0.022589919418414,0.0222173344224666,0.0320559380267828,0.0178900903297039,0.0116384690865989,0.0224784203350764,0.0425628016792249,diatom,p. nitzchia
16,0.0058323502660365,0.0224456754728034,0.0217314150313481,0.0323818089196199,0.017141160775478,0.0120390744511659,0.0218704849720646,0.0423442702098238,diatom,p. nitzchia
18,0.000691279799087,0.0175824265098397,0.0180505239358697,0.0271157303714874,0.0142159466117125,0.0075747317449492,0.0178388688292889,0.0361361143452506,diatom,p. nitzchia
18,0.000904077450604,0.0178121069679135,0.018094526400015,0.0271805749067369,0.0148977316161263,0.0080845682758044,0.0184799858194778,0.0361361143452506,diatom,p. nitzchia
18,0.0012872273733398,0.0179556840475153,0.0186887492510626,0.0278941424502319,0.0145567810100716,0.0078628682793303,0.0179813037545733,0.0368964467557461,diatom,p. nitzchia
18,0.0009466424153878,0.0182141747504696,0.0188428646838264,0.0272454236470729,0.0149139702592258,0.0083284950546304,0.0186225120980018,0.0364619003067571,diatom,p. nitzchia
18,0.0006274493327837,0.0176398416789433,0.0184246066125028,0.0275048606701911,0.0141834922506549,0.0081289141738162,0.0185868786239124,0.0365705192174162,diatom,p. nitzchia
18,0.0009892091920251,0.0182716262040072,0.0173907192141237,0.0275697304441426,0.0136643656694497,0.0076412174228507,0.0174472773609789,0.0362446978732359,diatom,p. nitzchia
18,0.0014575633614873,0.0176972601447377,0.0180505239358697,0.0276994826176735,0.014605481122903,0.0079737121337064,0.0186581468418809,0.0363532931928844,diatom,p. nitzchia
18,0.000691279799087,0.0182716262040072,0.0175446347148177,0.0266619363213675,0.0137779015834142,0.0073531447379046,0.0177676589738148,0.0365705192174162,diatom,p. nitzchia
18,0.000691279799087,0.0178982507419256,0.0184906357313682,0.0271805749067369,0.0141834922506549,0.0080402243442641,0.0182662344827183,0.0364619003067571,diatom,p. nitzchia
18,0.001095634061489,0.0176972601447377,0.018204541032072,0.0269860539140664,0.0139563412104622,0.0081954367083492,0.0174828702495234,0.0368964467557461,diatom,p. nitzchia
20,0.0153088536622168,0.0256527974485643,0.0242519231202541,0.0360388364394585,0.0221010351996887,0.0227815182439969,0.0292982601201145,0.0454080651439109,diatom,p. nitzchia
20,0.0155247850832367,0.0257396193335221,0.0245176097002166,0.0360388364394585,0.022591832755553,0.0233216816565592,0.0296945208648662,0.0457368863229572,diatom,p. nitzchia
20,0.015654366320055,0.0256238584952842,0.024406898379871,0.0362351265568813,0.0227063868538511,0.0227590177658608,0.0300188510358205,0.0456272672491286,diatom,p. nitzchia
20,0.0157623635122329,0.0262027967387457,0.0243183381477853,0.0362351265568813,0.0228536899793988,0.0233667084475074,0.0293702958498676,0.0460658156609375,diatom,p. nitzchia
20,0.0152440833270077,0.0257106778676348,0.0247612177582043,0.0363660080438819,0.0221337475436947,0.0229390357681472,0.0299828091551512,0.0455176601903244,diatom,p. nitzchia
20,0.0155463807900111,0.025826448757174,0.0242076488856377,0.0363005651591361,0.0220519686900251,0.0233216816565592,0.0298746913065911,0.0458465174144446,diatom,p. nitzchia
20,0.0148555493901566,0.0255081110560672,0.0243847575865655,0.0357117718412853,0.0229027958434673,0.0231415947641471,0.0286861658384875,0.0448602700055889,diatom,p. nitzchia
20,0.0153736281928941,0.0259132857208293,0.0250270397033709,0.0366932867245974,0.0221337475436947,0.023569354099763,0.029442336769141,0.0458465174144446,diatom,p. nitzchia
20,0.0152656729726145,0.0260001302257979,0.0242076488856377,0.0366932867245974,0.022150104116993,0.0233667084475074,0.0292982601201145,0.0458465174144446,diatom,p. nitzchia
20,0.0157407631407057,0.0257975047782432,0.024473323701228,0.035973414961564,0.022248249175468,0.0230515634782144,0.0292982601201145,0.0460658156609375,diatom,p. nitzchia
25,0.0117742148685877,0.0219554016306278,0.0160504573328972,0.0275697304441426,0.0152225545904629,0.0156294222896854,0.018301856532771,0.0366791499274248,diatom,p. nitzchia
25,0.0125275105727593,0.0223591390914124,0.016182206745705,0.0280888401826185,0.0158887717206348,0.015942236502939,0.0183374798517995,0.0370051128791891,diatom,p. nitzchia
25,0.0124844498140222,0.0223591390914124,0.0162480879618961,0.0275697304441426,0.0159863041502448,0.0164116413732514,0.0183374798517995,0.0374398954947339,diatom,p. nitzchia
25,0.0110429848641792,0.0216959421697127,0.0163359363356595,0.0281537478514823,0.0158075019618801,0.0157858171647208,0.0179813037545733,0.0368964467557461,diatom,p. nitzchia
25,0.0123552786620664,0.0221860887910268,0.0164237924274378,0.0278941424502319,0.0157424909099781,0.0164116413732514,0.0182662344827183,0.0367877924393466,diatom,p. nitzchia
25,0.0118172450542696,0.0222437688971741,0.0165775591636024,0.0276346044264549,0.0159050264649886,0.015942236502939,0.0188006985171045,0.0371137908122419,diatom,p. nitzchia
25,0.0124844498140222,0.0225610689647385,0.016182206745705,0.0283484961399357,0.0154012522101988,0.0159869322367388,0.0185868786239124,0.0368964467557461,diatom,p. nitzchia
25,0.0120969864029408,0.0225610689647385,0.0166654364869157,0.0282835758295939,0.015937536746368,0.0163222139323816,0.0182662344827183,0.0370051128791891,diatom,p. nitzchia
25,0.011967865287155,0.0219265694770081,0.0163578996349872,0.0278941424502319,0.0154662410808776,0.0162104408762781,0.0189789166922655,0.0372224805574714,diatom,p. nitzchia
25,0.012053944178512,0.0224168291802711,0.0164677233680062,0.0284783494059279,0.0153687593586234,0.0157411304188022,0.0186937828556401,0.0366791499274248,diatom,p. nitzchia
30,0.0064741713483572,0.0295672642085288,0.0263350263665994,0.0403004393487166,0.0180041070577102,0.0134647502178067,0.0267443478310813,0.0521154408867608,diatom,p. nitzchia
30,0.006795236431007,0.029509160144133,0.0267122215917861,0.0404318540279252,0.0180529753495287,0.0137991871962759,0.0272474201763063,0.0527776194784438,diatom,p. nitzchia
30,0.0071806506489976,0.0299159595104869,0.0271117599083857,0.0407604663012646,0.0185254919982382,0.0141560432978415,0.0267084237745331,0.0524464753725425,diatom,p. nitzchia
30,0.006880871198775,0.0297415966609562,0.026956364927331,0.0405632859792217,0.0186558807197986,0.0134647502178067,0.0271395976520764,0.0527776194784438,diatom,p. nitzchia
30,0.0069879249719874,0.030032218302689,0.0256032297733852,0.0401033497051393,0.017792372051422,0.0140445120857163,0.0270317867522902,0.0516742319671835,diatom,p. nitzchia
30,0.006795236431007,0.030090352767723,0.0268231884461007,0.0406290084333218,0.0185906842338661,0.0137768879176568,0.0270317867522902,0.0527776194784438,diatom,p. nitzchia
30,0.0071164046295517,0.029857835182533,0.0265568886797585,0.0409576855110549,0.0183625300006154,0.0137099930651906,0.0275709575207299,0.0526672259253153,diatom,p. nitzchia
30,0.0065383761187937,0.0302647764432719,0.0270229598195274,0.0410234338920246,0.018460304012361,0.0138660880158358,0.0274631001081246,0.0524464753725425,diatom,p. nitzchia
30,0.0072449007962595,0.0301775608025452,0.026645647389265,0.0399062988982354,0.0175806818673566,0.01337558591022,0.0269599192758856,0.0514537004854208,diatom,p. nitzchia
30,0.0069665133004845,0.0298287742854211,0.0271117599083857,0.0409576855110549,0.0186232819455097,0.0136208068889887,0.0275709575207299,0.0526672259253153,diatom,p. nitzchia
35,0.0117096730616097,0.0312828546905217,0.0262462952219093,0.0437887767129965,0.0195690781154196,0.0148031697443818,0.0290461759226581,0.0579799113595657,diatom,p. nitzchia
35,0.0119033109808223,0.032010688543634,0.0270007610293605,0.0441184941481441,0.0201402502577479,0.015406043460602,0.0294783591750812,0.0579799113595657,diatom,p. nitzchia
35,0.0117096730616097,0.0319233205057189,0.0270007610293605,0.0442504115680308,0.0201565742564752,0.0152943727550622,0.0294063156607675,0.0580908929922193,diatom,p. nitzchia
35,0.0120109038066365,0.0316612621816837,0.026690029698484,0.0445142986259018,0.0202055478515549,0.0153167058985647,0.0294063156607675,0.0584239118108603,diatom,p. nitzchia
35,0.0119033109808223,0.0308754990051867,0.026512512279121,0.0435909984218154,0.0195527637040841,0.0141783510330495,0.0287581574874872,0.0576470403440095,diatom,p. nitzchia
35,0.012419862152396,0.0314574865088828,0.0267122215917861,0.0447122596282311,0.0196180229464474,0.0149594354410309,0.0294783591750812,0.0586459859845466,diatom,p. nitzchia
35,0.011967865287155,0.0321271911359485,0.0270007610293605,0.0440525419634541,0.0198301449010492,0.0149371102749867,0.0290461759226581,0.0584239118108603,diatom,p. nitzchia
35,0.0116881600516162,0.0314283790879438,0.0260466789281212,0.0445802812724898,0.0193080794678685,0.0148701377671761,0.0288661546796652,0.0584239118108603,diatom,p. nitzchia
35,0.0110644839988398,0.0308173188795012,0.0264459513703181,0.0443163768043752,0.0198138262300414,0.0152050451684108,0.0297665851462364,0.0583128932151314,diatom,p. nitzchia
35,0.0118387608414792,0.0321271911359485,0.0264459513703181,0.0442504115680308,0.0202545238451651,0.0149371102749867,0.0295143828786822,0.0579799113595657,diatom,p. nitzchia
40,0.0332818232185756,0.0431100366735293,0.0339060966457574,0.0498730491690071,0.0326239866255813,0.0328448091479057,0.0365276427720381,0.0676816880421798,diatom,p. nitzchia
40,0.0333697565651556,0.0436991903713082,0.034509792624919,0.0498730491690071,0.0332357439588805,0.0327993535693619,0.0366002011815895,0.0676816880421798,diatom,p. nitzchia
40,0.0336336030080574,0.0431983876034803,0.0344426972936106,0.0506693860615781,0.0333019023089153,0.0334359197710057,0.0368541970827355,0.0679058279063929,diatom,p. nitzchia
40,0.0335456464585362,0.0430511403898677,0.0343979695735985,0.0500057279538641,0.0326570450232439,0.032912996390099,0.0370719592147615,0.0683542584071812,diatom,p. nitzchia
40,0.0338315335350889,0.0435813318603141,0.0344650619038522,0.0505366191999917,0.033219205055244,0.0333449569292638,0.0369267791912776,0.0683542584071812,diatom,p. nitzchia
40,0.0338315335350889,0.0437286571695954,0.0344203331835335,0.0506693860615781,0.0331695899854834,0.032912996390099,0.0372897687774623,0.0683542584071812,diatom,p. nitzchia
40,0.0336336030080574,0.0432867463400078,0.0338613929196943,0.0498730491690071,0.0332522831360568,0.0331175860181185,0.0368904874784863,0.0682421319283956,diatom,p. nitzchia
40,0.033567634870644,0.0437286571695954,0.0347111056337744,0.0498730491690071,0.0326074578365628,0.033549634960066,0.0367816202419737,0.0683542584071812,diatom,p. nitzchia
40,0.0332818232185756,0.0439054761957832,0.0343756064637836,0.0506693860615781,0.0331365146398429,0.033003919946182,0.0367816202419737,0.0682421319283956,diatom,p. nitzchia
40,0.033875523417423,0.0438465330464336,0.0342414383061585,0.0496740639927462,0.0322934627422221,0.0329357265040917,0.0365639213187234,0.0680179166808195,diatom,p. nitzchia
45,0.0312176123753774,0.0404631320048106,0.032409608645495,0.0482822753199237,0.0301312283620779,0.0313685594617877,0.0349689090179826,0.0647724323257019,diatom,p. nitzchia
45,0.0318539890001388,0.0409919527469068,0.0332134133642372,0.0490110658911546,0.0307084670333048,0.0314366461134261,0.0354036601298227,0.065107684047007,diatom,p. nitzchia
45,0.0316564494641533,0.0406393745149599,0.0327891025837274,0.0480173921980518,0.0307084670333048,0.0318452634036227,0.0349689090179826,0.0644372929604471,diatom,p. nitzchia
45,0.0317442399960009,0.0406393745149599,0.0331687405922843,0.0487459896801923,0.030675472988727,0.0320269246966423,0.035802348089291,0.065107684047007,diatom,p. nitzchia
45,0.0310859987926657,0.0399052355535365,0.0331687405922843,0.0476863869320459,0.0304445451526492,0.0321631923264777,0.0346429696760297,0.0654430481997227,diatom,p. nitzchia
45,0.031634503035385,0.0398465277130876,0.0321864441723529,0.0484147431966572,0.0304940251998303,0.0309147668825848,0.0354398979222204,0.0656666868006771,diatom,p. nitzchia
45,0.0313492432825044,0.0405806235602401,0.0330347342491169,0.0492099191712319,0.0308899537399019,0.0319587978444173,0.0354036601298227,0.0648841704117449,diatom,p. nitzchia
45,0.0316783963745779,0.040845030042677,0.0330570673926194,0.0488785190024987,0.0309064541647882,0.0320723451767446,0.0352587220905806,0.065107684047007,diatom,p. nitzchia
45,0.0319198441846119,0.041168288490619,0.0328560870545193,0.0491436303508172,0.0307744583884613,0.0320723451767446,0.0349689090179826,0.0653312476517836,diatom,p. nitzchia
45,0.031634503035385,0.0405512493772074,0.0331687405922843,0.0482160479613776,0.0302301599015332,0.0306879477925178,0.0350413544122985,0.0641022658759575,diatom,p. nitzchia
50,0.0306474119125402,0.0389663234488825,0.0327891025837274,0.049408812001801,0.0313850849597877,0.0316182331849256,0.0380524760619708,0.0653312476517836,diatom,p. nitzchia
50,0.0298584399458649,0.0387024131768427,0.032141817253388,0.0498067163773674,0.0307249644638305,0.0323221947004912,0.0374713129930545,0.0648841704117449,diatom,p. nitzchia
50,0.030384352086835,0.0393769890262124,0.0327891025837274,0.0486797316049651,0.0321447626287706,0.0317771489258641,0.0378708263185057,0.0662260022132111,diatom,p. nitzchia
50,0.0307789677801217,0.0395823850745278,0.0327444487624692,0.0494751184037083,0.0322108488382551,0.0318452634036227,0.038343184301963,0.0658903754270433,diatom,p. nitzchia
50,0.0310201984965407,0.0393769890262124,0.0328560870545193,0.0493425099961411,0.0315666945162516,0.0319815062794664,0.0378345003290726,0.065107684047007,diatom,p. nitzchia
50,0.0313711834516639,0.0391129703673604,0.0333027648955586,0.0502047791438523,0.0313190532975818,0.0320042152302003,0.0382341588080603,0.0655548612484219,diatom,p. nitzchia
50,0.0313931241022051,0.0391423023318709,0.0335485227805966,0.0499393863609781,0.0313850849597877,0.0323221947004912,0.0386339770778116,0.0658903754270433,diatom,p. nitzchia
50,0.0311079331868933,0.0390249796356607,0.0329230760125312,0.0498067163773674,0.0320952008375975,0.0323676285941835,0.0382341588080603,0.0656666868006771,diatom,p. nitzchia
50,0.0312176123753774,0.0392009688421104,0.0335932125220741,0.0495414292024462,0.0320291222701566,0.0323449113893075,0.0384158745687683,0.0658903754270433,diatom,p. nitzchia
50,0.0307351139012391,0.0396117308113281,0.0331017351759882,0.049408812001801,0.0319960846237556,0.0323221947004912,0.0382704993186484,0.0656666868006771,diatom,p. nitzchia
60,0.0178814664978579,0.0205436027935232,0.0156114179440123,0.021812736633846,0.0118495419545695,0.0116384690865989,0.0139653054649514,0.0309379220033871,diatom,p. nitzchia
60,0.018444432041914,0.0211196064958724,0.0157431095225261,0.0218772381980313,0.0122057653427824,0.0119055214972213,0.0141781393489089,0.0310459425273918,diatom,p. nitzchia
60,0.0178814664978579,0.0206587769946295,0.0158528657540465,0.0225224827681015,0.0122057653427824,0.0121058576173806,0.0141426638890545,0.0315862202432732,diatom,p. nitzchia
60,0.0186610416688927,0.0207451663515145,0.0160504573328972,0.0220707678570553,0.0120114459458564,0.0120168143868335,0.014036245059916,0.0312620185870053,diatom,p. nitzchia
60,0.0182278693245048,0.0210331847866854,0.0160065447189917,0.022006253809099,0.0126269202854291,0.0116384690865989,0.0145329631826001,0.0318024130881322,diatom,p. nitzchia
60,0.017946407888276,0.0208603637712197,0.0162700493318472,0.0225870301297505,0.0118171643016227,0.0123730348910901,0.014497475133197,0.0313700741276582,diatom,p. nitzchia
60,0.018552730990437,0.0211196064958724,0.0158748184459962,0.0219417439229366,0.0123191357645608,0.012150382206092,0.0142136160673163,0.0310459425273918,diatom,p. nitzchia
60,0.0185310702624191,0.0211484153920615,0.0158528657540465,0.021812736633846,0.012432519040649,0.012150382206092,0.0146749279755698,0.0316943108232843,diatom,p. nitzchia
60,0.0180979542022018,0.0210907984296118,0.0157431095225261,0.0219417439229366,0.012659324167417,0.01243984036471,0.0146749279755698,0.0318024130881322,diatom,p. nitzchia
60,0.0185743921876522,0.0211196064958724,0.0163139735187078,0.0225224827681015,0.0125459151739624,0.0119277790842771,0.014497475133197,0.0314781413455727,diatom,p. nitzchia
70,0.0194629055033737,0.0171806126016725,0.0153042050210985,0.0201371546216607,0.0117362247553256,0.0113714879739266,0.0149589180378265,0.0292111786431969,diatom,p. nitzchia
70,0.0201135377239446,0.0172667019912085,0.0153919705117638,0.0203303477832236,0.0116714778348284,0.0115494674622606,0.0157403068184826,0.0296425850347023,diatom,p. nitzchia
70,0.0202220175956108,0.0174676060601915,0.0160943718752048,0.02058799673795,0.0122705468671142,0.0114159798764077,0.0155981907093825,0.0299662620079117,diatom,p. nitzchia
70,0.0199399944027576,0.0178695353260525,0.0154358561458087,0.0204591639627138,0.0124811158089736,0.0119055214972213,0.0149234148691649,0.0295347159876206,diatom,p. nitzchia
70,0.0202437149821613,0.017209308241372,0.0153919705117638,0.0206524193503092,0.0123191357645608,0.0121058576173806,0.0155626648376626,0.0299662620079117,diatom,p. nitzchia
70,0.0194629055033737,0.017238004704535,0.0160504573328972,0.0207168461132089,0.0122705468671142,0.01206133501102,0.0150654351072875,0.0298583580423362,diatom,p. nitzchia
70,0.0199183036050777,0.0179269669823974,0.0158309135440067,0.0209745946809095,0.0124973152565727,0.0120168143868335,0.0153850544079113,0.0296425850347023,diatom,p. nitzchia
70,0.0194629055033737,0.0175537201614289,0.0154358561458087,0.0207812770271836,0.0118171643016227,0.0113714879739266,0.0152429887733495,0.0300741776180094,diatom,p. nitzchia
70,0.0199183036050777,0.0172667019912085,0.0152603251641397,0.0204591639627138,0.0123029392030904,0.0121726452438845,0.0150654351072875,0.0296425850347023,diatom,p. nitzchia
70,0.019311152210578,0.0176972601447377,0.0159626340333194,0.0195577989776593,0.0118981103996601,0.0107043468710826,0.014639434887845,0.0288877459413314,diatom,p. nitzchia
80,0.0268616423054423,0.0261738418649145,0.0199664231774901,0.0227161373534791,0.0160350739324975,0.0140222073359189,0.0155626648376626,0.0307219159543779,diatom,p. nitzchia
80,0.0269053266424303,0.0263186246186457,0.0201648293155041,0.0232327329997346,0.0163277425848963,0.0142452772246397,0.0155981907093825,0.0311539747210904,diatom,p. nitzchia
80,0.0276482524932732,0.0260869822733895,0.020539703902295,0.0231035590668547,0.0161001040089307,0.0136431026873466,0.0162378723119195,0.0310459425273918,diatom,p. nitzchia
80,0.0273204230490676,0.0260290800701944,0.02076028402892,0.0227806972166346,0.016685565076231,0.0143345191148422,0.0157758390017614,0.0300741776180094,diatom,p. nitzchia
80,0.0269053266424303,0.0268979653451215,0.0198562145524515,0.0223288656775616,0.0156287317380223,0.0139775993287742,0.0150654351072875,0.0309379220033871,diatom,p. nitzchia
80,0.0275826780060968,0.0262317524509858,0.0202530224585443,0.0229098294482189,0.0161001040089307,0.0140222073359189,0.0157047758976952,0.0311539747210904,diatom,p. nitzchia
80,0.0268616423054423,0.0268110428364832,0.0202750719596754,0.0233619236206753,0.0167181007434592,0.0147808480666837,0.0163445257062648,0.0307219159543779,diatom,p. nitzchia
80,0.0273641274326243,0.0264344659161978,0.0201648293155041,0.0231681439475564,0.0168482539991012,0.0141560432978415,0.0160956854781808,0.0309379220033871,diatom,p. nitzchia
80,0.0266650864010346,0.0255081110560672,0.0206499878836584,0.0220707678570553,0.016116362188828,0.0141337360602573,0.0152074755180231,0.0311539747210904,diatom,p. nitzchia
80,0.0273859803407011,0.0261448878294438,0.020539703902295,0.0228452612480351,0.016116362188828,0.0142229679964266,0.0159890586187739,0.0311539747210904,diatom,p. nitzchia
90,0.0401860847271601,0.0565999164504272,0.0493585946789804,0.0638340654791545,0.0417231096110457,0.0361686596753296,0.049269459160179,0.0819015416859381,diatom,p. nitzchia
90,0.0409832504026786,0.0566894673527123,0.0494266983327676,0.0645742828676854,0.0419566570305742,0.0363283002563041,0.0494164423308706,0.0826974937434244,diatom,p. nitzchia
90,0.0406510208068254,0.0570178892882782,0.0497899961728708,0.0638340654791545,0.0416897501461283,0.0368530131021344,0.0498575215117333,0.0820152103419285,diatom,p. nitzchia
90,0.0405403021317935,0.0571672076502346,0.0486097604426875,0.0633633031717954,0.0424739919330129,0.0363739165321993,0.0491224975903649,0.0823562938538477,diatom,p. nitzchia
90,0.0399868925613932,0.0563611532427029,0.0496083307546543,0.0640358886154984,0.0411894916688209,0.0360318451727789,0.0498207574816563,0.0814469962235662,diatom,p. nitzchia
90,0.0402524909339513,0.0560926127586115,0.0491316159913045,0.0641031720469789,0.0424739919330129,0.036647657893947,0.0486083021113013,0.0814469962235662,diatom,p. nitzchia
90,0.0404738768104365,0.0573464191202482,0.0498127066707994,0.0639686097107736,0.0424239155665435,0.036647657893947,0.0494899420185301,0.0822425864229444,diatom,p. nitzchia
90,0.0405845881307822,0.0566297658601574,0.0501534260462634,0.0640358886154984,0.042040080043695,0.0365792155280958,0.0494164423308706,0.0824700142156009,diatom,p. nitzchia
90,0.0398098661618691,0.0563909955262367,0.0500852728833623,0.0637668001510425,0.0409727906903182,0.0369899400062028,0.0486083021113013,0.0825837475111458,diatom,p. nitzchia
90,0.0395222650847013,0.056510373566788,0.0488139323561474,0.0643050495080459,0.0421401968467152,0.0365335898864774,0.0498207574816563,0.0819015416859381,diatom,p. nitzchia
100,0.0455793263019066,0.057137342194112,0.0494039965994893,0.0640358886154984,0.0461363564931639,0.039137579571423,0.0456751035574521,0.0824700142156009,diatom,p. nitzchia
100,0.0455125654282045,0.0573762908212943,0.0494039965994893,0.0643723510526418,0.0466726214208834,0.0394349569340472,0.046407596997763,0.0831526080987599,diatom,p. nitzchia
100,0.0451343379755071,0.0568685932189662,0.0499944092242203,0.0635650313101926,0.0459688326625073,0.0397553084081155,0.0465175173056504,0.0824700142156009,diatom,p. nitzchia
100,0.0457351190088975,0.0578842463114124,0.0493585946789804,0.0649109265335477,0.0461698646272667,0.0391604516137829,0.0458947952576511,0.0829250250299578,diatom,p. nitzchia
100,0.0457128614218416,0.0576750569195401,0.0497672861906972,0.0642377524926433,0.0463206651268697,0.0394120786123999,0.0457483287616003,0.0828112529153803,diatom,p. nitzchia
100,0.0459577221307125,0.0579739123056443,0.0496764514190841,0.0648435887334481,0.046722911005083,0.0395493563942065,0.0462610553796812,0.0832664190588781,diatom,p. nitzchia
100,0.0464253500410323,0.0573762908212943,0.0494039965994893,0.0641704600058239,0.0467899677183234,0.0393892008141583,0.046041283209279,0.0825837475111458,diatom,p. nitzchia
100,0.0461581073162384,0.0574659112787175,0.0501761447994591,0.0645069677318516,0.0461698646272667,0.0398010812831177,0.0461145352328991,0.0825837475111458,diatom,p. nitzchia
100,0.0453123095450187,0.0573762908212943,0.049381295381568,0.0639686097107736,0.045684106541987,0.0396180023527028,0.0449431462710764,0.0817878859490424,diatom,p. nitzchia
100,0.0460467772558937,0.0576750569195401,0.0498581292140154,0.0645742828676854,0.046823497761245,0.0396637689430998,0.0458947952576511,0.0825837475111458,diatom,p. nitzchia
2,0.0140088991493521,0.0138888832357959,0.0157854479706506,0.0207517358745945,0.0132570157968174,0.0154206496783328,0.0154565017466446,0.0215714119616012,dinoflagellate,t. tetrahele
2,0.014512265421857,0.0139442082703882,0.0159138891233723,0.0207517358745945,0.0133984952000103,0.0161546580444412,0.0158362376621423,0.0215714119616012,dinoflagellate,t. tetrahele
2,0.0140927759344043,0.0142485506856193,0.0161922348948491,0.0211903735982048,0.0137129655559092,0.0153127526982646,0.0162506595495489,0.0217785156177211,dinoflagellate,t. tetrahele
2,0.0145961844400536,0.0139442082703882,0.0159567065072367,0.0208770413067489,0.0132884539344247,0.0156796499387808,0.0155945708504502,0.0216749584281706,dinoflagellate,t. tetrahele
2,0.0147010931171467,0.0144976270288057,0.0159352975861384,0.0207517358745945,0.0131155564072144,0.0158091752287747,0.0156290911052131,0.0222964624879524,dinoflagellate,t. tetrahele
2,0.0144703085535113,0.0145806662648925,0.0164492382373071,0.0212530518394738,0.0136657886977219,0.0161978517899937,0.0158707662604574,0.0215714119616012,dinoflagellate,t. tetrahele
2,0.0146591283256006,0.0142208793655572,0.0159567065072367,0.021378420108929,0.013964613061995,0.0153127526982646,0.0154219874490935,0.0215714119616012,dinoflagellate,t. tetrahele
2,0.0146591283256006,0.0139442082703882,0.0161279943783332,0.0210023624423223,0.0134299377858511,0.0161546580444412,0.0155255339156627,0.0222964624879524,dinoflagellate,t. tetrahele
2,0.014302498681702,0.0144145946876613,0.0158496664848702,0.0210023624423223,0.0132884539344247,0.0159819017168112,0.0155255339156627,0.0217785156177211,dinoflagellate,t. tetrahele
2,0.0141976318100992,0.0144976270288057,0.0156570233129397,0.0206890890460695,0.0134928259235969,0.0153343311629577,0.0159052960510376,0.0219856621746504,dinoflagellate,t. tetrahele
4,0.0295193106737644,0.0295568926281823,0.0273900779033434,0.033677922348503,0.0253388883615816,0.0256371042469283,0.0291136910668319,0.0381714695049061,dinoflagellate,t. tetrahele
4,0.0302862635650627,0.0301471367534176,0.0273900779033434,0.0337413882197522,0.0261187768293172,0.0257025128874331,0.0293586475882745,0.0380662008064562,dinoflagellate,t. tetrahele
4,0.0297109937583191,0.0291635900048408,0.0270653006435572,0.0329800634779926,0.0248299015524381,0.024983253040163,0.0296036641281164,0.0389086608394344,dinoflagellate,t. tetrahele
4,0.0293489565497179,0.0289389150804255,0.027801613913137,0.0345032930185139,0.0258162988959599,0.0258987644826071,0.0292186650858586,0.03880331451329,dinoflagellate,t. tetrahele
4,0.0295619037396197,0.0302596037163657,0.0278882746580404,0.0339318100045796,0.025275250840878,0.0263786528087175,0.0291136910668319,0.0382767492860213,dinoflagellate,t. tetrahele
4,0.0290083353384965,0.0302033686537894,0.0272168502384523,0.0345032930185139,0.0248139998883288,0.0254409039912386,0.0284491113890025,0.0379609431883391,dinoflagellate,t. tetrahele
4,0.0301157787484536,0.0298660246721802,0.0281049593826152,0.0344397787754236,0.0251957096345141,0.0255935008632988,0.0296386713921273,0.0389086608394344,dinoflagellate,t. tetrahele
4,0.0299453229919631,0.03017525230835,0.0276932985419969,0.0338683320472789,0.0252275253578473,0.0257679258065079,0.0291136910668319,0.0384873421055846,dinoflagellate,t. tetrahele
4,0.0299879342072415,0.0300346824378647,0.0276716368755639,0.0337413882197522,0.0256253073308403,0.0259641902407514,0.0295686580895713,0.03880331451329,dinoflagellate,t. tetrahele
4,0.0300305472383128,0.0295849915927373,0.0275633355812577,0.0335510026884774,0.025307069095013,0.0257025128874331,0.0295686580895713,0.03880331451329,dinoflagellate,t. tetrahele
6,0.0303928313369379,0.0400645734107635,0.0329928200888442,0.041194838874333,0.0269789508286409,0.0281475018804995,0.0363828748326391,0.0474787815363006,dinoflagellate,t. tetrahele
6,0.0309045147866148,0.0399226066023647,0.0335591825323713,0.0418344704683551,0.0269311439683474,0.0286503385457004,0.0362771460972326,0.0481165366599578,dinoflagellate,t. tetrahele
6,0.0299453229919631,0.0396103505498666,0.0323832498169975,0.0404278206200461,0.0266762126390931,0.0281693590873679,0.0369116862531871,0.0475850458156633,dinoflagellate,t. tetrahele
6,0.0312031177535343,0.040547411371207,0.0332759612148061,0.0413227324670382,0.0269311439683474,0.0285191393851869,0.0371938333947922,0.0481165366599578,dinoflagellate,t. tetrahele
6,0.0307126028096522,0.0402633608082972,0.0337335124521852,0.0408112562075661,0.0265009850418913,0.0284316828401019,0.0369469502926863,0.0469476294549759,dinoflagellate,t. tetrahele
6,0.0309471668947017,0.0407747099288398,0.0331017110346697,0.0414506424186069,0.0277122756925205,0.028103788899923,0.036418120228713,0.0475850458156633,dinoflagellate,t. tetrahele
6,0.0311177935214006,0.0406326422759844,0.033580972110417,0.0414506424186069,0.0277601199117518,0.0287159445814792,0.036418120228713,0.0481165366599578,dinoflagellate,t. tetrahele
6,0.0298814095733191,0.0402065603765987,0.0324703085381598,0.0420264397538589,0.0275049771899085,0.0278415511361825,0.0370527498731135,0.0469476294549759,dinoflagellate,t. tetrahele
6,0.0308405400352947,0.0400929691911524,0.0336027621632587,0.0415785687332243,0.0269470793345027,0.0282349335745443,0.0363828748326391,0.0475850458156633,dinoflagellate,t. tetrahele
6,0.0307126028096522,0.0399226066023647,0.0337335124521852,0.0419624458972473,0.0268992739978243,0.0288471695669046,0.0368059015953898,0.0475850458156633,dinoflagellate,t. tetrahele
8,0.0569378064585331,0.0570175294677557,0.0497482654947373,0.066973468424699,0.0488250663560575,0.0506491696054362,0.0544494425470535,0.0785593020496141,dinoflagellate,t. tetrahele
8,0.0569378064585331,0.0568731355609278,0.0499475900067753,0.0669078580844858,0.0489553786169967,0.0508503790987318,0.0550238044826481,0.0793268880295137,dinoflagellate,t. tetrahele
8,0.0568283721244959,0.0574508363280054,0.0497261207790191,0.0674985061738476,0.0490042500931693,0.0505150524315311,0.0546288952168935,0.0792171968101858,dinoflagellate,t. tetrahele
8,0.0570691434694916,0.0566998903897034,0.0492833294150717,0.0669078580844858,0.0488087785173719,0.0507385910487578,0.0549878971952603,0.0785593020496141,dinoflagellate,t. tetrahele
8,0.0573318692509699,0.0569886490183739,0.0504349950278342,0.0677611284588577,0.0495419940259548,0.0507833047691704,0.0549878971952603,0.0793268880295137,dinoflagellate,t. tetrahele
8,0.057463258030557,0.0575953136814316,0.0501248007107655,0.0671047020206878,0.0488250663560575,0.050962179646671,0.0548083800957744,0.0792171968101858,dinoflagellate,t. tetrahele
8,0.0572661813342385,0.0572774910526746,0.0496818328186939,0.0669078580844858,0.0494604990826709,0.0510516290854353,0.0543776704950597,0.0793268880295137,dinoflagellate,t. tetrahele
8,0.0571129263066264,0.0576531104679463,0.0500583430166016,0.0678267948081606,0.0491182928267344,0.0513200254189633,0.0552033602621333,0.0788881953267114,dinoflagellate,t. tetrahele
8,0.0575946640754243,0.0571041758207204,0.0505236396515958,0.0678267948081606,0.04905312395788,0.0506938793275728,0.0546647896155766,0.0788881953267114,dinoflagellate,t. tetrahele
8,0.0577260873901094,0.0573063798452695,0.0503020428239556,0.066973468424699,0.0495093952516659,0.0510963568054472,0.0543059035939238,0.0786689211234429,dinoflagellate,t. tetrahele
10,0.0655991048337994,0.0650788153654733,0.0563024608543216,0.0695356351845629,0.054804303930609,0.0571530387717523,0.0619420030839863,0.0825131786997415,dinoflagellate,t. tetrahele
10,0.066261678293261,0.0653991275269704,0.0568152756613816,0.070259486102886,0.0552468144474545,0.0571305387998765,0.0620866423899698,0.0833939450233312,dinoflagellate,t. tetrahele
10,0.0657536660458668,0.0655447578882453,0.0565030962002546,0.0701936598184268,0.0547059948467705,0.0576031445542086,0.0623759837786569,0.0826232320757399,dinoflagellate,t. tetrahele
10,0.0661291284764275,0.0653117594890553,0.0563693348303388,0.070259486102886,0.0553123882179699,0.0576481662771976,0.0623759837786569,0.0826232320757399,dinoflagellate,t. tetrahele
10,0.0663721498966477,0.064642191335483,0.0557230736514842,0.0694698565297125,0.0550337293847306,0.0565232308423463,0.0618335373319412,0.0820730862732303,dinoflagellate,t. tetrahele
10,0.0662174930687928,0.0655447578882453,0.0569937076904042,0.0697987930808185,0.0552468144474545,0.0570855403748137,0.0627015929420048,0.0827332975648169,dinoflagellate,t. tetrahele
10,0.0663279597908053,0.0656904094608116,0.0565699835953499,0.0697329971140874,0.055230421676666,0.0573330567740386,0.0627377782833269,0.0828433751696395,dinoflagellate,t. tetrahele
10,0.0658861661012691,0.0643803083956597,0.0560572945300314,0.0690095270572101,0.0550665087468472,0.0568605786173634,0.0626292261872603,0.0829534648928751,dinoflagellate,t. tetrahele
10,0.0655770266106539,0.06481681807128,0.056347043008093,0.0689437829988057,0.0541982184867722,0.0578282734414468,0.0612552519319886,0.0826232320757399,dinoflagellate,t. tetrahele
10,0.0655328716266529,0.0657778105883418,0.0569714019455587,0.0697987930808185,0.0552796007952223,0.0571080393342376,0.0620143201219118,0.0826232320757399,dinoflagellate,t. tetrahele
12,0.068362728485063,0.0706259509255196,0.0583329637107615,0.0742170138589779,0.0646843428041367,0.0664209457025338,0.0659998326438734,0.0872564449972281,dinoflagellate,t. tetrahele
12,0.0682741741347728,0.0706845057914456,0.0591373791005958,0.0751426949618408,0.064618151610851,0.0672388301537971,0.0667261809598097,0.0880307384931327,dinoflagellate,t. tetrahele
12,0.0686505842934346,0.0707430640862449,0.0590926723766972,0.0749442625770246,0.0654955406898408,0.0672388301537971,0.0660361375323306,0.0875882116577221,dinoflagellate,t. tetrahele
12,0.0682298999001563,0.0708894748271982,0.0586010302822318,0.0747458695598081,0.0650484727032245,0.0670797446677395,0.066617195073374,0.0879200884238635,dinoflagellate,t. tetrahele
12,0.0686948771578613,0.0712702431050147,0.0588915168492708,0.0751426949618408,0.0651478038734274,0.0672388301537971,0.0662539945463727,0.0873670216546083,dinoflagellate,t. tetrahele
12,0.0685620044497199,0.0709773315622058,0.0583999736170845,0.0742170138589779,0.0652471449112918,0.0669661276705145,0.0663992589278018,0.0876988250088663,dinoflagellate,t. tetrahele
12,0.0688277675235054,0.0711237766089637,0.0587797812602521,0.0741509265576287,0.0648332890100075,0.0666253541112448,0.0664355783205456,0.0878094505966776,dinoflagellate,t. tetrahele
12,0.0684734324516993,0.0711530681920294,0.058712745899074,0.0750104023303475,0.0651643600277642,0.0666707838768351,0.0666535223824326,0.0872564449972281,dinoflagellate,t. tetrahele
12,0.0684291493943897,0.0699235598404217,0.0590479676514003,0.0743492015657136,0.0643534306417498,0.0668298043112958,0.0660361375323306,0.0879200884238635,dinoflagellate,t. tetrahele
12,0.0682298999001563,0.0711237766089637,0.0589585641958971,0.0748119961923334,0.0646016044970809,0.0666480687360568,0.0661813702680445,0.0875882116577221,dinoflagellate,t. tetrahele
14,0.0801436836077487,0.0811031061251198,0.0706259439549506,0.0877909796773089,0.0681821540240838,0.0705854849182492,0.0779056047129517,0.1031943694361571,dinoflagellate,t. tetrahele
14,0.0802108916727418,0.0817541863493624,0.0712592848492266,0.087857974619216,0.0686472394088541,0.0711785776862163,0.0786774223817859,0.1037562619047249,dinoflagellate,t. tetrahele
14,0.0806814746440818,0.0816949797182024,0.0711461588380424,0.0877909796773089,0.0682651891230678,0.0707223212621956,0.0780158279150474,0.1031943694361571,dinoflagellate,t. tetrahele
14,0.0802781042549626,0.0815469784747219,0.0713271665992442,0.0884611311566182,0.0680659164675984,0.0708591763328897,0.0780893167998866,0.1033067226748574,dinoflagellate,t. tetrahele
14,0.0805245890469785,0.0808073006446454,0.0700382006462166,0.0872551816603385,0.0689130996344074,0.0706539007496992,0.0780893167998866,0.1036438581503211,dinoflagellate,t. tetrahele
14,0.0802108916727418,0.0818726101289958,0.0708973266514461,0.088193016670127,0.0689297182455902,0.0706539007496992,0.078309815863659,0.1038686782951529,dinoflagellate,t. tetrahele
14,0.0795837919881372,0.0813398135262901,0.0706937827248335,0.0887293175477663,0.0685807853950072,0.070562680681221,0.077281235947833,0.1034190885382263,dinoflagellate,t. tetrahele
14,0.0808608026130006,0.0811918648346264,0.0713497948732736,0.0883270649277003,0.0688632454578633,0.0709504234529657,0.0786406556483223,0.1034190885382263,dinoflagellate,t. tetrahele
14,0.0804797691110635,0.0816653777171049,0.069925212679315,0.0877909796773089,0.0685641725815438,0.0699015839204537,0.0783465704350128,0.1029697008214173,dinoflagellate,t. tetrahele
14,0.0807263036215404,0.0816061763436158,0.071304538837242,0.0886622642068085,0.0683814498461743,0.071247034108026,0.0779790854977595,0.1031943694361571,dinoflagellate,t. tetrahele
16,0.0796061816351653,0.0856993156782897,0.0695185616706387,0.0872551816603385,0.0667218636978758,0.0687855505058265,0.0793026637637096,0.1042060033110013,dinoflagellate,t. tetrahele
16,0.0800764800593761,0.0860263024976892,0.069925212679315,0.0871882270889901,0.0675347167738273,0.0688538432998251,0.079670635507632,0.1051060933807704,dinoflagellate,t. tetrahele
16,0.0792703895544646,0.0852535968006594,0.0696540936338007,0.0877909796773089,0.0674849312663784,0.0688538432998251,0.079670635507632,0.1035314670291014,dinoflagellate,t. tetrahele
16,0.0797853168603473,0.0859073858284049,0.0699704063341335,0.0871212770002562,0.0669706261061837,0.0693092478207544,0.0793762472810351,0.1048809948992347,dinoflagellate,t. tetrahele
16,0.0800092810270168,0.0864723659947887,0.0701738030601474,0.0877239892234235,0.0671033246981146,0.068990442881132,0.0801492012919503,0.1045434421534136,dinoflagellate,t. tetrahele
16,0.0798972926736886,0.085877658870511,0.0696766840803018,0.0877909796773089,0.0667716112291648,0.0687855505058265,0.0795602297664215,0.1046559470756227,dinoflagellate,t. tetrahele
16,0.0796285717835011,0.0860263024976892,0.069541149055585,0.0880589863790807,0.0672858140188482,0.0692636980348305,0.0797810534396165,0.1042060033110013,dinoflagellate,t. tetrahele
16,0.0796733535841848,0.0855507206440622,0.0688863219404086,0.0879249740497457,0.0663571240681877,0.0690359802217591,0.0797074401302968,0.1037562619047249,dinoflagellate,t. tetrahele
16,0.0798972926736886,0.0864426222372576,0.0688863219404086,0.08738910425328,0.0665726359511865,0.0687400245674152,0.0791187286554971,0.1048809948992347,dinoflagellate,t. tetrahele
16,0.0796285717835011,0.086085766135692,0.0694056323981219,0.0874560722760742,0.0669208686736569,0.0694231313635666,0.0797810534396165,0.1042060033110013,dinoflagellate,t. tetrahele
18,0.1236865444265032,0.1274864769257847,0.1023979841226415,0.1276308970255798,0.0989916965994961,0.0987544072156804,0.1105803184944901,0.1583919400797248,dinoflagellate,t. tetrahele
18,0.1237567436754002,0.1277654212781954,0.1024213265206072,0.1281887770958368,0.0997969392866016,0.0991767045192536,0.1109599836344013,0.1592233434175974,dinoflagellate,t. tetrahele
18,0.1242014533926146,0.1276724311815738,0.1026080853221584,0.128328295756684,0.0989916965994961,0.0994348629125954,0.1109599836344013,0.1585106696732155,dinoflagellate,t. tetrahele
18,0.1244121744104744,0.1274554879113878,0.1019545820547241,0.1270733280119713,0.0998312193201994,0.0981681788746841,0.1113018055485141,0.1591045291835124,dinoflagellate,t. tetrahele
18,0.1243185151428215,0.128106458966165,0.1026080853221584,0.1283980623873329,0.0989745708192024,0.0994348629125954,0.111073911290463,0.1587481711587162,dinoflagellate,t. tetrahele
18,0.1241078138579348,0.1281374681603937,0.1025147015615265,0.1284678338857042,0.0996255567432078,0.0987309514825119,0.1111498702726493,0.1583919400797248,dinoflagellate,t. tetrahele
18,0.1244590073340284,0.1277654212781954,0.1032152924217837,0.1279795355955095,0.0989745708192024,0.0989655335755906,0.1105044027609178,0.1585106696732155,dinoflagellate,t. tetrahele
18,0.1238737533756378,0.1279204239910533,0.1026080853221584,0.1284678338857042,0.0994884718531753,0.0986136810685302,0.1111118900603353,0.1587481711587162,dinoflagellate,t. tetrahele
18,0.1245760992395986,0.1280134371524828,0.1026080853221584,0.1279097981569372,0.0994713375631769,0.0987074962995018,0.1109599836344013,0.1589857290645727,dinoflagellate,t. tetrahele
18,0.1242951016964782,0.1273315414560977,0.1027715278899715,0.1284678338857042,0.0997626604280843,0.0989420728898338,0.1111498702726493,0.1589857290645727,dinoflagellate,t. tetrahele
20,0.1098832858123263,0.1174652716214612,0.0969043601198057,0.1255416142821608,0.0944294967839669,0.0966689984580316,0.1081160024216745,0.1520013857866829,dinoflagellate,t. tetrahele
20,0.1106220599426606,0.1182325782594793,0.0976474919902371,0.1254720466449974,0.0940545116937525,0.0970435829077925,0.1086462652929736,0.1524733621966244,dinoflagellate,t. tetrahele
20,0.1099063642443786,0.1175266344908083,0.0969043601198057,0.1264464342499298,0.0950945888555178,0.097066999095404,0.1089493989393403,0.1520013857866829,dinoflagellate,t. tetrahele
20,0.110160262155701,0.1179869760723851,0.0973687528186106,0.1263768036402857,0.0949922382020901,0.0969265101937962,0.1089872971069684,0.1528274907489884,dinoflagellate,t. tetrahele
20,0.1104373152362255,0.1179255849495223,0.097066873034136,0.1258199332374779,0.095162828444742,0.0965519695868755,0.1084568534162828,0.1521193590068988,dinoflagellate,t. tetrahele
20,0.1099294432090572,0.1175266344908083,0.0974384303279001,0.1260983296758016,0.0952140111927548,0.0973480361238821,0.1083053497420288,0.1522373461464375,dinoflagellate,t. tetrahele
20,0.1098371305460022,0.1174039125172849,0.097136529511636,0.1263768036402857,0.0944294967839669,0.0975120108721384,0.1082674774096567,0.1524733621966244,dinoflagellate,t. tetrahele
20,0.1104604064580985,0.1179869760723851,0.0973687528186106,0.1260287232998296,0.0946170420724414,0.0972075077369167,0.1087599296422729,0.1520013857866829,dinoflagellate,t. tetrahele
20,0.109998683299097,0.1181404703703734,0.0969740052777543,0.1260287232998296,0.095179889069673,0.0966221852660657,0.1082296065115439,0.1527094339635376,dinoflagellate,t. tetrahele
20,0.1105527766780054,0.1180483709643494,0.0975081126924832,0.1258895250813421,0.0948728423449846,0.0969733376346851,0.1089872971069684,0.1518834264825062,dinoflagellate,t. tetrahele
25,0.1729904470137443,0.1893902331365692,0.1522414326629353,0.1963051195812921,0.1437704621442994,0.1476642041829385,0.1725106435700534,0.2432147431346303,dinoflagellate,t. tetrahele
25,0.1737035647206766,0.1896540157812009,0.1530023089345331,0.1962304509234265,0.1442899938608553,0.1476149418858277,0.1724702599254241,0.243602515387922,dinoflagellate,t. tetrahele
25,0.1721059043383161,0.1892583679026471,0.1530759728552059,0.1960064783964534,0.1429469305797725,0.1469747527619512,0.1721068804927387,0.2424396494386756,dinoflagellate,t. tetrahele
25,0.1735805771053744,0.1901158029055466,0.151505651598176,0.1968279563560957,0.143143800351055,0.147294796093626,0.1729145697378429,0.2429563118113157,dinoflagellate,t. tetrahele
25,0.1732854685278694,0.1892583679026471,0.1526586157019066,0.1969773885141742,0.1441645649385733,0.1475164245713299,0.1727933747551669,0.244249136813621,dinoflagellate,t. tetrahele
25,0.1737773645509705,0.1898848826874554,0.1531005287013401,0.1966038499793314,0.1445229750352381,0.1482801877433356,0.1729549713296711,0.2439904380668671,dinoflagellate,t. tetrahele
25,0.173531386294208,0.1894232021621727,0.1527322543082065,0.196529159013169,0.1437167328860188,0.1475410529900636,0.1725106435700534,0.2433439838456341,dinoflagellate,t. tetrahele
25,0.173064194232893,0.1897859332010874,0.1528058983375501,0.1963051195812921,0.144146647805314,0.1485513407615741,0.1733590770492252,0.2433439838456341,dinoflagellate,t. tetrahele
25,0.173064194232893,0.1896210391451445,0.1524622725916918,0.1971268430055598,0.1436809149842277,0.1477381021791049,0.1727933747551669,0.2438611137860531,dinoflagellate,t. tetrahele
25,0.1732362922308346,0.1896210391451445,0.1531250851504789,0.1963797938149825,0.1430543092866781,0.1473440426217557,0.1721472494651521,0.2428271211903752,dinoflagellate,t. tetrahele
30,0.1996447425310879,0.2242107770791429,0.1807109809650829,0.2401902185807245,0.1695687471973499,0.1748798254476338,0.2076077326065455,0.2968369297638171,dinoflagellate,t. tetrahele
30,0.1996952348310229,0.2252012312320741,0.1805847709261688,0.240034187998414,0.1695503690673242,0.1749557623188181,0.2076077326065455,0.2975189184692383,dinoflagellate,t. tetrahele
30,0.2002760795976532,0.225064558528817,0.1811654690425943,0.2411269136769231,0.1695136138205085,0.1748798254476338,0.2078168894958902,0.2976553720411223,dinoflagellate,t. tetrahele
30,0.1996447425310879,0.2241425060431034,0.1806604950380242,0.2411269136769231,0.170157025764209,0.1757407811615987,0.20752408209832,0.2972460671715019,dinoflagellate,t. tetrahele
30,0.1987615397281774,0.2243473331356161,0.1799287353757929,0.239878181757848,0.1692012487550822,0.1753102106490264,0.2069387243862426,0.2975189184692383,dinoflagellate,t. tetrahele
30,0.1998467270294645,0.2251328925455171,0.1800296359131739,0.2407365174197687,0.1695871256651375,0.1744243252752721,0.2084027616251358,0.2976553720411223,dinoflagellate,t. tetrahele
30,0.199745729680559,0.2248937439135032,0.1806604950380242,0.2405804015814998,0.1696974035655582,0.1757914487065137,0.2077332214904867,0.2979283350563289,dinoflagellate,t. tetrahele
30,0.1997204819370747,0.2245180544335128,0.1806604950380242,0.2407365174197687,0.170193804667834,0.1748798254476338,0.2081934821735213,0.2972460671715019,dinoflagellate,t. tetrahele
30,0.1999982421812693,0.2243473331356161,0.1806100116596658,0.2409707368844768,0.1700834720147733,0.1756394537727189,0.2074822594680887,0.2972460671715019,dinoflagellate,t. tetrahele
30,0.2001750388781573,0.2245522021908621,0.1806857376829499,0.2401902185807245,0.1694952367036939,0.1755381366500385,0.20752408209832,0.297109669435493,dinoflagellate,t. tetrahele
35,0.209488290567403,0.2298935831021259,0.1852144673873602,0.2422208347111555,0.1777065996973352,0.183548452975328,0.2131021366982879,0.3006620710398607,dinoflagellate,t. tetrahele
35,0.2103299877846565,0.2307178721994918,0.185645638530937,0.2426900245852616,0.1775398573786749,0.1843402489887527,0.2139436396721681,0.3016206469434562,dinoflagellate,t. tetrahele
35,0.2094373013771003,0.2299622479148697,0.1852905429050275,0.2430811843790229,0.1782996865463392,0.1840081291670885,0.213859457501902,0.3009358561202842,dinoflagellate,t. tetrahele
35,0.2094118077568774,0.2305117362177265,0.1859247307219731,0.2423772068772287,0.1777065996973352,0.1841103081336371,0.2129759723059175,0.3010727767749788,dinoflagellate,t. tetrahele
35,0.2102534405741271,0.2299965820893938,0.1855695359954175,0.2426118109838766,0.1781513818540776,0.1837527274187521,0.2139857334149394,0.3006620710398607,dinoflagellate,t. tetrahele
35,0.2088256337993479,0.2307865936371714,0.1859501066022003,0.2412831148643696,0.178466555619398,0.1842380465255844,0.212303364242894,0.3016206469434562,dinoflagellate,t. tetrahele
35,0.2098452877152173,0.2297562676195896,0.1852905429050275,0.2425336034993803,0.1786334525423914,0.1835995176743127,0.2133124460641391,0.3006620710398607,dinoflagellate,t. tetrahele
35,0.2093608224661227,0.2304773843515579,0.1860516165629523,0.2424554021308166,0.1776324885676625,0.1837016548957585,0.2133965821964506,0.3010727767749788,dinoflagellate,t. tetrahele
35,0.2104320598476216,0.229824923003915,0.1854173482969627,0.2430811843790229,0.1785036414173959,0.1839570435987504,0.213859457501902,0.3007989542102887,dinoflagellate,t. tetrahele
35,0.2095647792279964,0.2307522323280021,0.1851383976567372,0.2428464701425269,0.1777992463338653,0.1834463313995035,0.2131862551370992,0.3016206469434562,dinoflagellate,t. tetrahele
40,0.2633841418189397,0.2805582715651395,0.2248633074715963,0.2976745395124961,0.2191108664393473,0.2256563693848469,0.2593678372354057,0.3708190471537702,dinoflagellate,t. tetrahele
40,0.2642455378720953,0.2815338637727422,0.2254967032859686,0.2985012591363019,0.2199996008242418,0.2263489824283318,0.2600728694317025,0.371700363309522,dinoflagellate,t. tetrahele
40,0.2642455378720953,0.2814615650343236,0.2257871438335104,0.2983358605252731,0.2200769194155356,0.2262157503511799,0.2595440486896062,0.3714065049471371,dinoflagellate,t. tetrahele
40,0.2634648661856338,0.2806666237097151,0.2257079244088661,0.2975092775719449,0.2192653722143081,0.226428930195833,0.2595881064052206,0.3712596081418784,dinoflagellate,t. tetrahele
40,0.2633572351447377,0.2812085606053965,0.2254703037822777,0.2987494083579731,0.219130178355766,0.226002615942487,0.2594999929149882,0.371700363309522,dinoflagellate,t. tetrahele
40,0.2639224273924271,0.2807388649956415,0.2257871438335104,0.2980051453507004,0.218821232438153,0.2249110145081954,0.2591035782600734,0.3711127329121219,dinoflagellate,t. tetrahele
40,0.2641916788749369,0.28077498759575,0.2254967032859686,0.298170489266421,0.2197483566812571,0.2259493394374132,0.2598965647768029,0.3708190471537702,dinoflagellate,t. tetrahele
40,0.2642993997702016,0.2809556201715198,0.2254703037822777,0.2985012591363019,0.2197483566812571,0.2262690410519651,0.2596762276601244,0.3706722366125096,dinoflagellate,t. tetrahele
40,0.2639224273924271,0.2805582715651395,0.2253383167168185,0.2975919051282819,0.2198836341452043,0.2257096302833709,0.2602492051754146,0.3711127329121219,dinoflagellate,t. tetrahele
40,0.2642186080109172,0.2804860433238658,0.2253119213940681,0.2980878138912345,0.2200189299116195,0.2262157503511799,0.2597202911997555,0.3708190471537702,dinoflagellate,t. tetrahele
45,0.299519615186791,0.3198555523504309,0.257007831153195,0.3416831611835624,0.2509555050467437,0.2582988518344452,0.2979861417930167,0.4276061583648615,dinoflagellate,t. tetrahele
45,0.2996591104930002,0.3207574689842868,0.2576891878970507,0.3418558876715988,0.2513343722383862,0.258739162260404,0.2990397137280399,0.4288501330238023,dinoflagellate,t. tetrahele
45,0.2997707207500986,0.3203064089856606,0.2571440653672662,0.3419422621048202,0.250756158901438,0.2584639455254894,0.2976657096646655,0.4285389942534019,dinoflagellate,t. tetrahele
45,0.2999381594958155,0.3199306810082927,0.2569260995325477,0.3416831611835624,0.2509953790449149,0.2586015444249155,0.2990397137280399,0.4280724675362863,dinoflagellate,t. tetrahele
45,0.299993978641797,0.3198179901380121,0.2580164041080798,0.3423742462145229,0.2518131465852274,0.2583263655569159,0.2979861417930167,0.4288501330238023,dinoflagellate,t. tetrahele
45,0.3003010396516489,0.3206446849092787,0.2568716154963569,0.3418558876715988,0.2518929646001956,0.2587942146978647,0.2978488011651541,0.4285389942534019,dinoflagellate,t. tetrahele
45,0.2993522465010813,0.3206070930441538,0.2575528794034575,0.3415104645248135,0.2512745415591904,0.2591796666450394,0.2983524757104754,0.4283834611634234,dinoflagellate,t. tetrahele
45,0.3000218893832478,0.3196677553959455,0.2574711032248126,0.3417695206982756,0.251793193076901,0.2582163152087706,0.2990397137280399,0.4282279522602255,dinoflagellate,t. tetrahele
45,0.3000218893832478,0.3201185273505376,0.2578800510078809,0.3421150333561139,0.2518530547963471,0.2588767990371681,0.2989022283356464,0.4279170069840882,dinoflagellate,t. tetrahele
45,0.3000218893832478,0.3198555523504309,0.2571713144373934,0.3417695206982756,0.2508757618198918,0.2582988518344452,0.2978030251472019,0.4279170069840882,dinoflagellate,t. tetrahele
50,0.3005244159858554,0.3290252549102836,0.2597360480470235,0.3492244789417899,0.254910763898664,0.2634571282191985,0.3065383112565533,0.4382295983780633,dinoflagellate,t. tetrahele
50,0.3010271952484228,0.329366493610063,0.2606653399388653,0.3496596210225432,0.2558319061801451,0.2634571282191985,0.3075547123604554,0.4380725508708696,dinoflagellate,t. tetrahele
50,0.3002731211179286,0.3295940507847849,0.2592444193806331,0.3497466721651445,0.2548507188648707,0.2627383401754236,0.3057997587857593,0.4376015562786003,dinoflagellate,t. tetrahele
50,0.301502274553682,0.3297837213276216,0.2606926851308986,0.3492244789417899,0.25531115628855,0.2639827233294322,0.3072311999370677,0.4380725508708696,dinoflagellate,t. tetrahele
50,0.3008595740718884,0.3299734278521978,0.2600912635709443,0.3492244789417899,0.2556115558221857,0.263706059888741,0.3070001836955985,0.4391724017162843,dinoflagellate,t. tetrahele
50,0.3006081949769261,0.329290652724205,0.2601185930690397,0.3494855414677472,0.2558519404387279,0.2634018184846711,0.3070001836955985,0.4391724017162843,dinoflagellate,t. tetrahele
50,0.3013625219156235,0.3295940507847849,0.2597906883770647,0.3484417000368491,0.2543304795430545,0.2640934101412115,0.3064921357434196,0.4390152060859991,dinoflagellate,t. tetrahele
50,0.3008316399405683,0.3298975409236849,0.2596814107023849,0.3499207971873501,0.2552310649844204,0.2642317858869317,0.3074622695593727,0.4382295983780633,dinoflagellate,t. tetrahele
50,0.3005802678666819,0.3289115345485303,0.2603372559464211,0.3495725774571838,0.2554513315078033,0.2641210837585703,0.3074622695593727,0.4393296220609207,dinoflagellate,t. tetrahele
50,0.300775774018766,0.3295561209928253,0.2595994602823431,0.3494855414677472,0.2552310649844204,0.2627936132242991,0.3063997911131942,0.4387008889374111,dinoflagellate,t. tetrahele
60,0.3457075774403881,0.3814784372721067,0.3055746113819136,0.4146625025120852,0.2982704525345887,0.3097282741361035,0.3616399096122523,0.5206965814308735,dinoflagellate,t. tetrahele
60,0.3455322977227241,0.3813186481933502,0.3060609440144055,0.4148483070462504,0.2982495501799377,0.3103367317149606,0.3625185585021302,0.5212083958240303,dinoflagellate,t. tetrahele
60,0.3460290034056072,0.3809192871656782,0.3064902575486687,0.4141981421601143,0.2983122585546616,0.3104816571510775,0.3612008745067833,0.5203555173075127,dinoflagellate,t. tetrahele
60,0.3459705546359371,0.3813186481933502,0.3046598028561371,0.4152200197166394,0.2991696673506665,0.3092070335717871,0.3618839013177449,0.5196737378367541,dinoflagellate,t. tetrahele
60,0.3455907208816809,0.38211784903509,0.3057462311872604,0.4151270785947731,0.2983958758384029,0.3103946993690259,0.3625673949732165,0.5220620023632708,dinoflagellate,t. tetrahele
60,0.3462043702149653,0.3809592160921943,0.3050313428938496,0.4154988949217933,0.2980823470695702,0.3089175728351147,0.3617862974915974,0.5198441391322163,dinoflagellate,t. tetrahele
60,0.3458536673443748,0.3825976763064817,0.3061181751710628,0.4151270785947731,0.2981868457373073,0.3107425758763752,0.3616399096122523,0.5212083958240303,dinoflagellate,t. tetrahele
60,0.3452694357383549,0.3817980920476738,0.3053458307815107,0.4141052959597785,0.2988558959201186,0.3103367317149606,0.3624208927143779,0.5200145694692286,dinoflagellate,t. tetrahele
60,0.3463212985088224,0.3813985395411598,0.3059751034203359,0.4158708495476179,0.2985631313843594,0.3107425758763752,0.3621767699682494,0.5217204723053063,dinoflagellate,t. tetrahele
60,0.3458828878864179,0.3813585930694266,0.3065761423771665,0.4146625025120852,0.2983122585546616,0.3104526703835348,0.3621767699682494,0.5213790588503,dinoflagellate,t. tetrahele
70,0.3978192503151876,0.4356965938979443,0.3521763470603271,0.4800126240027382,0.3451936704973893,0.3584272015918187,0.4179405194637445,0.6070414415662786,dinoflagellate,t. tetrahele
70,0.3988662740920505,0.4366671195348134,0.3513676126854752,0.4792196025496003,0.3454784989996929,0.3590964642111046,0.4180437612561136,0.6061121598341312,dinoflagellate,t. tetrahele
70,0.3981886629533008,0.436371642442691,0.3529857360158856,0.4811040563678675,0.3459168551710959,0.3592181964611714,0.4189734173503389,0.607599425399225,dinoflagellate,t. tetrahele
70,0.3986198169127376,0.4366249031759682,0.3531057012261186,0.4800126240027382,0.3462457484481932,0.3592181964611714,0.4191284440927625,0.607599425399225,dinoflagellate,t. tetrahele
70,0.3984658120150776,0.4357809500496666,0.3528058151805676,0.4810047860049528,0.3457195711142958,0.3594617054265485,0.4185084812706734,0.6070414415662786,dinoflagellate,t. tetrahele
70,0.3977576948074892,0.4351062999987781,0.3524460705953406,0.4803101692566071,0.3460922514575292,0.3581231393175227,0.4173728800543287,0.6064837689056689,dinoflagellate,t. tetrahele
70,0.3978808096122,0.4357809500496666,0.3525359946096091,0.4806078030700053,0.3457853281421018,0.3583055655874114,0.4180437612561136,0.6074133961921031,dinoflagellate,t. tetrahele
70,0.3978808096122,0.436371642442691,0.3527758315216594,0.4813026266624041,0.3460703252392527,0.3590660334638754,0.4187150928416565,0.6070414415662786,dinoflagellate,t. tetrahele
70,0.3984042166963024,0.4366249031759682,0.3523561546666732,0.4814019265979407,0.3456538184101922,0.3585184383055355,0.4190250902608271,0.6083438884896293,dinoflagellate,t. tetrahele
70,0.397696143088638,0.4345584817764434,0.3521164183754441,0.4799134619222365,0.3456976530658779,0.3593399435317828,0.4172697074981371,0.6064837689056689,dinoflagellate,t. tetrahele
80,0.4063815022134583,0.453741172360434,0.3646595485116168,0.5044053014115633,0.3559417256870724,0.3694354771462503,0.4331277880203486,0.641084063193653,dinoflagellate,t. tetrahele
80,0.4069715002121589,0.4527110409275925,0.3643865109672585,0.5052185575303925,0.3551448776215337,0.3699275577343744,0.4322372460405425,0.6422390200111626,dinoflagellate,t. tetrahele
80,0.4063504593277092,0.4543855437984141,0.365479108726866,0.5054219749436244,0.3568278577787301,0.3697429991364959,0.4331801975484128,0.641084063193653,dinoflagellate,t. tetrahele
80,0.4063194174055908,0.4547723660584113,0.3648719625985039,0.5044053014115633,0.356517622218815,0.3705429991791625,0.4330229772037764,0.641084063193653,dinoflagellate,t. tetrahele
80,0.4073132371712298,0.4545144679267433,0.3649023111516389,0.5054219749436244,0.3561853337450598,0.3701429191578228,0.4333374426151729,0.6422390200111626,dinoflagellate,t. tetrahele
80,0.4071268207163309,0.45485834688474,0.3648416149663756,0.5045069222642495,0.3567170483154886,0.3704198805850214,0.4342814326160474,0.6414689006045985,dinoflagellate,t. tetrahele
80,0.4074375341167924,0.4542996036127304,0.365418377523155,0.505727178669479,0.3562739332090911,0.3699275577343744,0.4329705759146927,0.6414689006045985,dinoflagellate,t. tetrahele
80,0.4070957546854798,0.4540418273610882,0.3656916969897576,0.5049135089744654,0.3569386795220695,0.3703275515859561,0.4331801975484128,0.6414689006045985,dinoflagellate,t. tetrahele
80,0.4068472611760941,0.4535694100790088,0.3657524447952618,0.5051168643386639,0.3569165141908631,0.3696814871723994,0.4334947124118327,0.6414689006045985,dinoflagellate,t. tetrahele
80,0.4068783194880773,0.4536123478836054,0.3645685277133016,0.5050151814873892,0.3558752974240362,0.3697429991364959,0.4333898631325754,0.6420464345507697,dinoflagellate,t. tetrahele
90,0.5126633954476092,0.5733940302837659,0.4575302037980304,0.6338658470829716,0.4465023521878435,0.4633046393245121,0.5464921115075861,0.8207926458602668,dinoflagellate,t. tetrahele
90,0.512836032478681,0.5738297495906037,0.458296270416673,0.6337501933501184,0.4463326696150486,0.4643521667489373,0.5466682246901131,0.8210229279568515,dinoflagellate,t. tetrahele
90,0.5139070477998396,0.5745563705928549,0.4584962104353336,0.6345600505124473,0.4466235716558385,0.4635073009478497,0.5463747199479045,0.8207926458602668,dinoflagellate,t. tetrahele
90,0.5132850282898402,0.5738297495906037,0.4577299906926747,0.6338658470829716,0.4465265949059383,0.4633384134096597,0.5461399781627891,0.8226363891804463,dinoflagellate,t. tetrahele
90,0.5122836988551391,0.5742172150868058,0.4573637452042213,0.6335189260040368,0.4456542270991416,0.4624606577069719,0.5467856507118545,0.821483651300638,dinoflagellate,t. tetrahele
90,0.5131123137347553,0.5733940302837659,0.458429559320569,0.6345600505124473,0.4473269344866451,0.4644197868591839,0.5466095168496641,0.8217140925967379,dinoflagellate,t. tetrahele
90,0.5134923251396704,0.5746532932970743,0.4573304568102168,0.6345600505124473,0.446478110057444,0.4635748639503754,0.5474904965560135,0.821483651300638,dinoflagellate,t. tetrahele
90,0.5124562703433061,0.5738297495906037,0.4585628659927653,0.6344443164691493,0.4475938567531867,0.4636086471635,0.5465508124556234,0.8226363891804463,dinoflagellate,t. tetrahele
90,0.5125598275328566,0.5744594572817358,0.458162999276341,0.6343285958186702,0.4476423957299946,0.4645212255987255,0.5477843290148607,0.8219445870082688,dinoflagellate,t. tetrahele
90,0.5137342257887981,0.5738297495906037,0.457829899110042,0.6354864053725781,0.4476423957299946,0.4635748639503754,0.5471967504093194,0.8221751345597225,dinoflagellate,t. tetrahele
100,0.5882623403184629,0.6566809427512419,0.516855104611532,0.7210665044921072,0.5058020944691354,0.5243705250207358,0.6214945179009723,0.9449278423917598,dinoflagellate,t. tetrahele
100,0.5881878718372131,0.6575756561079461,0.516678472976347,0.7228348515488492,0.5070633396653496,0.5249450932126478,0.6219375138263259,0.9459711393043372,dinoflagellate,t. tetrahele
100,0.5894545908322691,0.6567861616065578,0.5178801837914476,0.7213189341286866,0.5065998402364259,0.525448111331906,0.6214945179009723,0.9449278423917598,dinoflagellate,t. tetrahele
100,0.5892309355586639,0.6578389595139804,0.5178448187356556,0.7213189341286866,0.5061880210192394,0.5254121730738297,0.6227607415585984,0.9470155258222438,dinoflagellate,t. tetrahele
100,0.5896037221426641,0.6575756561079461,0.5174558856449224,0.7228348515488492,0.5067543161771054,0.5255918772811887,0.6220641201441504,0.9446671881481362,dinoflagellate,t. tetrahele
100,0.5895664372299998,0.6573124220123462,0.5162546842992882,0.7199313590085458,0.5048507786248317,0.5251965706438738,0.6211149632405452,0.9449278423917598,dinoflagellate,t. tetrahele
100,0.5887465206664755,0.6566283374749204,0.5178094549305065,0.7210665044921072,0.5063681710589737,0.524191040141855,0.6224440353010026,0.9457102130145336,dinoflagellate,t. tetrahele
100,0.5882623403184629,0.6577336298319786,0.5172438040634126,0.722329290365179,0.5069603212249576,0.5244782314132144,0.6221907424931641,0.9446671881481362,dinoflagellate,t. tetrahele
100,0.5882623403184629,0.6568387751861349,0.5181277742074263,0.7209403135650673,0.5058020944691354,0.5245859494076094,0.6218742166778414,0.945188564593732,dinoflagellate,t. tetrahele
100,0.5887092677002037,0.6569966325360378,0.5175265895018472,0.7220766055880922,0.5058535427379125,0.5251965706438738,0.6216843492680117,0.9454493547894988,dinoflagellate,t. tetrahele
2,0.0103871201372988,0.0130284656267882,0.0103732197357494,0.0116189247941918,0.0083088395707295,0.0114654611608619,0.0083225107703862,0.0144652333698343,dinoflagellate,pavlova
2,0.010135605810136,0.0143638021630508,0.0112062060396412,0.0127456854767824,0.0097293391940391,0.0122480018494348,0.0078732977494768,0.0158152517481954,dinoflagellate,pavlova
2,0.0114987324039934,0.0136402735381939,0.0117405368030889,0.0131215546787267,0.0085454494258452,0.0120957931928174,0.0092561369382394,0.0144652333698343,dinoflagellate,pavlova
2,0.0112888996399358,0.012694909919893,0.010757588734716,0.0123699574994145,0.0081826705355975,0.0125307365483029,0.0084262039768459,0.0141539493206282,dinoflagellate,pavlova
2,0.010177520471891,0.0142524559876768,0.0113771608225175,0.011306160897106,0.0083561570632268,0.0127917933949134,0.0094983305212935,0.0146728099144303,dinoflagellate,pavlova
2,0.0112469383701815,0.014057630008408,0.011184838746556,0.0129962492465723,0.0092398281426322,0.0112481973800519,0.0081151566087365,0.0159191748451972,dinoflagellate,pavlova
2,0.0103871201372988,0.0138906665173701,0.0109711909228146,0.0115563641885847,0.0094292878672192,0.01137854998403,0.0096367531951483,0.0144652333698343,dinoflagellate,pavlova
2,0.0118765423700767,0.0145308446757585,0.0106294493188564,0.0112436198545265,0.0079776797988842,0.0122045112977503,0.0095329343934701,0.015088092312425,dinoflagellate,pavlova
2,0.0093186208579661,0.0123892482294271,0.008794586418746,0.0124951844734684,0.0074890252442793,0.0121175358682543,0.0096021457303147,0.0136353578035347,dinoflagellate,pavlova
2,0.0114987324039934,0.0132508979248748,0.0117832956007181,0.0130588999999681,0.0081038229715522,0.0125307365483029,0.0080460481083634,0.0144652333698343,dinoflagellate,pavlova
4,0.0190187526759741,0.0231153084383796,0.0192728420749351,0.0246539634250726,0.0133528468810957,0.0156897461578647,0.0171750446720421,0.0314201136208993,dinoflagellate,pavlova
4,0.0185959643809121,0.0242954816674126,0.0189067192043186,0.0249709306850087,0.0139236774550586,0.0159079771780879,0.0175935714638658,0.0313145671539693,dinoflagellate,pavlova
4,0.0198225432260612,0.0230591444394879,0.0204798428249705,0.0251611592769396,0.0138602357421109,0.0169779981346689,0.0185358976831468,0.0320536264707217,dinoflagellate,pavlova
4,0.0203728776739535,0.0230591444394879,0.0206308204050865,0.0249075291950526,0.013020012795813,0.0156461056682114,0.0178377930089086,0.0321592509757051,dinoflagellate,pavlova
4,0.0186382351675777,0.0231995603516499,0.0199192684371637,0.026112845419257,0.0141140267465822,0.0156897461578647,0.0179424776465336,0.0321592509757051,dinoflagellate,pavlova
4,0.0193994150330642,0.0234804513397049,0.0189928537033922,0.0249075291950526,0.0130675537404606,0.0171965105033382,0.0182216902687581,0.0330046488914258,dinoflagellate,pavlova
4,0.0183212478127187,0.0217682423126436,0.020070161400449,0.023513712446341,0.012798184933324,0.0146646978145098,0.0180471732441794,0.0324761914463735,dinoflagellate,pavlova
4,0.0173286709385177,0.0233680854763359,0.0197683982391299,0.023070632399848,0.0117847408789512,0.0171965105033382,0.0155723127168186,0.0307870018555289,dinoflagellate,pavlova
4,0.0178987542494608,0.0215999865635086,0.0180888112809777,0.023640342812472,0.0148122843050253,0.0167595335032236,0.0156767604495274,0.0328989350586723,dinoflagellate,pavlova
4,0.0193782633224186,0.0235366390065268,0.0195313624779433,0.0257320622706565,0.0148599105343863,0.0171090998260684,0.0170704403378407,0.0318424109244723,dinoflagellate,pavlova
6,0.0392667693430856,0.0553632802795893,0.0471212777397686,0.0596117342627171,0.0446864143877245,0.0420218926755741,0.0486650640248896,0.0738971255092574,dinoflagellate,pavlova
6,0.038835335033052,0.056378906500402,0.0487172703645807,0.0600713081801384,0.0448827109269925,0.043389406591849,0.0497812360312417,0.0742275765779691,dinoflagellate,pavlova
6,0.0406918246431959,0.0566402343376592,0.0469883932604803,0.0610568212193978,0.0452426880232467,0.0429184119995796,0.0499613805075985,0.0752195854771767,dinoflagellate,pavlova
6,0.0389863158695572,0.0542327962251093,0.047431410213124,0.0581687325693245,0.0446209907697751,0.0415739342386255,0.049168987439196,0.0732365507852477,dinoflagellate,pavlova
6,0.0388137682028361,0.0559435118082416,0.0477638017734388,0.0593492153926659,0.0461595785190749,0.043389406591849,0.0498893188227651,0.0744479379715449,dinoflagellate,pavlova
6,0.0395473014928307,0.0567273587950016,0.0471212777397686,0.0604653968551897,0.0459630311996751,0.0417306968667361,0.049997413297441,0.0735667836023827,dinoflagellate,pavlova
6,0.0392020423292439,0.0557113787949832,0.0470991291002477,0.0611225566343762,0.0442775869807825,0.0429184119995796,0.050069482772446,0.0738971255092574,dinoflagellate,pavlova
6,0.0393099230133121,0.0556823659568004,0.0487394548731395,0.0610568212193978,0.045373620920324,0.0432772448994357,0.0485571134661405,0.0742275765779691,dinoflagellate,pavlova
6,0.0398279123629467,0.0566111945386126,0.0484289165302494,0.0606624994477269,0.0447681999297219,0.0417978883737549,0.0482693022682984,0.0743377512048639,dinoflagellate,pavlova
6,0.0390941732821623,0.0549863102442428,0.047431410213124,0.0605967942668496,0.0458320211117111,0.0428735669392557,0.0471188851152487,0.0731264974092493,dinoflagellate,pavlova
8,0.0469776091683095,0.0644827258094548,0.0530525854618574,0.0679827418501791,0.0509541757306345,0.0478862214363108,0.0537880999788393,0.0837472411198234,dinoflagellate,pavlova
8,0.0454784399485689,0.0630788063042207,0.0547027140557112,0.0668581427834842,0.0501151045824699,0.0473680575272234,0.0527758443701891,0.0835248211900809,dinoflagellate,pavlova
8,0.0455652869675995,0.0649511373175216,0.0525402618403292,0.067718016501181,0.0517774785384968,0.0473004907205175,0.0527035795920106,0.0841922294462229,dinoflagellate,pavlova
8,0.0483483814757722,0.0652732975510918,0.0529857457545905,0.0685786302380569,0.0522058640260755,0.047435628899511,0.0540051452698086,0.0843035074744911,dinoflagellate,pavlova
8,0.0476518813605531,0.0649511373175216,0.053721228364608,0.0681151308091332,0.0516292340006248,0.0475933131933558,0.0542584243304119,0.0848600834336466,dinoflagellate,pavlova
8,0.0484790292712766,0.064248602308239,0.0527184315920311,0.0689760865230982,0.0510529362857492,0.0484272006218061,0.0554533190140862,0.0847487434569129,dinoflagellate,pavlova
8,0.0473255638507232,0.0656541662292475,0.0545688183602577,0.0694399852689503,0.0505263259980961,0.0482468417070779,0.0548737978272343,0.0846374158753898,dinoflagellate,pavlova
8,0.045283061728277,0.0643071280449486,0.0529857457545905,0.0673210598304046,0.0503124697580255,0.046602567576299,0.0525229404903794,0.0847487434569129,dinoflagellate,pavlova
8,0.048304836003406,0.065536960415705,0.0529411884315871,0.0694399852689503,0.0522553049318429,0.0479538278319015,0.0545117675575501,0.0834136297739437,dinoflagellate,pavlova
8,0.0480653697942091,0.0658300007108423,0.0529634668449193,0.0689098328377129,0.0517445334086075,0.0495100377606382,0.0542946122906814,0.0839697105311969,dinoflagellate,pavlova
10,0.056722486144335,0.0723577077384581,0.0598713780209222,0.0771589482688524,0.0560696140237131,0.0556683618783657,0.0639674149808298,0.0988761227161235,dinoflagellate,pavlova
10,0.0581066910518704,0.0720627485881617,0.0610610393322629,0.078696535896712,0.0563508963420103,0.0564180978019786,0.0643328853452516,0.1004582227184079,dinoflagellate,pavlova
10,0.0579527958541962,0.0723282079080799,0.0609712041797074,0.0782283241226656,0.0563839935817035,0.0565999366478029,0.0647716261661535,0.0985374266925639,dinoflagellate,pavlova
10,0.0577110083842034,0.0740110886878859,0.0608364665809766,0.0774261850422226,0.0577087822233057,0.056872756929136,0.0645522316940143,0.0989890468876624,dinoflagellate,pavlova
10,0.0566346647729477,0.0736861016106478,0.061195807194824,0.0752902878211918,0.0577087822233057,0.0552369505891342,0.0623244492413124,0.0977475817995974,dinoflagellate,pavlova
10,0.0580187480388862,0.0738633541960454,0.0609936622112619,0.0767582269651532,0.0562350646288125,0.0565317432057126,0.0643328853452516,0.1003451325288612,dinoflagellate,pavlova
10,0.0552963436174989,0.0711194635282405,0.0613305932222098,0.0788972652139027,0.0556726442212855,0.0539211609256143,0.0630543230055581,0.0984245535054696,dinoflagellate,pavlova
10,0.0570958130402853,0.0736861016106478,0.0612182702711433,0.0785627387330123,0.0571786561402844,0.056986454017476,0.0649179158932184,0.0997798733424804,dinoflagellate,pavlova
10,0.0577329866477015,0.0738928993484267,0.0613305932222098,0.0782951980986828,0.0561854265729594,0.0563499167585549,0.0637847298746384,0.0998928996212104,dinoflagellate,pavlova
10,0.0576450764918241,0.0729774052868769,0.0598713780209222,0.0786296350771521,0.0575265196818956,0.0554866923347649,0.0652105595650585,0.0986503126214528,dinoflagellate,pavlova
12,0.0527562704290726,0.0603351602061458,0.0519391731839194,0.0571860602769431,0.044784557840817,0.0425148788371294,0.0461851446990501,0.0718068007479055,dinoflagellate,pavlova
12,0.0540911941974658,0.0606266799003655,0.0517166394135015,0.0573170274698485,0.0457501485217897,0.0438157357917588,0.0462928394921107,0.0718068007479055,dinoflagellate,pavlova
12,0.0543978217350209,0.0600437254708914,0.0528075283734688,0.0575135104255841,0.0447191278018629,0.0429184119995796,0.0458980152734898,0.0724664313786834,dinoflagellate,pavlova
12,0.053894126131708,0.0598980399474043,0.0531417120216313,0.0579721208440785,0.0461268179496932,0.04372596717032,0.0460415696808564,0.0730164561436636,dinoflagellate,pavlova
12,0.0525594652327801,0.0615892982965337,0.0515164013520268,0.0567932615812215,0.0463561644769178,0.042313173304111,0.0474063653529624,0.0713672885993074,dinoflagellate,pavlova
12,0.052712532593651,0.0607724716225697,0.0505824868484983,0.0571205831120809,0.046077679107886,0.0438606231245609,0.0446427924859826,0.0722465061523736,dinoflagellate,pavlova
12,0.0537189871146659,0.0604517578859839,0.0518946624679572,0.0579065921916518,0.0457010281851418,0.0421115084480101,0.046615993477796,0.0721365616742244,dinoflagellate,pavlova
12,0.0525594652327801,0.0610349502976845,0.0534314282132212,0.0574480118174061,0.0451772280029306,0.0432772448994357,0.0461492490119129,0.0723564627196405,dinoflagellate,pavlova
12,0.0534563360888169,0.0599271753542095,0.0515831429175864,0.0586276436469688,0.0448172744657729,0.0430081081539171,0.0467237346835242,0.0730164561436636,dinoflagellate,pavlova
12,0.0533031548422785,0.0606558365444377,0.0532977026179431,0.0582998285317564,0.0451281357995808,0.0438606231245609,0.0464005458845893,0.0718068007479055,dinoflagellate,pavlova
14,0.0728804295317831,0.0895559060356788,0.0736955461322769,0.0891206526155656,0.0659952950797734,0.0628022139695748,0.0711550949039686,0.1122899875932152,dinoflagellate,pavlova
14,0.0745553782791245,0.0907270597558242,0.0747651501394425,0.0887826891799922,0.0672325051620185,0.0638091481691239,0.0716704829289242,0.1120611284550153,dinoflagellate,pavlova
14,0.0740414290147137,0.0892258284644535,0.0736955461322769,0.0886475357806785,0.0673663493341412,0.0625963750035319,0.0709342956096292,0.1127478630590901,dinoflagellate,pavlova
14,0.0712082815472672,0.0888358772034191,0.0739002753785647,0.0886475357806785,0.0650600444145445,0.0623448515705117,0.0715968398034767,0.1132059482709484,dinoflagellate,pavlova
14,0.0728804295317831,0.0892258284644535,0.0738547763681603,0.0898645744704537,0.0663462397093268,0.0622534041869863,0.0702354193006764,0.1117179379237053,dinoflagellate,pavlova
14,0.0740190893853273,0.0877867636081012,0.0748106905907562,0.0885124006453378,0.0648597473064991,0.0622076836310164,0.0707135450568563,0.1137788500339683,dinoflagellate,pavlova
14,0.074309543501205,0.0896759612612267,0.0736273123633581,0.0909476315045035,0.0665301170135351,0.0633970979847389,0.0714863852830131,0.1129768794347617,dinoflagellate,pavlova
14,0.0739297358580374,0.0895859184908499,0.0744009011712482,0.090609050157101,0.0661289737498698,0.0640381383235479,0.0726651962940492,0.1126333745364394,dinoflagellate,pavlova
14,0.0732821614480907,0.0894058572695484,0.0750384239615113,0.0890530507902906,0.0675671491875626,0.0637862520374244,0.0721861367156724,0.1134350695916896,dinoflagellate,pavlova
14,0.0735947312206735,0.0895258944812281,0.0751750888821166,0.0889854535347136,0.0659451701852341,0.0640610402232615,0.0725546237122512,0.1135496499412849,dinoflagellate,pavlova
16,0.0747342051751662,0.0977526732398574,0.0819863881006885,0.1044484502335788,0.0730208691278377,0.0693654833530879,0.0841201601986927,0.1318202784354776,dinoflagellate,pavlova
16,0.0761211989770807,0.0975408825487792,0.0816424263458441,0.1059598547532244,0.0744184463272919,0.0709092802472182,0.0857620128754405,0.1322871863463761,dinoflagellate,pavlova
16,0.0747118500642279,0.0994486154997713,0.0817799968509447,0.1043798042750827,0.0745027001335074,0.0691122517714545,0.0848661227113717,0.1334554107783025,dinoflagellate,pavlova
16,0.0762555263330487,0.0987820094089715,0.0826976175250921,0.1043111630285307,0.0737951886911611,0.0696187790771984,0.0838219309327359,0.1327543123621107,dinoflagellate,pavlova
16,0.0754050909932044,0.097480379160571,0.0826058175571576,0.1055474269222479,0.0734416205961562,0.0703790514295394,0.0842693081910645,0.1321704389292801,dinoflagellate,pavlova
16,0.0754498327215848,0.0992364653572896,0.0818717210363837,0.1052038669504761,0.0737278327486576,0.0696187790771984,0.0849407495770778,0.1320537051405523,dinoflagellate,pavlova
16,0.0758749790118746,0.0985700006249564,0.0836390533990361,0.104173894668672,0.0732228077391864,0.0694575834659756,0.0852393127440653,0.1333385269023002,dinoflagellate,pavlova
16,0.0746671413415487,0.0987820094089715,0.0821928219565737,0.1046544163872024,0.0739130725083757,0.0701946898960511,0.0856499827018632,0.1332216566865414,dinoflagellate,pavlova
16,0.074309543501205,0.0978737166340618,0.083616081000372,0.1056161530828879,0.0745364036437313,0.0704942946504845,0.0837846585273569,0.1333385269023002,dinoflagellate,pavlova
16,0.0760092732956163,0.0986608560286441,0.0824451878885125,0.1059598547532244,0.0725834753150337,0.0700334014312829,0.0850153820123689,0.1327543123621107,dinoflagellate,pavlova
18,0.1060935633298708,0.1235299031056758,0.100200900485087,0.1262397358274955,0.0958092719832404,0.0965783644499949,0.1025203933592594,0.1586683223477058,dinoflagellate,pavlova
18,0.105770670204689,0.123902562344174,0.1002242570582115,0.1264502399857299,0.0959125635409689,0.097762020665081,0.1025583706867994,0.159987821129687,dinoflagellate,pavlova
18,0.1067396625285703,0.1249280919024878,0.1018839696778294,0.1278547345986285,0.0956715665006233,0.097477815372213,0.1030142111505331,0.1604680708687771,dinoflagellate,pavlova
18,0.1059782323876046,0.1244928903040246,0.1006681356296693,0.1262397358274955,0.0965669912845055,0.0971226723050162,0.1019129521864432,0.15699147442814,dinoflagellate,pavlova
18,0.1071552325580998,0.1240578780236039,0.1009485815405026,0.1278547345986285,0.0974114913131523,0.0962944953117603,0.1022925596768612,0.1603479868097916,dinoflagellate,pavlova
18,0.1050099772459092,0.1249280919024878,0.0999440141792172,0.1257487317142396,0.0942611775499378,0.0954906367475731,0.1021786622982761,0.1603479868097916,dinoflagellate,pavlova
18,0.1064627117547998,0.1245861318463072,0.1000607725012993,0.1256786079457596,0.0965153103625064,0.098022613159123,0.1024064700295371,0.1571111560751022,dinoflagellate,pavlova
18,0.1044571092290625,0.1225678423595813,0.1007382397342933,0.1270118011404564,0.0945190269157678,0.0955615394572681,0.1036223218454161,0.1578295469105959,dinoflagellate,pavlova
18,0.105309575095655,0.1232504997851677,0.1019073655952428,0.1262397358274955,0.095929779837916,0.0953488464079841,0.1027102944213771,0.159507801919702,dinoflagellate,pavlova
18,0.1061858376615241,0.124834818471357,0.1013693979304972,0.1260292759719359,0.0974459758554597,0.0968386486344677,0.1030902047671059,0.160107861943708,dinoflagellate,pavlova
20,0.1051712880114482,0.1224747888071949,0.0981243472826181,0.1242771642295934,0.0916349047448796,0.0924465662003862,0.1002822800262425,0.1568718071031601,dinoflagellate,pavlova
20,0.1053787258096637,0.1220406533501158,0.0987538573347658,0.1242071435734712,0.0924066221974114,0.0907750926784011,0.0996004618180109,0.157590025951367,dinoflagellate,pavlova
20,0.1054017771103342,0.1239646857212207,0.0995004568421601,0.1229476094345278,0.0910864899924885,0.0908456618185453,0.1010404014377855,0.1586683223477058,dinoflagellate,pavlova
20,0.1054709342006925,0.1241200110504344,0.0979379018639743,0.1257487317142396,0.0916691906550881,0.0927293449750106,0.0999791923179173,0.1585484542025218,dinoflagellate,pavlova
20,0.1057937305420628,0.1229401431829435,0.0997572292148637,0.1258188604004075,0.0915320540668315,0.0936253389987831,0.0998655581063217,0.1577097792596952,dinoflagellate,pavlova
20,0.1062319780205042,0.1221646728213316,0.099523797060859,0.125328062844543,0.0919949654447156,0.0931300851710788,0.0999034347421237,0.1583087610086609,dinoflagellate,pavlova
20,0.1060935633298708,0.1222887076752846,0.0979379018639743,0.1259591325285655,0.0917034777408607,0.092847193068954,0.1015714286085101,0.1580691252538597,dinoflagellate,pavlova
20,0.1066473370813033,0.124088944054455,0.0984973424380056,0.1244872556201207,0.0924924053547988,0.0939556445344039,0.1002443890386094,0.1566325154054403,dinoflagellate,pavlova
20,0.1055631510948929,0.1212658799325727,0.0980078148223696,0.1232273688432626,0.0922522310557252,0.0936253389987831,0.0997519368059932,0.1556759208089977,dinoflagellate,pavlova
20,0.1055170415847984,0.1234367599912133,0.0992904193847083,0.1242771642295934,0.0916691906550881,0.0926350764983194,0.1000549556333563,0.1565128910258491,dinoflagellate,pavlova
25,0.1096522859468649,0.1234057142142127,0.1042028248750135,0.1243471897889512,0.0914463532483363,0.0864329234591118,0.1013438110050995,0.1590280130176109,dinoflagellate,pavlova
25,0.1101848721284226,0.1244307341054777,0.1054229667505411,0.1259591325285655,0.0928527749949829,0.0880033160283261,0.1013438110050995,0.1592678786939829,dinoflagellate,pavlova
25,0.1095828390910433,0.1227850009948172,0.105587330370198,0.1240671169681874,0.0918577841766025,0.0867842896917473,0.1026723113238509,0.159507801919702,dinoflagellate,pavlova
25,0.1102311973780082,0.1251457637474943,0.1046484733595615,0.1250477152116443,0.0927841231456469,0.087792224331655,0.1022925596768612,0.1605881693496755,dinoflagellate,pavlova
25,0.1107177421091754,0.1223507308719801,0.1029139082066444,0.1225980201983158,0.0923894664489485,0.0849819180323997,0.1009266465793824,0.1596277851221976,dinoflagellate,pavlova
25,0.1094439598463233,0.1248659086484182,0.105117791683323,0.124907570862736,0.093041591886073,0.0863158288113744,0.1019509064515583,0.1587882048629844,dinoflagellate,pavlova
25,0.1108104441417337,0.1248659086484182,0.1042966291056532,0.1258188604004075,0.0916349047448796,0.0861987478731882,0.1028242523710169,0.1605881693496755,dinoflagellate,pavlova
25,0.1107177421091754,0.1251146648686064,0.1047423194051926,0.1243471897889512,0.0930587588259805,0.0875811771852844,0.1028242523710169,0.159507801919702,dinoflagellate,pavlova
25,0.1100690683924646,0.1231884207585468,0.1043435345208919,0.1257487317142396,0.0923208463981428,0.0868311478521045,0.1013438110050995,0.1597477827223895,dinoflagellate,pavlova
25,0.1108799763061822,0.1231263455854925,0.1042262751077582,0.1254682661395503,0.091257837296758,0.0879329471782415,0.1016473126577194,0.1591479386638541,dinoflagellate,pavlova
30,0.1429337760992819,0.1648280979703405,0.1360816410977841,0.1671991377624125,0.1234377974569891,0.1179806806736869,0.1358432966210093,0.2094443938321975,dinoflagellate,pavlova
30,0.1446105035209528,0.1648280979703405,0.1365659495148445,0.1677109272087873,0.1236324791088585,0.1193593740360965,0.1366681685180466,0.2095705210947724,dinoflagellate,pavlova
30,0.1423117069817005,0.1644722203237887,0.1370989598242533,0.1677109272087873,0.1230131690005026,0.1184883992151109,0.1367860629240936,0.208813996030321,dinoflagellate,pavlova
30,0.1417378325966149,0.1630176746127943,0.1355975671218293,0.1663954260324505,0.1251558435583439,0.1195530270588991,0.1347053052489592,0.2080580428634149,dinoflagellate,pavlova
30,0.1434125542665681,0.1638901481304046,0.1369535651987519,0.166176343985348,0.1243407320555813,0.1179323399683866,0.1368646669172169,0.208183995379483,dinoflagellate,pavlova
30,0.1425748428450485,0.163276105936109,0.1345817738693219,0.1667606694712602,0.1229070400537328,0.1182949522310717,0.1359610938136459,0.2104538576403167,dinoflagellate,pavlova
30,0.1436520293383577,0.1636961993322791,0.137462538900647,0.166541507400032,0.1225887207768128,0.1184883992151109,0.1340780018487914,0.2112116247894837,dinoflagellate,pavlova
30,0.1445865304666647,0.1657669283861795,0.1347510011056406,0.1671991377624125,0.1217226979763342,0.1184642162955059,0.1345876558831496,0.2100751892861548,dinoflagellate,pavlova
30,0.1440832290384081,0.165119364821378,0.1356943631726262,0.1679303457505342,0.1229954800605119,0.119480402780571,0.1363538513694587,0.2107063828941838,dinoflagellate,pavlova
30,0.142838047967104,0.1645369159309795,0.1361058509487736,0.1685888903907319,0.1251558435583439,0.1186818836281267,0.137100515974914,0.2094443938321975,dinoflagellate,pavlova
35,0.1320083475791576,0.1414812317930237,0.1164005436729417,0.1361107882685196,0.102857515786543,0.0970516588242604,0.1098386147688138,0.1675786763029375,dinoflagellate,pavlova
35,0.1333112176304451,0.1417657762866365,0.1175406050747174,0.1368905154035405,0.1039329339155823,0.0971226723050162,0.1110252404894032,0.168425672542091,dinoflagellate,pavlova
35,0.1324345545801397,0.141133565107052,0.1166854371959152,0.1373870221343136,0.1033603899832213,0.0983543745783132,0.1108337539790429,0.1678206020329186,dinoflagellate,pavlova
35,0.1327898658958057,0.1410071708199056,0.1163530693090894,0.1373870221343136,0.1040023554605868,0.0986862460996715,0.1114466399248346,0.1691522407503679,dinoflagellate,pavlova
35,0.1317716443801922,0.1414496207354731,0.1169466609117645,0.1368905154035405,0.1045579013855362,0.0977383338053655,0.1111401499982916,0.1683046291478866,dinoflagellate,pavlova
35,0.1316533137880463,0.142430028473834,0.1177545113608128,0.1371742033487057,0.1032042985133031,0.098022613159123,0.1104891706343235,0.1691522407503679,dinoflagellate,pavlova
35,0.1309672723384309,0.1421136628791169,0.1145981004006604,0.1345531555548358,0.1023722219142529,0.096034352704847,0.1110635421919187,0.1661283497252909,dinoflagellate,pavlova
35,0.1330268102623773,0.1422401971067945,0.1160920005871994,0.1358274017983269,0.1030308921176407,0.0986388291386156,0.1109486414851528,0.1683046291478866,dinoflagellate,pavlova
35,0.1328372502779222,0.1413547935579329,0.1163768062092887,0.1358982408873659,0.1027361702376089,0.0973594203351946,0.1114849577713762,0.1674577353824297,dinoflagellate,pavlova
35,0.1335008674899614,0.1425566027414543,0.1174693131461217,0.1374579717955588,0.1043148120663784,0.0985677079124557,0.1104126126799146,0.1693945475119121,dinoflagellate,pavlova
40,0.1794441431119487,0.2027165382375054,0.1683099598496394,0.2023844400825626,0.1524888359446091,0.1444320661088095,0.1647222875821211,0.2534032660496915,dinoflagellate,pavlova
40,0.1810092247286969,0.2033216616339036,0.1688851827643735,0.2027630702033254,0.1522520266751521,0.145549537263971,0.1659759019970609,0.2540624184036609,dinoflagellate,pavlova
40,0.1789229930958107,0.2034898164712737,0.1682099548493059,0.2038998214909048,0.1541298245524371,0.1453259431112687,0.1649243771893405,0.2547220055260503,dinoflagellate,pavlova
40,0.1810092247286969,0.2035234508321399,0.1691854304709852,0.2029145624017669,0.1539108704224524,0.1453259431112687,0.166542565980491,0.2530079830878281,dinoflagellate,pavlova
40,0.17939449807396,0.2044993397255673,0.1682099548493059,0.202308731258663,0.1531813693687994,0.1441590963199067,0.1665020793309581,0.2543262010482925,dinoflagellate,pavlova
40,0.1782533419094373,0.2012724461691734,0.1675851500804639,0.2003423110213249,0.1535095789882875,0.1431671065552529,0.1632684467638933,0.2549859622386822,dinoflagellate,pavlova
40,0.1806363640127103,0.2043310150605567,0.1688851827643735,0.2019302730926955,0.153546053374154,0.145648928492777,0.1644394307260076,0.2552499886428563,dinoflagellate,pavlova
40,0.1806612170690162,0.2041963757254717,0.1689101999636993,0.2026873327094428,0.1531266782369528,0.1458477405911479,0.1646414631731056,0.2537987053219637,dinoflagellate,pavlova
40,0.1798910593970714,0.204634019860451,0.1688101349213383,0.2022330281661555,0.1541845705765207,0.1458477405911479,0.1648031185242497,0.2552499886428563,dinoflagellate,pavlova
40,0.180213956532302,0.2039944507062757,0.1693856457030278,0.2042031735332735,0.1530902191440509,0.1454750003246717,0.166097302964371,0.2541943010283161,dinoflagellate,pavlova
45,0.1885709333118041,0.2152634148169546,0.1775534698524585,0.2178732477997746,0.1610515346322015,0.1521556513556931,0.1750404520008134,0.2735037764012962,dinoflagellate,pavlova
45,0.1901503758212835,0.2163189676330102,0.177250699501455,0.2185655288935356,0.1619155290975588,0.1537576542014387,0.1758574455103094,0.2755227554840534,dinoflagellate,pavlova
45,0.1868689330511173,0.2164211770602153,0.176342938079495,0.216029504479595,0.160959664242882,0.153206676201575,0.1767569099807797,0.2748493094352999,dinoflagellate,pavlova
45,0.1901503758212835,0.2161486417992793,0.177578704853406,0.2186424786069359,0.1602250048163006,0.1519555813305171,0.1744281446033789,0.274310878947127,dinoflagellate,pavlova
45,0.1894480933745615,0.2163871060903819,0.1793720195554979,0.2187963957997901,0.1626882413558985,0.1531315663533868,0.1752446378106089,0.274983962367571,dinoflagellate,pavlova
45,0.1872941616178758,0.2163871060903819,0.1780582909041203,0.2181808691203579,0.1608126891732636,0.1510057949610344,0.1736938702781468,0.2726973247446856,dinoflagellate,pavlova
45,0.18974901117612,0.2160805195880059,0.1786896758046903,0.2181808691203579,0.1616397050715375,0.1519055700779749,0.1767978139586972,0.273772738210341,dinoflagellate,pavlova
45,0.1901001964299489,0.2163871060903819,0.1776544136773057,0.2181808691203579,0.1627802706949166,0.1523307454692263,0.1768387196098187,0.274310878947127,dinoflagellate,pavlova
45,0.1888214719712297,0.2155697508699977,0.1758137908760381,0.2190273160178813,0.1607759487808722,0.1524808505430595,0.1756122773645957,0.2720257781476934,dinoflagellate,pavlova
45,0.1889217050131359,0.214310969000345,0.1789676115022662,0.2171046082538608,0.1600414242606375,0.1524808505430595,0.1736123175134629,0.2755227554840534,dinoflagellate,pavlova
50,0.2084316799852011,0.2382244414348039,0.1932201178534736,0.2390886372805431,0.1751708095379644,0.1679111544222413,0.1931287472359654,0.301455695032584,dinoflagellate,pavlova
50,0.2088406152257821,0.2400368569739747,0.1918112881016325,0.2376758750959543,0.1740718776263331,0.1671238028036885,0.1912179715445248,0.2999358329092702,dinoflagellate,pavlova
50,0.2087383657369404,0.2397926865418008,0.1946309352071063,0.240582054732404,0.1753012714665632,0.1680636166881257,0.1943352458325912,0.3015939789296445,dinoflagellate,pavlova
50,0.2088661792316631,0.2380851608189584,0.1937329120803918,0.239874368443777,0.175189445914308,0.1690043146536373,0.194501773726398,0.3022856853970107,dinoflagellate,pavlova
50,0.2087894891744914,0.2383985694890147,0.19450259680423,0.240582054732404,0.1769801570811269,0.1694368241056225,0.1940438887307819,0.3035319640323232,dinoflagellate,pavlova
50,0.2091218552404193,0.2385030608772777,0.1935790461998472,0.240110208231042,0.1763828969939408,0.1679619725948307,0.1937526164932082,0.3035319640323232,dinoflagellate,pavlova
50,0.209658987733223,0.2371455237281245,0.1935790461998472,0.2395600018897891,0.175152173508929,0.1663624394189415,0.1924637154146224,0.2999358329092702,dinoflagellate,pavlova
50,0.2074100729085566,0.2371455237281245,0.1936559761807809,0.2403461036518331,0.1751335378271886,0.1693604853140286,0.1931287472359654,0.3009027505894105,dinoflagellate,pavlova
50,0.2066955684380246,0.2394788407072716,0.1934764820971932,0.239638584263803,0.1743697737372682,0.1696149706188758,0.1941687456657063,0.2993837279953149,dinoflagellate,pavlova
50,0.209300867349788,0.2394439750273002,0.1939894078367934,0.2408180614990268,0.1769054800592118,0.169564068376621,0.1928793084718884,0.301732281951786,dinoflagellate,pavlova
60,0.2644243439026956,0.2959955106220192,0.2404312463663003,0.297883917027173,0.2166849125348133,0.2088316114974252,0.2404232112636651,0.3763723671388689,dinoflagellate,pavlova
60,0.2654518153320446,0.2973984496396946,0.2399476613802495,0.2987172504087316,0.2165877864942741,0.2093081802117666,0.2403360311058137,0.3759253731658448,dinoflagellate,pavlova
60,0.2640460677566016,0.2970290642927048,0.2413184266699443,0.3001355128581189,0.2173844986415831,0.2084875641742923,0.2411209262753986,0.3784609849352852,dinoflagellate,pavlova
60,0.2632089651626572,0.2963276078188502,0.2389811924065271,0.2979672191222688,0.2152096138104702,0.2081700870564344,0.2389421812416772,0.3759253731658448,dinoflagellate,pavlova
60,0.2638839932019519,0.2955160092942033,0.2413991184676669,0.2984671774694881,0.2172873046325453,0.2097849761521406,0.2417318264994855,0.3780130565963288,dinoflagellate,pavlova
60,0.2660471500901163,0.2969182752902466,0.2416681381615308,0.2974675106084973,0.2168014762370084,0.2092552169153187,0.2402924438768649,0.3772669549426773,dinoflagellate,pavlova
60,0.2663720275870853,0.29717680205844,0.2423679282530695,0.2985505281675985,0.2176372472844046,0.208911023846087,0.2419064379893652,0.3759253731658448,dinoflagellate,pavlova
60,0.2631279924099441,0.2943366769543764,0.24045811905693,0.2971345102724198,0.2175205861266047,0.2081965396335783,0.240597594383821,0.3783116531945462,dinoflagellate,pavlova
60,0.2645865060652133,0.2966228979435413,0.2422333151980922,0.2992175839748729,0.2179289597357881,0.210129470213025,0.2420374166182062,0.3769686700784225,dinoflagellate,pavlova
60,0.2659388810414247,0.2962168964985047,0.2401088303931697,0.2994678446643959,0.2181818460452875,0.2085934122823562,0.2410773048223611,0.3759253731658448,dinoflagellate,pavlova
70,0.2849563672140202,0.3051127630141921,0.2487965604084846,0.3028106523902753,0.223781150520622,0.2150181562870737,0.2426051890004143,0.3826513532339118,dinoflagellate,pavlova
70,0.2846805507956785,0.3071252860548196,0.2490133684529122,0.3034805569539314,0.223624646813121,0.2155776266697185,0.2438291793613031,0.3838518335701615,dinoflagellate,pavlova
70,0.2828070139478814,0.3058949296555547,0.2474155130302811,0.3043185692379522,0.2239572464738051,0.2156842279543648,0.2411645496313504,0.3831013644917873,dinoflagellate,pavlova
70,0.2850943039564488,0.3035874367265274,0.2503966258372532,0.3038156776004994,0.2256219061416284,0.2145122383681201,0.2439166645982251,0.3835515783509714,dinoflagellate,pavlova
70,0.2848736143003807,0.3067149990346483,0.2495284760268944,0.3047378388763945,0.2252887524469101,0.214884995175248,0.2438729210230557,0.3846028662753843,dinoflagellate,pavlova
70,0.2861708640372374,0.3053361767774091,0.2501523825154153,0.302308518309928,0.223624646813121,0.2153111731642784,0.2429547476861375,0.3837016946914169,dinoflagellate,pavlova
70,0.2853150423271923,0.3070133728993116,0.2493115562863475,0.3028106523902753,0.2252103794698725,0.2149648897144988,0.2444417368077158,0.3841521789696261,dinoflagellate,pavlova
70,0.2847357079937068,0.3050383028503455,0.2482818296148645,0.3038994753128708,0.2250144738957323,0.2153644581858715,0.2422120814804466,0.3837016946914169,dinoflagellate,pavlova
70,0.2853426380498571,0.305634139459788,0.2487152695089561,0.304905595964525,0.2249557097066124,0.214831735695048,0.243741701777378,0.3828013344865363,dinoflagellate,pavlova
70,0.2866128652046865,0.3060439831660408,0.2486610792469329,0.3033130387359335,0.2237028956051951,0.214778479051269,0.2433481473196671,0.3822015443950809,dinoflagellate,pavlova
80,0.3260071172192257,0.3465415042347698,0.2798400835207276,0.3417300548397251,0.2495239494858952,0.2378627465264823,0.2726276198894042,0.4364103503311411,dinoflagellate,pavlova
80,0.3265821107663904,0.3485614715144639,0.2795326534935722,0.3430363907537807,0.2502669885497128,0.2373179061512302,0.2734833408865177,0.4365686157425658,dinoflagellate,pavlova
80,0.3281650498947507,0.3464250920579248,0.2819107093654736,0.3418170908291617,0.2510105801311484,0.2391170070862773,0.2734382846788911,0.4376771755203568,dinoflagellate,pavlova
80,0.3270423437674668,0.3480560970406679,0.2797841801217865,0.3415560055833463,0.2491225365068378,0.238435148586404,0.2733932305012349,0.4379941327337869,dinoflagellate,pavlova
80,0.3279634457007006,0.3475898241071348,0.2810427631236496,0.3428621140018582,0.2504478112936883,0.2375358066805012,0.2721325369529018,0.4386283487055764,dinoflagellate,pavlova
80,0.3264670856045095,0.3472014293378138,0.2802314948431034,0.3416430264248927,0.2493031524075486,0.2397993308344161,0.2739340146514127,0.4373603187369708,dinoflagellate,pavlova
80,0.3274740046613764,0.345959578821184,0.2796164886736573,0.3439954561745187,0.2497849543561215,0.2377810015435351,0.2730779080814506,0.4357775390459831,dinoflagellate,pavlova
80,0.3257484779477214,0.3471625981563702,0.2815466401883093,0.3431235405207102,0.2490824040697901,0.2381352780736955,0.2743848916147297,0.4362521099636932,dinoflagellate,pavlova
80,0.3260646016984322,0.3479395084234712,0.2802035318102311,0.3428621140018582,0.2506889591586888,0.2384896801601987,0.2725826022199614,0.4379941327337869,dinoflagellate,pavlova
80,0.3264095779847339,0.3459983633151482,0.2799518996950538,0.3418170908291617,0.2495038750095874,0.2378082491287195,0.2743848916147297,0.436726906205896,dinoflagellate,pavlova
90,0.3603914429417469,0.3811672566273494,0.3099751524009322,0.3778849762552316,0.2759057665152462,0.2648462530520963,0.3022336928650831,0.4827269186638345,dinoflagellate,pavlova
90,0.362624949431672,0.381810240092678,0.3095143361720466,0.3760818744324199,0.2754318182079517,0.264174604970429,0.3027439087902497,0.4838878774143498,dinoflagellate,pavlova
90,0.3613735712628309,0.3817298445465479,0.3106091216458417,0.3780654653812517,0.273867323673353,0.2632797753477883,0.3002879867013565,0.4825611773855899,dinoflagellate,pavlova
90,0.3617011618371082,0.3815288839542436,0.3085358061912437,0.3760818744324199,0.2761737497369774,0.2664151884592427,0.3042761203494418,0.4837219436215522,dinoflagellate,pavlova
90,0.3608079856433959,0.3816896491971444,0.3118782671621822,0.3777947439068735,0.2767718173776916,0.2640067634124654,0.3027439087902497,0.4828926874168043,dinoflagellate,pavlova
90,0.3608972673719495,0.3823329687480999,0.3107820921259777,0.3782459870894773,0.2765655467498975,0.2642865149948863,0.3029295064151329,0.4822297772168569,dinoflagellate,pavlova
90,0.3606592004740271,0.3820916754146682,0.3119359938838977,0.378607128299614,0.2771432117615255,0.2644264201394266,0.3037186808404187,0.4835560373582103,dinoflagellate,pavlova
90,0.3622672529928993,0.3813681445526518,0.310407360559106,0.3801434351401247,0.2756584611124235,0.2665553917542498,0.3025119601890196,0.4848840588017297,dinoflagellate,pavlova
90,0.3621480492736021,0.3814083269808814,0.3102344548787237,0.3777045196996575,0.2769987642215255,0.2657985273790441,0.3039044594856978,0.4832243073833652,dinoflagellate,pavlova
90,0.3580441983895431,0.3830974486372643,0.3084782754122612,0.3794201731973766,0.2762562205629695,0.263615242628897,0.3007046051543217,0.4835560373582103,dinoflagellate,pavlova
100,0.3965244450151006,0.4238037277468646,0.3410169192746752,0.4182107935849466,0.3037439730331106,0.2902781999392478,0.332408497456525,0.5377522944545404,dinoflagellate,pavlova
100,0.3977588606761077,0.4246845079233396,0.3412546748630515,0.4166149237320514,0.301859557014801,0.2910250903247198,0.3327430974931067,0.5361773531892802,dinoflagellate,pavlova
100,0.397234047821583,0.4251461787602388,0.34259310434174,0.4188686574308617,0.3017326454085642,0.2894457874738852,0.330737174573867,0.5382778265678883,dinoflagellate,pavlova
100,0.3968946097426292,0.4259861267328503,0.3421765120605261,0.4190566980481889,0.3057593542509438,0.291715023083646,0.3318351577370448,0.5402071440127847,dinoflagellate,pavlova
100,0.3987474915030471,0.4249363019571514,0.3411060709961054,0.4189626733196162,0.305780590407625,0.289790149976212,0.3323607065893506,0.5398560820467427,dinoflagellate,pavlova
100,0.3972031850528816,0.4213332983526841,0.3426823966998616,0.4159585403806216,0.3019864847296379,0.2922040136156028,0.333795427065011,0.5382778265678883,dinoflagellate,pavlova
100,0.3980059267675437,0.4253141119232347,0.3429800954904261,0.419903318671638,0.30580182701529,0.2898475552575137,0.3318351577370448,0.5388036350104645,dinoflagellate,pavlova
100,0.3979750401676925,0.4258600895517152,0.3426526316945761,0.4192447740314404,0.305547017484035,0.2918300581694741,0.3321217865069813,0.5402071440127847,dinoflagellate,pavlova
100,0.3965861296217266,0.424978273794055,0.341224952322961,0.4194328853939213,0.3034896872569105,0.2902781999392478,0.3322173476901015,0.5382778265678883,dinoflagellate,pavlova
100,0.3987165819906422,0.4258600895517152,0.3431885373880021,0.4206564725389098,0.304464800744105,0.2906228492619769,0.332408497456525,0.5374020930851761,dinoflagellate,pavlova
2,0.0065981188357313,-0.0126221099416123,-0.0088776629475245,-0.0150823844731007,-0.0090546660136726,-0.008841290771826,-0.0120488730178572,-0.0162741997043657,dinoflagellate,s. zambalensis
2,0.0072375186742207,-0.0119146661892556,-0.0080506950433308,-0.0138630677810427,-0.0087665415419084,-0.0084455037001012,-0.0114842800390993,-0.015310963155335,dinoflagellate,s. zambalensis
2,0.0072161987582203,-0.010980073447868,-0.0070269194003644,-0.0128993980524234,-0.0088305763768805,-0.0074333355937974,-0.0114842800390993,-0.0149896780120091,dinoflagellate,s. zambalensis
2,0.0076000268079683,-0.0110367403034393,-0.0074191275371741,-0.0123207501435202,-0.0092947063416001,-0.0079835540443978,-0.0104954746472363,-0.014775430555378,dinoflagellate,s. zambalensis
2,0.0077280022368607,-0.0099595205598571,-0.0061329817638407,-0.0112268341372619,-0.0092307012211685,-0.0071911435343113,-0.0092934664419875,-0.014775430555378,dinoflagellate,s. zambalensis
2,0.0078773276064519,-0.0099878833195556,-0.0053474014851472,-0.0109048662668737,-0.0085744124305549,-0.0067947026869025,-0.008408714203359,-0.0143467978870066,dinoflagellate,s. zambalensis
2,0.008602939606618,-0.0098176946934179,-0.0040585866885331,-0.0102606193691879,-0.0084463058457013,-0.0067286139296775,-0.0082316697824515,-0.0131671098312726,dinoflagellate,s. zambalensis
2,0.0090300162733698,-0.0097893271062211,-0.003140112166302,-0.0098093994562885,-0.0080939280931082,-0.0063099503417852,-0.007310533176542,-0.012093457162107,dinoflagellate,s. zambalensis
2,0.0100129853462565,-0.0086539632421004,-0.0023083838746147,-0.0094224774162514,-0.0075651285358739,-0.0061336184847742,-0.0066013887295633,-0.010803550501475,dinoflagellate,s. zambalensis
2,0.0108043361377332,-0.0078868632684092,-0.0018922601703655,-0.009164446193042,-0.0070841588918182,-0.0050749738919573,-0.0057852504375399,-0.0098350274233446,dinoflagellate,s. zambalensis
4,-0.0166102514623022,-0.0299528858318509,-0.0238187820702492,-0.0349579474689484,-0.0215558228525234,-0.0247404316361872,-0.0291175956166346,-0.0428748815015448,dinoflagellate,s. zambalensis
4,-0.0155479837334563,-0.0293410609059297,-0.022811030878045,-0.0343919275173568,-0.0211131630925524,-0.0236796532718473,-0.0285972591206347,-0.0428748815015448,dinoflagellate,s. zambalensis
4,-0.0144219983774096,-0.0282833899099809,-0.0223818923670068,-0.0336996899893205,-0.0209550228218029,-0.0225743814466989,-0.0284584569828589,-0.0417283911992983,dinoflagellate,s. zambalensis
4,-0.0134827077857922,-0.0271130821526896,-0.0220599175855829,-0.0323768134853359,-0.0200373157590893,-0.0222273776044869,-0.0273473457574359,-0.0414154837651937,dinoflagellate,s. zambalensis
4,-0.013461824637448,-0.0263600175627335,-0.0214801016072203,-0.0319985271180481,-0.0196731641096539,-0.0218802533088096,-0.0261654357926181,-0.0401628739980715,dinoflagellate,s. zambalensis
4,-0.0128978147209895,-0.0257180704873648,-0.0207064903082964,-0.0314939225911307,-0.0196889995477812,-0.0215113016698429,-0.0248776504311378,-0.0391178326238326,dinoflagellate,s. zambalensis
4,-0.0128351273117351,-0.0252433228626585,-0.0209859189859451,-0.0319354654752715,-0.0186908768859577,-0.0205122788915642,-0.0248428223945647,-0.0392223859199704,dinoflagellate,s. zambalensis
4,-0.0116642404403468,-0.0239855489563632,-0.0197386338196194,-0.0316200975960297,-0.0186116181139516,-0.0194470035041233,-0.0241808591267725,-0.0379670243156256,dinoflagellate,s. zambalensis
4,-0.0112875926016192,-0.0239016410871542,-0.019480380471651,-0.0308628086541208,-0.0176600225336739,-0.0185547777771249,-0.0237625511763077,-0.0371292402054652,dinoflagellate,s. zambalensis
4,-0.0105338710660312,-0.0234819961006492,-0.0188990664703735,-0.0304207917871381,-0.0168822138512602,-0.0179232102709681,-0.0225763941854338,-0.0365004411908253,dinoflagellate,s. zambalensis
6,0.0143195042627115,0.0066567655376021,0.004348421066424,0.0056544913087125,0.0098319570124536,0.0110752191958653,0.0077960876963289,0.0121534496350341,dinoflagellate,s. zambalensis
6,0.013997481095729,0.0078975857923172,0.0037754688041165,0.0059819414573535,0.0090330981967881,0.0106043830045275,0.0091283889934501,0.0123735927289336,dinoflagellate,s. zambalensis
6,0.0147919925666779,0.0090532210869071,0.0043925079175278,0.0063094988647173,0.0102561005750927,0.0112995048470094,0.0102820827436523,0.0135852467847538,dinoflagellate,s. zambalensis
6,0.0155441389053379,0.0102101934197088,0.004348421066424,0.0065060848225603,0.0115132743857404,0.0123094132556113,0.011292657774617,0.0144673727654313,dinoflagellate,s. zambalensis
6,0.016081732862827,0.0108181401707199,0.0049437576145187,0.007489594720545,0.0121996722946619,0.0132753907088827,0.0125211591576245,0.0146880258996011,dinoflagellate,s. zambalensis
6,0.0168779026827093,0.0121221291122128,0.0050761027708791,0.0086054098735635,0.0127393156525654,0.0143772944150557,0.012955108464691,0.0160129681272121,dinoflagellate,s. zambalensis
6,0.0177824318508357,0.0130504457348247,0.0058484654666437,0.0095252522511671,0.0136229970611211,0.0147148547571715,0.0142943055086782,0.0165655459165943,dinoflagellate,s. zambalensis
6,0.0187309121978627,0.013834383756768,0.0064667854227448,0.0098539725460308,0.0139341078108694,0.0139273911366701,0.0137149731729732,0.0162339626032496,dinoflagellate,s. zambalensis
6,0.0191839133381122,0.0143864124762793,0.0070854879349681,0.011235778984026,0.0143108451065841,0.014332294977541,0.0144029676961549,0.0170078280998324,dinoflagellate,s. zambalensis
6,0.0193781195209527,0.0155204796822535,0.0073286544057209,0.0120262407865969,0.0150975369442558,0.0156155731409296,0.0146927912680855,0.0175609560524269,dinoflagellate,s. zambalensis
8,0.0043634334751296,0.0064260850290819,0.0049878707205297,0.007292815342389,0.0039451868332984,0.0017892309084536,0.0047421016704585,0.0113833302284699,dinoflagellate,s. zambalensis
8,0.0053631038798703,0.0069740381495424,0.0061796607534502,0.0078176464244352,0.0048048996124315,0.0023893176056482,0.0049214899568843,0.011493310981949,dinoflagellate,s. zambalensis
8,0.005916542664511,0.007522291687247,0.0072623304129921,0.0084084108250885,0.0053568028810465,0.0035460557334721,0.0057111809416034,0.0127038982645544,dinoflagellate,s. zambalensis
8,0.0064915919322612,0.0080130892431112,0.0075055398949388,0.0094595211570493,0.0059090109150882,0.0037909218930793,0.0057470908078431,0.0134750357304736,dinoflagellate,s. zambalensis
8,0.0075360452346396,0.0089954075932216,0.0079257683727076,0.0108407822705294,0.0061689790704534,0.0039467770371713,0.0061062604115893,0.0143570644535881,dinoflagellate,s. zambalensis
8,0.0075573719709033,0.0089954075932216,0.0082355234474237,0.011235778984026,0.0074698345662663,0.0045927215306804,0.0064655590644918,0.014908727732322,dinoflagellate,s. zambalensis
8,0.0080053385302255,0.0098340305656949,0.0090989188586481,0.011169935362603,0.0082837294234295,0.0054843646650308,0.006573373838814,0.0151294782850951,dinoflagellate,s. zambalensis
8,0.0079626664015199,0.0108181401707199,0.0092096645092259,0.0116309317815808,0.0089516178620217,0.0063991247158784,0.0078320725107411,0.0159024892009548,dinoflagellate,s. zambalensis
8,0.0091154534984207,0.0101812527914057,0.0087224753594785,0.0120921408162757,0.0100276932259089,0.007359407067997,0.0071485823677597,0.0167866625565224,dinoflagellate,s. zambalensis
8,0.0099916061759813,0.0107602245537575,0.0089438955494759,0.0122239539055064,0.0110069493959522,0.0081417135708638,0.0074722826241515,0.0171184292170164,dinoflagellate,s. zambalensis
10,0.003025015370273,0.0019671216122657,-5.04775062463785e-05,0.0012117817930487,0.0023898505833986,-0.0003858409717841,5.35585171560891e-05,0.0044788148819254,dinoflagellate,s. zambalensis
10,0.0035346777299993,0.0024264825344714,0.000564204634639,0.0021900959098837,0.0032806326679393,1.3307516750992714e-05,0.0010538443965025,0.0044788148819254,dinoflagellate,s. zambalensis
10,0.0041083585454866,0.0035183111683914,0.0008497212569402,0.0028428374474203,0.0044155041439684,0.000257310046715,0.0013040722839186,0.0051343376848157,dinoflagellate,s. zambalensis
10,0.0051716002566748,0.0044098972439335,0.0018826543290124,0.0031040534092009,0.0048860427570975,0.0002351255381564,0.0020551318496332,0.0057902904797362,dinoflagellate,s. zambalensis
10,0.0059591275681691,0.0048415954072867,0.0021245587779353,0.0034960053347831,0.006136479354823,0.0015004286582316,0.0026635458762389,0.0067750271422757,dinoflagellate,s. zambalensis
10,0.0069390812053133,0.00521588462205,0.0024105213187914,0.0040842214231134,0.0067541546398176,0.0018114499212637,0.0027351483393942,0.0073225223653687,dinoflagellate,s. zambalensis
10,0.0072588390447694,0.0060513426600723,0.0027845957639671,0.0050653511090388,0.0068191952902471,0.0028118168058491,0.0038814855596784,0.0073225223653687,dinoflagellate,s. zambalensis
10,0.0082400677924395,0.0069740381495424,0.0039957962115339,0.0057854585016178,0.0068191952902471,0.0033235021527791,0.0051009104292417,0.0075416044124713,dinoflagellate,s. zambalensis
10,0.0083681251623162,0.0076666189061676,0.004855537239966,0.0058509485307843,0.0080394914041254,0.0040803864969198,0.0058189144091093,0.0077607344670349,dinoflagellate,s. zambalensis
10,0.0084108145966877,0.0086774931095394,0.0052084654447983,0.0060474443558803,0.009293879891391,0.0052390835381837,0.0061781098152702,0.0087474143694801,dinoflagellate,s. zambalensis
12,0.0114892530113225,0.0046976753114753,0.0005861645577801,-0.0039897904030245,0.0041722089527141,0.0049269945457043,-0.0033684167334071,-0.0012930497669842,dinoflagellate,s. zambalensis
12,0.012067516737105,0.0050143268678727,0.0009815256593981,-0.0032112773236107,0.0041559913777277,0.0061759353387663,-0.0033684167334071,-0.000641300884474,dinoflagellate,s. zambalensis
12,0.0124103493952733,0.0050719106522951,0.0018826543290124,-0.0026919316874245,0.0054379908230579,0.0068679846135041,-0.0026208596083703,0.0002283589159613,dinoflagellate,s. zambalensis
12,0.0127532996279827,0.0057343626127527,0.0025645350263156,-0.0024971075156227,0.0064290148268349,0.0075158194159536,-0.0014093429265469,0.0014253773950351,dinoflagellate,s. zambalensis
12,0.0131392592785487,0.0060513426600723,0.0033129391994826,-0.001782427304584,0.0073396728401381,0.0080969938516962,-0.0021578059393009,0.0007722806046501,dinoflagellate,s. zambalensis
12,0.0135253679514849,0.0071471383750048,0.0034670919651784,-0.0010672359604226,0.0082837294234295,0.0083653421694208,-0.0021578059393009,0.0020789009996039,dinoflagellate,s. zambalensis
12,0.0141692138799397,0.0080997255871118,0.0040619039009839,3.906682380721324e-05,0.0085768938093137,0.0086561341321907,-0.0020152847390312,0.003059987904482,dinoflagellate,s. zambalensis
12,0.0146845892564046,0.0082730207959329,0.0050981619999099,0.0006252524008879,0.0095710349777383,0.0093722901952947,-0.0009813981248945,0.0038237215076953,dinoflagellate,s. zambalensis
12,0.0156731351001289,0.0083596796633557,0.0057160180591082,0.0019291185481885,0.0096525658005111,0.0097977506506854,-0.0006246375074822,0.0041512145513953,dinoflagellate,s. zambalensis
12,0.0156301345196144,0.0083307925397891,0.006820282841476,0.0027775441171108,0.0099950678629489,0.0110079433086391,0.0003392523981078,0.0046972747407953,dinoflagellate,s. zambalensis
14,0.0304015798151019,0.0244341063183645,0.0206602563273847,0.0193014051498943,0.0222718062757051,0.0203803365221832,0.0162883241155425,0.0292478829943343,dinoflagellate,s. zambalensis
14,0.031121891544763,0.024786436102684,0.0209963945505857,0.0200318411198186,0.0234780491411325,0.0213541456646217,0.0166876054145185,0.0296958113332907,dinoflagellate,s. zambalensis
14,0.032126828929988,0.0258147742520961,0.0218260189128891,0.0205634025941291,0.0234119159488594,0.0225557282706225,0.0170507268099898,0.0308165107669608,dinoflagellate,s. zambalensis
14,0.032935881617207,0.0262264057888837,0.0217811567518714,0.0218935437851901,0.0242223490787343,0.0230322266969828,0.0177410209390192,0.0308165107669608,dinoflagellate,s. zambalensis
14,0.033833164660765,0.0263440459278346,0.0230605176948865,0.0225592784479512,0.0251162408780341,0.0233727217801187,0.0187955473180812,0.0310408014486234,dinoflagellate,s. zambalensis
14,0.0342273482678311,0.0275212091008496,0.0240042531595016,0.0230921854682901,0.0258451884095251,0.0233727217801187,0.0197783483799893,0.0310408014486234,dinoflagellate,s. zambalensis
14,0.0353011915241762,0.0277273552002646,0.0245214383345615,0.0237587188529611,0.0257954705583205,0.0235089522823388,0.0200697342862579,0.0317139754895277,dinoflagellate,s. zambalensis
14,0.0359153343755551,0.0279630027903856,0.0257817914002113,0.0247593526711518,0.0260440845366788,0.0227372247092532,0.020980862873079,0.0317139754895277,dinoflagellate,s. zambalensis
14,0.0365737633877761,0.0289356364936601,0.0265477814797939,0.0257609887603704,0.0267073574812198,0.0235997829286611,0.020980862873079,0.0322753002306208,dinoflagellate,s. zambalensis
14,0.0365737633877761,0.0289946144064488,0.0278783936448596,0.0257609887603704,0.0276532821930892,0.0245994649313043,0.021527938766148,0.0329493060975205,dinoflagellate,s. zambalensis
16,0.0086456390664762,0.0056479309441355,0.0066877066652207,0.0047382009114666,0.0071119305783237,0.0027228547703391,0.0034156275662682,0.0094057422405243,dinoflagellate,s. zambalensis
16,0.0089659431445502,0.0064260850290819,0.0070854879349681,0.0056544913087125,0.0073559421294145,0.0029675194141823,0.0035947780352259,0.0096252812095729,dinoflagellate,s. zambalensis
16,0.010162652337481,0.0065125839839402,0.0077709268084984,0.0058509485307843,0.007648834607426,0.0039022445172912,0.0043834216092242,0.010284187449094,dinoflagellate,s. zambalensis
16,0.0103551142466557,0.0071759913259423,0.0080585087989994,0.0063094988647173,0.0076813835121582,0.0038799790010087,0.0053880501605852,0.0103940473777955,dinoflagellate,s. zambalensis
16,0.0112537599198157,0.0079553358500832,0.008966040265194,0.0063094988647173,0.0084303008732021,0.0039467770371713,0.0056034590793475,0.0109435281323209,dinoflagellate,s. zambalensis
16,0.0119818269341393,0.0085619128967431,0.0100073954503074,0.0074239972919408,0.009098287245051,0.0042140138105414,0.0065014960310563,0.0118233258356124,dinoflagellate,s. zambalensis
16,0.0119389847860273,0.0085041277995037,0.0102734472432922,0.0075551964524544,0.0092612784601854,0.005105319186184,0.0077960876963289,0.0122635151241111,dinoflagellate,s. zambalensis
16,0.0123889189104078,0.0096315399301951,0.0115825657723344,0.0088681356550418,0.0101418903792613,0.0058412446456213,0.0086600808381305,0.0124836824521692,dinoflagellate,s. zambalensis
16,0.0135039135581608,0.0108760591420952,0.0117824125571318,0.0097882198419272,0.0111049277754682,0.0059304845448396,0.0086960967571707,0.0136954699868495,dinoflagellate,s. zambalensis
16,0.013825777798604,0.0120641379268566,0.0127600166165048,0.0105775377806907,0.0118400717742697,0.0061089882381086,0.0089122195157383,0.0140262125068151,dinoflagellate,s. zambalensis
18,0.0156301345196144,0.0115133893296636,0.0106504751589128,0.0093937943832244,0.0113172472026767,0.0074487825568287,0.0064296233893464,0.0145776932465404,dinoflagellate,s. zambalensis
18,0.0164044280155192,0.0115713485843238,0.0119600876786402,0.0095252522511671,0.0118237293681768,0.0083206124487506,0.0070766632048678,0.014908727732322,dinoflagellate,s. zambalensis
18,0.0172223887559606,0.0117742324340163,0.0132714175326077,0.0097224714609574,0.0118891005950546,0.0094170669830156,0.0078680586201068,0.0154606955114186,dinoflagellate,s. zambalensis
18,0.0181056763665745,0.0126732131664757,0.0134271132145914,0.0109066042221741,0.0125757566073855,0.0102906153245064,0.0081559941245435,0.0163444781584263,dinoflagellate,s. zambalensis
18,0.0187093458327648,0.013543964680002,0.014050138467266,0.0114333358645869,0.0129519824127344,0.0104250751324314,0.0086960967571707,0.0173396681559719,dinoflagellate,s. zambalensis
18,0.0195507789075775,0.014153942187841,0.0135605859529827,0.012487632219493,0.0126902451300362,0.0116360276720414,0.0098853503704972,0.0176716183664889,dinoflagellate,s. zambalensis
18,0.020717010169492,0.015229570589293,0.0135383392593965,0.0128832800980467,0.0139996171459729,0.0119277724199001,0.0106428851721585,0.0178929797398334,dinoflagellate,s. zambalensis
18,0.0216466495147845,0.0162772396217365,0.0146512806554923,0.0131471323423216,0.0139504847423241,0.0130281913638258,0.0107872426014035,0.0180036788045392,dinoflagellate,s. zambalensis
18,0.0218413346122552,0.0166849630743954,0.0147180965443356,0.0134110542229772,0.0149335917671557,0.0137924596142129,0.0107872426014035,0.0180036788045392,dinoflagellate,s. zambalensis
18,0.02205769584982,0.0174426050956592,0.015475655458487,0.0134770455781336,0.0160325380375931,0.0140173556007675,0.011473225117698,0.0180036788045392,dinoflagellate,s. zambalensis
20,0.0227503665558992,0.0168888871570795,0.01011824176201,0.0082114505775948,0.0131319665418927,0.013567614194491,0.0067530909645426,0.0146880258996011,dinoflagellate,s. zambalensis
20,0.0224905588121671,0.0164519578889759,0.0112939686851619,0.008999524434629,0.0124285763358177,0.0131630197948519,0.0063936890055274,0.0151294782850951,dinoflagellate,s. zambalensis
20,0.0230535609274694,0.01767584124832,0.0125377499400324,0.0100512566028309,0.0127556730285156,0.0142423021769043,0.0070407055629661,0.0153502775794343,dinoflagellate,s. zambalensis
20,0.0232485201491164,0.017646683754113,0.0130268018559707,0.0101828009334599,0.0135247716665035,0.0150074992524786,0.007256470811214,0.015681567958479,dinoflagellate,s. zambalensis
20,0.0234001813815464,0.0188720310891337,0.0137830801134288,0.0104459415178348,0.0136229970611211,0.0150074992524786,0.0073643708958404,0.0170078280998324,dinoflagellate,s. zambalensis
20,0.0241154657375625,0.0197774182039462,0.0150968042644745,0.0114991968321082,0.014441917442317,0.0152326686934335,0.0076881410218812,0.0172290425681605,dinoflagellate,s. zambalensis
20,0.0247444716037178,0.0210638928565513,0.0151190856561711,0.0114991968321082,0.0151467257390583,0.0163592770458486,0.0078320725107411,0.0185573580169565,dinoflagellate,s. zambalensis
20,0.0255910003439959,0.0211809272062663,0.0155648177785496,0.0114991968321082,0.015917666242595,0.0163367324357002,0.0080840024755438,0.019333024297744,dinoflagellate,s. zambalensis
20,0.0268295251370042,0.0221176954246531,0.0168139257211188,0.0118285667504377,0.0160489493712605,0.0171035344579365,0.0086600808381305,0.0198874402347704,dinoflagellate,s. zambalensis
20,0.0281131246127048,0.0234071862545249,0.0171264466514033,0.0122898669662033,0.0160653609742641,0.0184129670738054,0.008840173406197,0.0203311944022477,dinoflagellate,s. zambalensis
25,-0.0023741656386674,-0.0153058410889518,-0.011115748255351,-0.0249742932061135,-0.0128405827887775,-0.0174438238763607,-0.0206546269663308,-0.0306125049293446,dinoflagellate,s. zambalensis
25,-0.0019728772864848,-0.014713215032748,-0.0098995465634695,-0.024847276820829,-0.0116919458710135,-0.0170514276383296,-0.0201298670319533,-0.0295574299211517,dinoflagellate,s. zambalensis
25,-0.0014234847739867,-0.0146002940490863,-0.0087471345247752,-0.0246567219880994,-0.0106698264815401,-0.0162007072013624,-0.0189393907008784,-0.0285012405538499,dinoflagellate,s. zambalensis
25,-0.0003872700368058,-0.0139790006091632,-0.0077458501852269,-0.0240212768374042,-0.0104780627338887,-0.0162225295889506,-0.0187642010576421,-0.0273381423524156,dinoflagellate,s. zambalensis
25,-0.0003872700368058,-0.0139790006091632,-0.006830757631664,-0.0227491738799512,-0.0095986747312282,-0.0160042842803585,-0.0181332640953538,-0.0268090138147515,dinoflagellate,s. zambalensis
25,-4.868152441875012e-05,-0.0138094899295844,-0.0058275516504206,-0.0215391753244247,-0.009550685864636,-0.0147593756858702,-0.0170808170590756,-0.0263855093086864,dinoflagellate,s. zambalensis
25,0.0010737124689524,-0.0134986457024259,-0.0051509099500252,-0.0211567661419443,-0.0093747069816478,-0.014715666526609,-0.0160975328107268,-0.0254319678898241,dinoflagellate,s. zambalensis
25,0.0017095886217076,-0.012735254512208,-0.0044519605298748,-0.0206466596461545,-0.0091026786890281,-0.0145845275847123,-0.0152891111220877,-0.0250078796731203,dinoflagellate,s. zambalensis
25,0.0029613258355035,-0.0116032323168894,-0.003861841724023,-0.0203277108985139,-0.0088465844449472,-0.0146063852693287,-0.0145504157651421,-0.0238407088684343,dinoflagellate,s. zambalensis
25,0.0037258681030843,-0.0108950671431826,-0.0030744745515493,-0.0191147770462101,-0.0081740248500334,-0.0136879509165553,-0.0143392596848221,-0.0236283495556803,dinoflagellate,s. zambalensis
30,0.0080266752774391,-0.0043563089490923,-0.0027681087045681,-0.0127065526174414,-0.0047240579335947,-0.0081595600290556,-0.0101420927791161,-0.0114487118141758,dinoflagellate,s. zambalensis
30,0.0079626664015199,-0.0038142339297558,-0.0016074441486344,-0.0124493675070416,-0.0044668397468509,-0.0078515292235398,-0.0093995841265992,-0.0112337042880841,dinoflagellate,s. zambalensis
30,0.0090727339734555,-0.0030434109667444,-0.0014321324220223,-0.0123850608930842,-0.0039522048046466,-0.00787353457084,-0.0084441193264841,-0.010265597935917,dinoflagellate,s. zambalensis
30,0.0090086581076084,-0.0024148933904159,-0.0012567899558196,-0.0110980594284367,-0.0031958542403513,-0.0074993777947878,-0.007133294204773,-0.0091888238467383,dinoflagellate,s. zambalensis
30,0.0097778396082583,-0.0018145760618088,-0.0008182992338347,-0.0109692681345502,-0.0024228202044643,-0.006992942756275,-0.0063175900827969,-0.0086500016988887,dinoflagellate,s. zambalensis
30,0.0103551142466557,-0.0012425100297894,-0.0003576769469261,-0.0107760500873835,-0.0012460175860855,-0.0059131599300895,-0.0058207485650174,-0.0082187348458432,dinoflagellate,s. zambalensis
30,0.0105262226014385,-0.0006414882747444,0.000937588928284,-0.0096804420765238,-0.0004230453189833,-0.0052294293815021,-0.0058562454324225,-0.0081108890652048,dinoflagellate,s. zambalensis
30,0.0105690042652239,-0.0002692460839528,0.0013111126898362,-0.0094224774162514,0.0005460252567333,-0.0045010731168907,-0.0055012200443786,-0.0078951626055179,dinoflagellate,s. zambalensis
30,0.0112537599198157,0.0006189679480529,0.0015528789030868,-0.0090354056095995,0.0014351656782415,-0.0041035641677051,-0.0050039726535611,-0.0072477038583937,dinoflagellate,s. zambalensis
30,0.0118747250051311,0.0015940461749556,0.0026085432998783,-0.0077440831161084,0.0022603483573981,-0.0037279939040365,-0.0043642910510241,-0.0070317910863144,dinoflagellate,s. zambalensis
35,0.0226421051260929,-0.0052116190511276,-0.0027462218377817,-0.0125136699859243,-0.0027449903453008,-0.003750090177501,-0.0074168614830095,-0.0113412138296595,dinoflagellate,s. zambalensis
35,0.0230535609274694,-0.0050976199629968,-0.0023083838746147,-0.0125779683302641,-0.0020844298115224,-0.0026004360525117,-0.0072750878951914,-0.0109111062961472,dinoflagellate,s. zambalensis
35,0.0238986588682717,-0.0040425118591249,-0.0014102162950393,-0.0125136699859243,-0.0020521961821741,-0.0014937515659441,-0.0062111448221717,-0.009942687433138,dinoflagellate,s. zambalensis
35,0.0249614619484989,-0.0032718649057129,-0.0013882996877293,-0.0124493675070416,-0.0016169404625714,-0.0004301809709045,-0.0053591745895942,-0.0095119778324233,dinoflagellate,s. zambalensis
35,0.025525857300707,-0.0022148276538639,-0.0008840851008613,-0.0122564352578178,-0.0009879031108833,-0.0004301809709045,-0.00457756372094,-0.0091888238467383,dinoflagellate,s. zambalensis
35,0.0257864549394299,-0.0010994423728505,0.0001470576940711,-0.0117417672073424,-0.0003746140872868,0.0006123291327195,-0.0046131047441698,-0.0089733298258635,dinoflagellate,s. zambalensis
35,0.02659039210181,-0.0005555985284959,0.0009595570525365,-0.0116774150724382,0.0003521359992063,0.0012783298233377,-0.0038309102934237,-0.0085422024210394,dinoflagellate,s. zambalensis
35,0.0278519200227257,-0.000584229263592,0.0020805717980743,-0.0109048662668737,0.0003036695581683,0.0014337938281814,-0.0035463241864196,-0.0074635700222109,dinoflagellate,s. zambalensis
35,0.0290278783463963,-0.0003551604274053,0.0031367937028473,-0.0101961718455618,0.0015645610784156,0.0016781432490674,-0.0023715496613929,-0.0069238172158861,dinoflagellate,s. zambalensis
35,0.0300743368342705,-0.0002406063291072,0.003445068686572,-0.0090999279827548,0.0026327124690385,0.0023893176056482,-0.001159730715648,-0.006599825636833,dinoflagellate,s. zambalensis
40,0.0253521632623182,0.01706371233235,0.0161445667189077,0.008474072862605,0.0088864383739835,0.0059304845448396,0.0056393650774482,0.0133648368213311,dinoflagellate,s. zambalensis
40,0.0265034488105169,0.018288345095618,0.0172604140975142,0.0089338278869591,0.0090330981967881,0.0065777120902258,0.0063936890055274,0.0141364843269631,dinoflagellate,s. zambalensis
40,0.0276343016374657,0.0186385158074165,0.0175730746177379,0.0101170266051565,0.0099624435643684,0.0067786610163834,0.007652161386351,0.0142467683083267,dinoflagellate,s. zambalensis
40,0.028309072839456,0.0198650798301256,0.0184445733153705,0.0110382611244774,0.0102887344555904,0.0072700395664294,0.0077601041767771,0.0154606955114186,dinoflagellate,s. zambalensis
40,0.0283308472349453,0.0210053808176825,0.0185116431462677,0.0113016269411169,0.0115949637212431,0.0083877077800589,0.0078320725107411,0.0154606955114186,dinoflagellate,s. zambalensis
40,0.0293765761814647,0.0219127023790565,0.0193839605461593,0.0119603450994458,0.0122814177230944,0.0084548076134528,0.0089482445170932,0.0163444781584263,dinoflagellate,s. zambalensis
40,0.0299652796336607,0.022967400276609,0.0197420545944341,0.0120262407865969,0.0131974233486057,0.0097529568143099,0.0089482445170932,0.0172290425681605,dinoflagellate,s. zambalensis
40,0.0301615911588683,0.0238471657292474,0.0202122477181261,0.0121580451890548,0.0135084017053818,0.0108285630668917,0.0101377982143106,0.0183358495433516,dinoflagellate,s. zambalensis
40,0.0308162413808257,0.0236711507088446,0.0203466292274329,0.0120262407865969,0.0134265559191663,0.0113892331944979,0.010173867395003,0.018225113703584,dinoflagellate,s. zambalensis
40,0.0320831149939783,0.0241405929613997,0.0203466292274329,0.0122898669662033,0.0140159951503136,0.0122645067733531,0.0104263880940235,0.0184465976469035,dinoflagellate,s. zambalensis
45,0.0305543298617694,0.0087930866826655,0.0073949827976132,-0.0011322744957777,0.0059902437039356,0.0032344945870772,-0.0014093429265469,0.0037145809891695,dinoflagellate,s. zambalensis
45,0.0308817299803753,0.0093134231786654,0.0087003360367194,-0.0002213498443312,0.0063802529715993,0.003412517641533,-0.0003748293231808,0.0048065225696035,dinoflagellate,s. zambalensis
45,0.0318645739729588,0.0099208248199697,0.0096306098700882,0.0008858896604593,0.0073559421294145,0.003835449455648,0.0003749698728862,0.0050250540390046,dinoflagellate,s. zambalensis
45,0.031886425925978,0.010615450184359,0.010694840731236,0.0022553508937563,0.0077302088557763,0.0049269945457043,0.0014470877655883,0.0061184283005641,dinoflagellate,s. zambalensis
45,0.0324110161019429,0.0116003294714309,0.0117157925244632,0.0029734368990883,0.0086909253961869,0.0059081738234213,0.0016258858851085,0.0072129993380426,dinoflagellate,s. zambalensis
45,0.0333297116190154,0.0115713485843238,0.0120267239887902,0.0036266901232596,0.0093753881196919,0.0063768035364264,0.0028067559298292,0.0076511634375055,dinoflagellate,s. zambalensis
45,0.0339864398228249,0.0128763207126193,0.0127377877256145,0.0040188469910304,0.0105172014431046,0.0070243201097967,0.0037022837241721,0.0087474143694801,dinoflagellate,s. zambalensis
45,0.034884666433479,0.0141829980186217,0.0138720916404804,0.0044111577061445,0.0108110214315068,0.0076499066175311,0.0040965701604504,0.0095155057003787,dinoflagellate,s. zambalensis
45,0.0360689290395395,0.0145026678895528,0.0151636499290009,0.0053926083688892,0.0116766597304384,0.0076946063471051,0.0048138531234562,0.0097350687707526,dinoflagellate,s. zambalensis
45,0.0358714545185964,0.0142411122130301,0.0151413675443391,0.0049344781864597,0.0113989205257646,0.0084548076134528,0.0059266594843658,0.0099546800596554,dinoflagellate,s. zambalensis
50,0.0376940886189099,0.0149969042317984,0.0132491772710613,0.0060474443558803,0.0103050517952116,0.0084324405020524,0.008119997652194,0.0136954699868495,dinoflagellate,s. zambalensis
50,0.0378699398492227,0.0161607777337578,0.0144508597709654,0.0067027094340409,0.0114152559908764,0.0086113914028768,0.008732113973404,0.0145776932465404,dinoflagellate,s. zambalensis
50,0.0387496601549187,0.0165975797674641,0.0151859328101783,0.0076864128284462,0.0118727573876997,0.0092603569969106,0.0096690172165978,0.0146880258996011,dinoflagellate,s. zambalensis
50,0.0390137272294897,0.0165393284713563,0.0163453273794154,0.0088681356550418,0.0119217878110874,0.0094842359241225,0.009993534499991,0.0152398718382236,dinoflagellate,s. zambalensis
50,0.0391677985648225,0.0168888871570795,0.0167469696554323,0.0092623537941815,0.0130665140194928,0.0098201483213287,0.0100295984774911,0.0154606955114186,dinoflagellate,s. zambalensis
50,0.03936592516837,0.0173551555612723,0.0167692878458743,0.0092623537941815,0.0131810587452424,0.0103130240370147,0.0113287686349623,0.0157920224789424,dinoflagellate,s. zambalensis
50,0.0401367908887038,0.0186093302309263,0.0167246519630809,0.0105117374845656,0.0136066254919877,0.0115238408134925,0.0123404025098066,0.0163444781584263,dinoflagellate,s. zambalensis
50,0.0409082513014542,0.0190472033422968,0.0170148208210703,0.011235778984026,0.0146877243867814,0.012286959762408,0.0132445126558365,0.0174503059831579,dinoflagellate,s. zambalensis
50,0.0413714133833767,0.0201573407627646,0.0171487733127868,0.0114333358645869,0.0156387468074855,0.013140547127233,0.0140770165497239,0.0181143901248847,dinoflagellate,s. zambalensis
50,0.0418347900838203,0.0205374077175949,0.0181986890808993,0.0128173279133568,0.0160489493712605,0.0137250006798136,0.014221870609512,0.0186681306562278,dinoflagellate,s. zambalensis
60,0.0511699798874638,0.0234365121977226,0.0197644397307046,0.0185715023272699,0.0171162641908508,0.0174420164821315,0.0123765512256274,0.032163010072735,dinoflagellate,s. zambalensis
60,0.0520614839137021,0.0227036214975478,0.0210188077833594,0.0187041723108806,0.0165249952448074,0.0171712216977897,0.0120873980808794,0.0332864794640191,dinoflagellate,s. zambalensis
60,0.053333251954011,0.0233485369480361,0.021646582343235,0.0195005620529989,0.0169519877460807,0.0178257679964516,0.0120873980808794,0.0346363109400646,dinoflagellate,s. zambalensis
60,0.0545395786126766,0.024111246363402,0.0224991929537937,0.0204969419554179,0.0179544940957062,0.0180741562963818,0.0127381102721578,0.0347488791846818,dinoflagellate,s. zambalensis
60,0.0552327575364892,0.0241699404206456,0.0225216398948378,0.0218269946885695,0.0192213896311161,0.0191135399902883,0.0131359762689063,0.0348614601023352,dinoflagellate,s. zambalensis
60,0.0556802248788399,0.024111246363402,0.0230380586545605,0.0229589320867883,0.0199790028564112,0.0204029724794021,0.0136787760434017,0.0351992789220559,dinoflagellate,s. zambalensis
60,0.0557249826275327,0.0249626475568846,0.0242965423480069,0.0242922656176525,0.0202591356741548,0.0206520018321942,0.0136787760434017,0.035875259119045,dinoflagellate,s. zambalensis
60,0.0563518015421682,0.0254620820311817,0.024566423601894,0.0251598867219003,0.0205558324522262,0.0207878621679781,0.0149102140838428,0.0359879669241799,dinoflagellate,s. zambalensis
60,0.0570014213134539,0.0257853784821452,0.0255566118185442,0.0262956051858276,0.021330955974803,0.0212182083768143,0.0153089453985954,0.0367772774460744,dinoflagellate,s. zambalensis
60,0.0572927672215444,0.027050177533026,0.0255566118185442,0.0263624523398349,0.0221727277063186,0.0221701576780776,0.0164334988699077,0.0381318323433336,dinoflagellate,s. zambalensis
70,0.0683139630826737,0.0478381028849927,0.0425644810049157,0.0413820982192077,0.0346844179755666,0.0331832086226958,0.0356729658348469,0.0577514875625747,dinoflagellate,s. zambalensis
70,0.0690847983434775,0.0490408573373506,0.0426560917509203,0.0417214608993577,0.0346509781922532,0.033435441457869,0.0364873282711172,0.0579819023101379,dinoflagellate,s. zambalensis
70,0.0702875807735409,0.0500342199512069,0.0435038892468514,0.0419930339881337,0.0356379221754771,0.0340089346203441,0.0371170628773219,0.0589040925772223,dinoflagellate,s. zambalensis
70,0.0697200503102993,0.0505162057419571,0.0431830164701532,0.0413142395010329,0.0356379221754771,0.0344909231767091,0.0369688543476499,0.0583276240076177,dinoflagellate,s. zambalensis
70,0.0701967542521341,0.0514205557267226,0.0437102189854302,0.0419930339881337,0.0360731560368456,0.0345597976530035,0.0375247496312963,0.0589040925772223,dinoflagellate,s. zambalensis
70,0.0700151259539461,0.0522049878079785,0.0450638803867974,0.0431480431188127,0.0365588327699167,0.0342843282054141,0.0387488080938188,0.0589040925772223,dinoflagellate,s. zambalensis
70,0.070219460109111,0.0521748059623561,0.0457758612163592,0.0434880057262004,0.0371955940227273,0.0350650221441725,0.0398257341313916,0.059480893654528,dinoflagellate,s. zambalensis
70,0.0701967542521341,0.0521748059623561,0.0463733975459604,0.0439641476254793,0.0375979680347954,0.0360762375272709,0.0403460448429479,0.0598271340642425,dinoflagellate,s. zambalensis
70,0.0701740489107017,0.0528994217967253,0.0470403018699112,0.0449852157513585,0.0380005040168837,0.0363752015043387,0.0409410173430218,0.060173494397902,dinoflagellate,s. zambalensis
70,0.0712644872386105,0.0540780435502947,0.0480299793848942,0.0462800671947551,0.0389907609771529,0.0376180094893922,0.0413130549975233,0.0605199747386091,dinoflagellate,s. zambalensis
80,0.0672946527276994,0.048108596537555,0.0377438733215243,0.0348885689086596,0.0344503629715722,0.0334813088094961,0.0297701965376851,0.0543016221354907,dinoflagellate,s. zambalensis
80,0.0676796034247983,0.0492514881774932,0.0377438733215243,0.0352257346962697,0.0345172302400693,0.0338712662631985,0.0306533937688647,0.0553353326737573,dinoflagellate,s. zambalensis
80,0.067792852425497,0.0491913034102395,0.0384734675171351,0.036575535805577,0.035303255751109,0.0339630430620883,0.0312426255749678,0.0561400691659994,dinoflagellate,s. zambalensis
80,0.0678155037647583,0.0494320642155436,0.0388840982974002,0.0366430737112523,0.0355709799298745,0.0349961128632136,0.0318690650242885,0.0568303591151767,dinoflagellate,s. zambalensis
80,0.0678608079825887,0.0507572857816976,0.0388840982974002,0.0378595366577734,0.0355207761863381,0.0357084045193072,0.032938603565086,0.0578666882999869,dinoflagellate,s. zambalensis
80,0.0686086240546936,0.0516920202796437,0.0397058660573049,0.0390097786736961,0.0361066434121083,0.0364442058861442,0.033676883406667,0.0580971295960867,dinoflagellate,s. zambalensis
80,0.0693116277233912,0.0523860980140335,0.0401398492301378,0.0399580312508464,0.036525330248849,0.0373416964249341,0.0340092872434519,0.0587887722749553,dinoflagellate,s. zambalensis
80,0.069243573506839,0.0533827908886417,0.0412141964390229,0.0407037181646999,0.0375476624282249,0.0380095837380238,0.0343787544759116,0.0593655068200379,dinoflagellate,s. zambalensis
80,0.0701286397743755,0.0533525734743436,0.0424728786506711,0.0415857020069416,0.0384199847059494,0.0392544258730047,0.03548797591627,0.0606354948681199,dinoflagellate,s. zambalensis
80,0.0701740489107017,0.0535338916580321,0.0435038892468514,0.0420609387856338,0.0395282599402909,0.0394389787940787,0.0365613941156869,0.0615601366353386,dinoflagellate,s. zambalensis
90,0.1006732836841951,0.0871249299525726,0.0696543308710714,0.0789971521649351,0.0595701671931437,0.0595974279698583,0.0620292497261344,0.1096451840556201,dinoflagellate,s. zambalensis
90,0.101610051902582,0.0874062634753171,0.0705724424508004,0.0789971521649351,0.0597758861817318,0.0602803513794616,0.0625992560116366,0.1101306209583567,dinoflagellate,s. zambalensis
90,0.1029464646543843,0.0884384974148577,0.0715856973239421,0.0791380865602076,0.0602903688807377,0.0608694530165278,0.0629033922670225,0.1106162936245328,dinoflagellate,s. zambalensis
90,0.1041906984960735,0.0887828123098784,0.0725763802685133,0.0796315134196883,0.0609595923491264,0.0617891451024355,0.0632456561558194,0.1118315082594363,dinoflagellate,s. zambalensis
90,0.105577612365383,0.0899104906651902,0.0739697137485426,0.0802662773440946,0.0610969243322444,0.0624971765686099,0.0636260868079005,0.1128047443459887,dinoflagellate,s. zambalensis
90,0.1067073698230855,0.0913218792351423,0.0748681439205698,0.0803368315473906,0.0623509506937051,0.0637728978784351,0.0640447277532928,0.1130482014378788,dinoflagellate,s. zambalensis
90,0.1075555263116732,0.0919498030258286,0.0751047071313627,0.0802662773440946,0.0636237625754078,0.0643167552593343,0.0646539730695255,0.1142663767621115,dinoflagellate,s. zambalensis
90,0.1084987668843541,0.0921696695363334,0.0759331193492968,0.0814663763197988,0.0636581853908532,0.0650739187718342,0.0654160520577873,0.1145101900023781,dinoflagellate,s. zambalensis
90,0.1096554504007463,0.0924210047560039,0.0766674294269434,0.0828801038472634,0.0637614609473422,0.0655237560093695,0.0654160520577873,0.1158522264387807,dinoflagellate,s. zambalensis
90,0.1101988452140653,0.0930181791958274,0.0768333160319805,0.0842249987588785,0.0647948035578923,0.0658553445583919,0.0655685375719589,0.1165850061491475,dinoflagellate,s. zambalensis
100,0.1207231325483445,0.105259937716521,0.0888500549779065,0.1003624428503312,0.0803894583966262,0.0753282227261972,0.0833389194218435,0.1388218705235677,dinoflagellate,s. zambalensis
100,0.121439858574678,0.1065975601332323,0.0899780596095301,0.1018752479510059,0.0810197325867544,0.0759501876769938,0.0845038323792682,0.1394466752924098,dinoflagellate,s. zambalensis
100,0.1217505994551409,0.1080008005727008,0.0906987284213493,0.1021636609604317,0.0811423320457189,0.0772671588341179,0.0848535710503286,0.1404471756259933,dinoflagellate,s. zambalensis
100,0.1219657843356471,0.1093420967211619,0.0919731806395853,0.1031737620564169,0.0815277425126318,0.0781780803660873,0.0849701777942176,0.1411982083312162,dinoflagellate,s. zambalensis
100,0.122372371045863,0.1097895955299723,0.0931047156753921,0.1037514211092337,0.0818782446104701,0.07916184827622,0.0860980778807308,0.1418245000783739,dinoflagellate,s. zambalensis
100,0.1230184663793616,0.1105891989692907,0.0942375325332996,0.1042571466555396,0.0828778501126183,0.0804590211021816,0.0864873041039227,0.1419498055105283,dinoflagellate,s. zambalensis
100,0.1238805766870799,0.1107811989698806,0.0946717173581248,0.1046908293511695,0.0833341425688951,0.0810841864306772,0.0864483746635284,0.1422004634890308,dinoflagellate,s. zambalensis
100,0.123976412616043,0.1112613603133141,0.0960962018270622,0.1053417062499386,0.0838960192517489,0.082335690805819,0.0869156280012095,0.1429528146216974,dinoflagellate,s. zambalensis
100,0.1245516211449886,0.1117417523224245,0.096217014169398,0.1058482368877813,0.0839662760403399,0.0832994534093302,0.0880457257385348,0.144082403696938,dinoflagellate,s. zambalensis
100,0.1256550298299445,0.1119660142613081,0.0972082263094945,0.1068620685337487,0.084493359349273,0.0835887634070084,0.0880457257385348,0.1447105049675088,dinoflagellate,s. zambalensis
