percent,450nm,475nm,515nm,550nm,555nm,600nm,640nm,690nm,group,species
2,0.0008570000063627,0.0006409999914467,0.000555999984499,0.0002579999854788,0.0002629999944474,0.0002979999990202,5.999999848427251e-05,1.1000000085914508e-05,0,SP012-ORA2
2,0.0008570000063627,0.0006409999914467,0.000555999984499,0.0002579999854788,0.0002629999944474,0.0002979999990202,5.999999848427251e-05,1.1000000085914508e-05,0,SP012-ORA2
2,0.0008570000063627,0.0006409999914467,0.000555999984499,0.0002579999854788,0.0002629999944474,0.0002979999990202,5.999999848427251e-05,1.1000000085914508e-05,0,SP012-ORA2
2,0.0008570000063627,0.0006409999914467,0.000555999984499,0.0002579999854788,0.0002629999944474,0.0002979999990202,5.999999848427251e-05,1.1000000085914508e-05,0,SP012-ORA2
2,0.0008570000063627,0.0006409999914467,0.000555999984499,0.0002579999854788,0.0002629999944474,0.0002979999990202,5.999999848427251e-05,1.1000000085914508e-05,0,SP012-ORA2
2,0.0008570000063627,0.0006409999914467,0.000555999984499,0.0002579999854788,0.0002629999944474,0.0002979999990202,5.999999848427251e-05,1.1000000085914508e-05,0,SP012-ORA2
2,0.0008570000063627,0.0006409999914467,0.000555999984499,0.0002579999854788,0.0002629999944474,0.0002979999990202,5.999999848427251e-05,1.1000000085914508e-05,0,SP012-ORA2
2,0.0008570000063627,0.0006409999914467,0.000555999984499,0.0002579999854788,0.0002629999944474,0.0002979999990202,5.999999848427251e-05,1.1000000085914508e-05,0,SP012-ORA2
2,0.0008570000063627,0.0006409999914467,0.000555999984499,0.0002579999854788,0.0002629999944474,0.0002979999990202,5.999999848427251e-05,1.1000000085914508e-05,0,SP012-ORA2
2,0.0008570000063627,0.0006409999914467,0.000555999984499,0.0002579999854788,0.0002629999944474,0.0002979999990202,5.999999848427251e-05,1.1000000085914508e-05,0,SP012-ORA2
4,0.000253000005614,5.199999941396527e-05,-0.0002809999859891,-0.0002559999993536,-0.000213999999687,-0.0001320000010309,-0.0001069999998435,-0.0001150000025518,0,SP012-ORA2
4,0.000253000005614,5.199999941396527e-05,-0.0002809999859891,-0.0002559999993536,-0.000213999999687,-0.0001320000010309,-0.0001069999998435,-0.0001150000025518,0,SP012-ORA2
4,0.000253000005614,5.199999941396527e-05,-0.0002809999859891,-0.0002559999993536,-0.000213999999687,-0.0001320000010309,-0.0001069999998435,-0.0001150000025518,0,SP012-ORA2
4,0.000253000005614,5.199999941396527e-05,-0.0002809999859891,-0.0002559999993536,-0.000213999999687,-0.0001320000010309,-0.0001069999998435,-0.0001150000025518,0,SP012-ORA2
4,0.000253000005614,5.199999941396527e-05,-0.0002809999859891,-0.0002559999993536,-0.000213999999687,-0.0001320000010309,-0.0001069999998435,-0.0001150000025518,0,SP012-ORA2
4,0.000253000005614,5.199999941396527e-05,-0.0002809999859891,-0.0002559999993536,-0.000213999999687,-0.0001320000010309,-0.0001069999998435,-0.0001150000025518,0,SP012-ORA2
4,0.000253000005614,5.199999941396527e-05,-0.0002809999859891,-0.0002559999993536,-0.000213999999687,-0.0001320000010309,-0.0001069999998435,-0.0001150000025518,0,SP012-ORA2
4,0.000253000005614,5.199999941396527e-05,-0.0002809999859891,-0.0002559999993536,-0.000213999999687,-0.0001320000010309,-0.0001069999998435,-0.0001150000025518,0,SP012-ORA2
4,0.000253000005614,5.199999941396527e-05,-0.0002809999859891,-0.0002559999993536,-0.000213999999687,-0.0001320000010309,-0.0001069999998435,-0.0001150000025518,0,SP012-ORA2
4,0.000253000005614,5.199999941396527e-05,-0.0002809999859891,-0.0002559999993536,-0.000213999999687,-0.0001320000010309,-0.0001069999998435,-0.0001150000025518,0,SP012-ORA2
6,0.0041649998165667,0.0037950000260025,0.0029460000805556,0.0029329999815672,0.0030259999912232,0.0036959999706596,0.0035629998892545,0.0037710000760853,0,SP012-ORA2
6,0.0041649998165667,0.0037950000260025,0.0029460000805556,0.0029329999815672,0.0030259999912232,0.0036959999706596,0.0035629998892545,0.0037710000760853,0,SP012-ORA2
6,0.0041649998165667,0.0037950000260025,0.0029460000805556,0.0029329999815672,0.0030259999912232,0.0036959999706596,0.0035629998892545,0.0037710000760853,0,SP012-ORA2
6,0.0041649998165667,0.0037950000260025,0.0029460000805556,0.0029329999815672,0.0030259999912232,0.0036959999706596,0.0035629998892545,0.0037710000760853,0,SP012-ORA2
6,0.0041649998165667,0.0037950000260025,0.0029460000805556,0.0029329999815672,0.0030259999912232,0.0036959999706596,0.0035629998892545,0.0037710000760853,0,SP012-ORA2
6,0.0041649998165667,0.0037950000260025,0.0029460000805556,0.0029329999815672,0.0030259999912232,0.0036959999706596,0.0035629998892545,0.0037710000760853,0,SP012-ORA2
6,0.0041649998165667,0.0037950000260025,0.0029460000805556,0.0029329999815672,0.0030259999912232,0.0036959999706596,0.0035629998892545,0.0037710000760853,0,SP012-ORA2
6,0.0041649998165667,0.0037950000260025,0.0029460000805556,0.0029329999815672,0.0030259999912232,0.0036959999706596,0.0035629998892545,0.0037710000760853,0,SP012-ORA2
6,0.0041649998165667,0.0037950000260025,0.0029460000805556,0.0029329999815672,0.0030259999912232,0.0036959999706596,0.0035629998892545,0.0037710000760853,0,SP012-ORA2
6,0.0041649998165667,0.0037950000260025,0.0029460000805556,0.0029329999815672,0.0030259999912232,0.0036959999706596,0.0035629998892545,0.0037710000760853,0,SP012-ORA2
8,0.0104430001229047,0.0098559996113181,0.0088170003145933,0.0081000002101063,0.0081970002502202,0.0092829996719956,0.008980999700725,0.0091819996014237,0,SP012-ORA2
8,0.0104430001229047,0.0098559996113181,0.0088170003145933,0.0081000002101063,0.0081970002502202,0.0092829996719956,0.008980999700725,0.0091819996014237,0,SP012-ORA2
8,0.0104430001229047,0.0098559996113181,0.0088170003145933,0.0081000002101063,0.0081970002502202,0.0092829996719956,0.008980999700725,0.0091819996014237,0,SP012-ORA2
8,0.0104430001229047,0.0098559996113181,0.0088170003145933,0.0081000002101063,0.0081970002502202,0.0092829996719956,0.008980999700725,0.0091819996014237,0,SP012-ORA2
8,0.0104430001229047,0.0098559996113181,0.0088170003145933,0.0081000002101063,0.0081970002502202,0.0092829996719956,0.008980999700725,0.0091819996014237,0,SP012-ORA2
8,0.0104430001229047,0.0098559996113181,0.0088170003145933,0.0081000002101063,0.0081970002502202,0.0092829996719956,0.008980999700725,0.0091819996014237,0,SP012-ORA2
8,0.0104430001229047,0.0098559996113181,0.0088170003145933,0.0081000002101063,0.0081970002502202,0.0092829996719956,0.008980999700725,0.0091819996014237,0,SP012-ORA2
8,0.0104430001229047,0.0098559996113181,0.0088170003145933,0.0081000002101063,0.0081970002502202,0.0092829996719956,0.008980999700725,0.0091819996014237,0,SP012-ORA2
8,0.0104430001229047,0.0098559996113181,0.0088170003145933,0.0081000002101063,0.0081970002502202,0.0092829996719956,0.008980999700725,0.0091819996014237,0,SP012-ORA2
8,0.0104430001229047,0.0098559996113181,0.0088170003145933,0.0081000002101063,0.0081970002502202,0.0092829996719956,0.008980999700725,0.0091819996014237,0,SP012-ORA2
10,0.0207240004092454,0.0193920005112886,0.0169990006834268,0.0153989996761083,0.0153280002996325,0.0164689999073743,0.0161460004746913,0.0157130006700754,0,SP012-ORA2
10,0.0207240004092454,0.0193920005112886,0.0169990006834268,0.0153989996761083,0.0153280002996325,0.0164689999073743,0.0161460004746913,0.0157130006700754,0,SP012-ORA2
10,0.0207240004092454,0.0193920005112886,0.0169990006834268,0.0153989996761083,0.0153280002996325,0.0164689999073743,0.0161460004746913,0.0157130006700754,0,SP012-ORA2
10,0.0207240004092454,0.0193920005112886,0.0169990006834268,0.0153989996761083,0.0153280002996325,0.0164689999073743,0.0161460004746913,0.0157130006700754,0,SP012-ORA2
10,0.0207240004092454,0.0193920005112886,0.0169990006834268,0.0153989996761083,0.0153280002996325,0.0164689999073743,0.0161460004746913,0.0157130006700754,0,SP012-ORA2
10,0.0207240004092454,0.0193920005112886,0.0169990006834268,0.0153989996761083,0.0153280002996325,0.0164689999073743,0.0161460004746913,0.0157130006700754,0,SP012-ORA2
10,0.0207240004092454,0.0193920005112886,0.0169990006834268,0.0153989996761083,0.0153280002996325,0.0164689999073743,0.0161460004746913,0.0157130006700754,0,SP012-ORA2
10,0.0207240004092454,0.0193920005112886,0.0169990006834268,0.0153989996761083,0.0153280002996325,0.0164689999073743,0.0161460004746913,0.0157130006700754,0,SP012-ORA2
10,0.0207240004092454,0.0193920005112886,0.0169990006834268,0.0153989996761083,0.0153280002996325,0.0164689999073743,0.0161460004746913,0.0157130006700754,0,SP012-ORA2
10,0.0207240004092454,0.0193920005112886,0.0169990006834268,0.0153989996761083,0.0153280002996325,0.0164689999073743,0.0161460004746913,0.0157130006700754,0,SP012-ORA2
12,0.0086300000548362,0.0079969996586442,0.0064070001244544,0.0055869999341666,0.0056839999742805,0.006266999989748,0.0059989998117089,0.0063069998286664,0,SP012-ORA2
12,0.0086300000548362,0.0079969996586442,0.0064070001244544,0.0055869999341666,0.0056839999742805,0.006266999989748,0.0059989998117089,0.0063069998286664,0,SP012-ORA2
12,0.0086300000548362,0.0079969996586442,0.0064070001244544,0.0055869999341666,0.0056839999742805,0.006266999989748,0.0059989998117089,0.0063069998286664,0,SP012-ORA2
12,0.0086300000548362,0.0079969996586442,0.0064070001244544,0.0055869999341666,0.0056839999742805,0.006266999989748,0.0059989998117089,0.0063069998286664,0,SP012-ORA2
12,0.0086300000548362,0.0079969996586442,0.0064070001244544,0.0055869999341666,0.0056839999742805,0.006266999989748,0.0059989998117089,0.0063069998286664,0,SP012-ORA2
12,0.0086300000548362,0.0079969996586442,0.0064070001244544,0.0055869999341666,0.0056839999742805,0.006266999989748,0.0059989998117089,0.0063069998286664,0,SP012-ORA2
12,0.0086300000548362,0.0079969996586442,0.0064070001244544,0.0055869999341666,0.0056839999742805,0.006266999989748,0.0059989998117089,0.0063069998286664,0,SP012-ORA2
12,0.0086300000548362,0.0079969996586442,0.0064070001244544,0.0055869999341666,0.0056839999742805,0.006266999989748,0.0059989998117089,0.0063069998286664,0,SP012-ORA2
12,0.0086300000548362,0.0079969996586442,0.0064070001244544,0.0055869999341666,0.0056839999742805,0.006266999989748,0.0059989998117089,0.0063069998286664,0,SP012-ORA2
12,0.0086300000548362,0.0079969996586442,0.0064070001244544,0.0055869999341666,0.0056839999742805,0.006266999989748,0.0059989998117089,0.0063069998286664,0,SP012-ORA2
14,0.004226999823004,0.0040199998766183,0.0026239999569952,0.0020490000024437,0.0022390000522136,0.0032810000702738,0.0033219999168068,0.0036530001088976,0,SP012-ORA2
14,0.004226999823004,0.0040199998766183,0.0026239999569952,0.0020490000024437,0.0022390000522136,0.0032810000702738,0.0033219999168068,0.0036530001088976,0,SP012-ORA2
14,0.004226999823004,0.0040199998766183,0.0026239999569952,0.0020490000024437,0.0022390000522136,0.0032810000702738,0.0033219999168068,0.0036530001088976,0,SP012-ORA2
14,0.004226999823004,0.0040199998766183,0.0026239999569952,0.0020490000024437,0.0022390000522136,0.0032810000702738,0.0033219999168068,0.0036530001088976,0,SP012-ORA2
14,0.004226999823004,0.0040199998766183,0.0026239999569952,0.0020490000024437,0.0022390000522136,0.0032810000702738,0.0033219999168068,0.0036530001088976,0,SP012-ORA2
14,0.004226999823004,0.0040199998766183,0.0026239999569952,0.0020490000024437,0.0022390000522136,0.0032810000702738,0.0033219999168068,0.0036530001088976,0,SP012-ORA2
14,0.004226999823004,0.0040199998766183,0.0026239999569952,0.0020490000024437,0.0022390000522136,0.0032810000702738,0.0033219999168068,0.0036530001088976,0,SP012-ORA2
14,0.004226999823004,0.0040199998766183,0.0026239999569952,0.0020490000024437,0.0022390000522136,0.0032810000702738,0.0033219999168068,0.0036530001088976,0,SP012-ORA2
14,0.004226999823004,0.0040199998766183,0.0026239999569952,0.0020490000024437,0.0022390000522136,0.0032810000702738,0.0033219999168068,0.0036530001088976,0,SP012-ORA2
14,0.004226999823004,0.0040199998766183,0.0026239999569952,0.0020490000024437,0.0022390000522136,0.0032810000702738,0.0033219999168068,0.0036530001088976,0,SP012-ORA2
16,0.0143510000780224,0.0136940004304051,0.0109310001134872,0.009371000342071,0.0093580000102519,0.0103550003841519,0.0105720004066824,0.010580999776721,0,SP012-ORA2
16,0.0143510000780224,0.0136940004304051,0.0109310001134872,0.009371000342071,0.0093580000102519,0.0103550003841519,0.0105720004066824,0.010580999776721,0,SP012-ORA2
16,0.0143510000780224,0.0136940004304051,0.0109310001134872,0.009371000342071,0.0093580000102519,0.0103550003841519,0.0105720004066824,0.010580999776721,0,SP012-ORA2
16,0.0143510000780224,0.0136940004304051,0.0109310001134872,0.009371000342071,0.0093580000102519,0.0103550003841519,0.0105720004066824,0.010580999776721,0,SP012-ORA2
16,0.0143510000780224,0.0136940004304051,0.0109310001134872,0.009371000342071,0.0093580000102519,0.0103550003841519,0.0105720004066824,0.010580999776721,0,SP012-ORA2
16,0.0143510000780224,0.0136940004304051,0.0109310001134872,0.009371000342071,0.0093580000102519,0.0103550003841519,0.0105720004066824,0.010580999776721,0,SP012-ORA2
16,0.0143510000780224,0.0136940004304051,0.0109310001134872,0.009371000342071,0.0093580000102519,0.0103550003841519,0.0105720004066824,0.010580999776721,0,SP012-ORA2
16,0.0143510000780224,0.0136940004304051,0.0109310001134872,0.009371000342071,0.0093580000102519,0.0103550003841519,0.0105720004066824,0.010580999776721,0,SP012-ORA2
16,0.0143510000780224,0.0136940004304051,0.0109310001134872,0.009371000342071,0.0093580000102519,0.0103550003841519,0.0105720004066824,0.010580999776721,0,SP012-ORA2
16,0.0143510000780224,0.0136940004304051,0.0109310001134872,0.009371000342071,0.0093580000102519,0.0103550003841519,0.0105720004066824,0.010580999776721,0,SP012-ORA2
18,0.0144170001149177,0.0139049999415874,0.0117889996618032,0.0105210002511739,0.0105090001598,0.0114820003509521,0.0117119997739791,0.0125050004571676,0,SP012-ORA2
18,0.0144170001149177,0.0139049999415874,0.0117889996618032,0.0105210002511739,0.0105090001598,0.0114820003509521,0.0117119997739791,0.0125050004571676,0,SP012-ORA2
18,0.0144170001149177,0.0139049999415874,0.0117889996618032,0.0105210002511739,0.0105090001598,0.0114820003509521,0.0117119997739791,0.0125050004571676,0,SP012-ORA2
18,0.0144170001149177,0.0139049999415874,0.0117889996618032,0.0105210002511739,0.0105090001598,0.0114820003509521,0.0117119997739791,0.0125050004571676,0,SP012-ORA2
18,0.0144170001149177,0.0139049999415874,0.0117889996618032,0.0105210002511739,0.0105090001598,0.0114820003509521,0.0117119997739791,0.0125050004571676,0,SP012-ORA2
18,0.0144170001149177,0.0139049999415874,0.0117889996618032,0.0105210002511739,0.0105090001598,0.0114820003509521,0.0117119997739791,0.0125050004571676,0,SP012-ORA2
18,0.0144170001149177,0.0139049999415874,0.0117889996618032,0.0105210002511739,0.0105090001598,0.0114820003509521,0.0117119997739791,0.0125050004571676,0,SP012-ORA2
18,0.0144170001149177,0.0139049999415874,0.0117889996618032,0.0105210002511739,0.0105090001598,0.0114820003509521,0.0117119997739791,0.0125050004571676,0,SP012-ORA2
18,0.0144170001149177,0.0139049999415874,0.0117889996618032,0.0105210002511739,0.0105090001598,0.0114820003509521,0.0117119997739791,0.0125050004571676,0,SP012-ORA2
18,0.0144170001149177,0.0139049999415874,0.0117889996618032,0.0105210002511739,0.0105090001598,0.0114820003509521,0.0117119997739791,0.0125050004571676,0,SP012-ORA2
20,0.0239029992371797,0.0231890007853508,0.0212420001626014,0.0197310000658035,0.0196940004825592,0.0210270006209611,0.021374000236392,0.0217000003904104,0,SP012-ORA2
20,0.0239029992371797,0.0231890007853508,0.0212420001626014,0.0197310000658035,0.0196940004825592,0.0210270006209611,0.021374000236392,0.0217000003904104,0,SP012-ORA2
20,0.0239029992371797,0.0231890007853508,0.0212420001626014,0.0197310000658035,0.0196940004825592,0.0210270006209611,0.021374000236392,0.0217000003904104,0,SP012-ORA2
20,0.0239029992371797,0.0231890007853508,0.0212420001626014,0.0197310000658035,0.0196940004825592,0.0210270006209611,0.021374000236392,0.0217000003904104,0,SP012-ORA2
20,0.0239029992371797,0.0231890007853508,0.0212420001626014,0.0197310000658035,0.0196940004825592,0.0210270006209611,0.021374000236392,0.0217000003904104,0,SP012-ORA2
20,0.0239029992371797,0.0231890007853508,0.0212420001626014,0.0197310000658035,0.0196940004825592,0.0210270006209611,0.021374000236392,0.0217000003904104,0,SP012-ORA2
20,0.0239029992371797,0.0231890007853508,0.0212420001626014,0.0197310000658035,0.0196940004825592,0.0210270006209611,0.021374000236392,0.0217000003904104,0,SP012-ORA2
20,0.0239029992371797,0.0231890007853508,0.0212420001626014,0.0197310000658035,0.0196940004825592,0.0210270006209611,0.021374000236392,0.0217000003904104,0,SP012-ORA2
20,0.0239029992371797,0.0231890007853508,0.0212420001626014,0.0197310000658035,0.0196940004825592,0.0210270006209611,0.021374000236392,0.0217000003904104,0,SP012-ORA2
20,0.0239029992371797,0.0231890007853508,0.0212420001626014,0.0197310000658035,0.0196940004825592,0.0210270006209611,0.021374000236392,0.0217000003904104,0,SP012-ORA2
25,0.0226949993520975,0.022036999464035,0.0200190003961324,0.017807999625802,0.0176989994943141,0.0188190005719661,0.0199149996042251,0.0207560006529092,0,SP012-ORA2
25,0.0226949993520975,0.022036999464035,0.0200190003961324,0.017807999625802,0.0176989994943141,0.0188190005719661,0.0199149996042251,0.0207560006529092,0,SP012-ORA2
25,0.0226949993520975,0.022036999464035,0.0200190003961324,0.017807999625802,0.0176989994943141,0.0188190005719661,0.0199149996042251,0.0207560006529092,0,SP012-ORA2
25,0.0226949993520975,0.022036999464035,0.0200190003961324,0.017807999625802,0.0176989994943141,0.0188190005719661,0.0199149996042251,0.0207560006529092,0,SP012-ORA2
25,0.0226949993520975,0.022036999464035,0.0200190003961324,0.017807999625802,0.0176989994943141,0.0188190005719661,0.0199149996042251,0.0207560006529092,0,SP012-ORA2
25,0.0226949993520975,0.022036999464035,0.0200190003961324,0.017807999625802,0.0176989994943141,0.0188190005719661,0.0199149996042251,0.0207560006529092,0,SP012-ORA2
25,0.0226949993520975,0.022036999464035,0.0200190003961324,0.017807999625802,0.0176989994943141,0.0188190005719661,0.0199149996042251,0.0207560006529092,0,SP012-ORA2
25,0.0226949993520975,0.022036999464035,0.0200190003961324,0.017807999625802,0.0176989994943141,0.0188190005719661,0.0199149996042251,0.0207560006529092,0,SP012-ORA2
25,0.0226949993520975,0.022036999464035,0.0200190003961324,0.017807999625802,0.0176989994943141,0.0188190005719661,0.0199149996042251,0.0207560006529092,0,SP012-ORA2
25,0.0226949993520975,0.022036999464035,0.0200190003961324,0.017807999625802,0.0176989994943141,0.0188190005719661,0.0199149996042251,0.0207560006529092,0,SP012-ORA2
30,0.0276110004633665,0.0266009997576475,0.0249290000647306,0.0229609999805688,0.0228840000927448,0.0240380000323057,0.0251299999654293,0.0257249996066093,0,SP012-ORA2
30,0.0276110004633665,0.0266009997576475,0.0249290000647306,0.0229609999805688,0.0228840000927448,0.0240380000323057,0.0251299999654293,0.0257249996066093,0,SP012-ORA2
30,0.0276110004633665,0.0266009997576475,0.0249290000647306,0.0229609999805688,0.0228840000927448,0.0240380000323057,0.0251299999654293,0.0257249996066093,0,SP012-ORA2
30,0.0276110004633665,0.0266009997576475,0.0249290000647306,0.0229609999805688,0.0228840000927448,0.0240380000323057,0.0251299999654293,0.0257249996066093,0,SP012-ORA2
30,0.0276110004633665,0.0266009997576475,0.0249290000647306,0.0229609999805688,0.0228840000927448,0.0240380000323057,0.0251299999654293,0.0257249996066093,0,SP012-ORA2
30,0.0276110004633665,0.0266009997576475,0.0249290000647306,0.0229609999805688,0.0228840000927448,0.0240380000323057,0.0251299999654293,0.0257249996066093,0,SP012-ORA2
30,0.0276110004633665,0.0266009997576475,0.0249290000647306,0.0229609999805688,0.0228840000927448,0.0240380000323057,0.0251299999654293,0.0257249996066093,0,SP012-ORA2
30,0.0276110004633665,0.0266009997576475,0.0249290000647306,0.0229609999805688,0.0228840000927448,0.0240380000323057,0.0251299999654293,0.0257249996066093,0,SP012-ORA2
30,0.0276110004633665,0.0266009997576475,0.0249290000647306,0.0229609999805688,0.0228840000927448,0.0240380000323057,0.0251299999654293,0.0257249996066093,0,SP012-ORA2
30,0.0276110004633665,0.0266009997576475,0.0249290000647306,0.0229609999805688,0.0228840000927448,0.0240380000323057,0.0251299999654293,0.0257249996066093,0,SP012-ORA2
35,0.0313579998910427,0.0306109990924596,0.0275240000337362,0.0249450001865625,0.0248920004814863,0.0261819995939731,0.0275759994983673,0.0286270007491111,0,SP012-ORA2
35,0.0313579998910427,0.0306109990924596,0.0275240000337362,0.0249450001865625,0.0248920004814863,0.0261819995939731,0.0275759994983673,0.0286270007491111,0,SP012-ORA2
35,0.0313579998910427,0.0306109990924596,0.0275240000337362,0.0249450001865625,0.0248920004814863,0.0261819995939731,0.0275759994983673,0.0286270007491111,0,SP012-ORA2
35,0.0313579998910427,0.0306109990924596,0.0275240000337362,0.0249450001865625,0.0248920004814863,0.0261819995939731,0.0275759994983673,0.0286270007491111,0,SP012-ORA2
35,0.0313579998910427,0.0306109990924596,0.0275240000337362,0.0249450001865625,0.0248920004814863,0.0261819995939731,0.0275759994983673,0.0286270007491111,0,SP012-ORA2
35,0.0313579998910427,0.0306109990924596,0.0275240000337362,0.0249450001865625,0.0248920004814863,0.0261819995939731,0.0275759994983673,0.0286270007491111,0,SP012-ORA2
35,0.0313579998910427,0.0306109990924596,0.0275240000337362,0.0249450001865625,0.0248920004814863,0.0261819995939731,0.0275759994983673,0.0286270007491111,0,SP012-ORA2
35,0.0313579998910427,0.0306109990924596,0.0275240000337362,0.0249450001865625,0.0248920004814863,0.0261819995939731,0.0275759994983673,0.0286270007491111,0,SP012-ORA2
35,0.0313579998910427,0.0306109990924596,0.0275240000337362,0.0249450001865625,0.0248920004814863,0.0261819995939731,0.0275759994983673,0.0286270007491111,0,SP012-ORA2
35,0.0313579998910427,0.0306109990924596,0.0275240000337362,0.0249450001865625,0.0248920004814863,0.0261819995939731,0.0275759994983673,0.0286270007491111,0,SP012-ORA2
40,0.0276570003479719,0.0267869997769594,0.0235200002789497,0.0207529999315738,0.0207020007073879,0.0216109994798898,0.0223919991403818,0.0229989998042583,0,SP012-ORA2
40,0.0276570003479719,0.0267869997769594,0.0235200002789497,0.0207529999315738,0.0207020007073879,0.0216109994798898,0.0223919991403818,0.0229989998042583,0,SP012-ORA2
40,0.0276570003479719,0.0267869997769594,0.0235200002789497,0.0207529999315738,0.0207020007073879,0.0216109994798898,0.0223919991403818,0.0229989998042583,0,SP012-ORA2
40,0.0276570003479719,0.0267869997769594,0.0235200002789497,0.0207529999315738,0.0207020007073879,0.0216109994798898,0.0223919991403818,0.0229989998042583,0,SP012-ORA2
40,0.0276570003479719,0.0267869997769594,0.0235200002789497,0.0207529999315738,0.0207020007073879,0.0216109994798898,0.0223919991403818,0.0229989998042583,0,SP012-ORA2
40,0.0276570003479719,0.0267869997769594,0.0235200002789497,0.0207529999315738,0.0207020007073879,0.0216109994798898,0.0223919991403818,0.0229989998042583,0,SP012-ORA2
40,0.0276570003479719,0.0267869997769594,0.0235200002789497,0.0207529999315738,0.0207020007073879,0.0216109994798898,0.0223919991403818,0.0229989998042583,0,SP012-ORA2
40,0.0276570003479719,0.0267869997769594,0.0235200002789497,0.0207529999315738,0.0207020007073879,0.0216109994798898,0.0223919991403818,0.0229989998042583,0,SP012-ORA2
40,0.0276570003479719,0.0267869997769594,0.0235200002789497,0.0207529999315738,0.0207020007073879,0.0216109994798898,0.0223919991403818,0.0229989998042583,0,SP012-ORA2
40,0.0276570003479719,0.0267869997769594,0.0235200002789497,0.0207529999315738,0.0207020007073879,0.0216109994798898,0.0223919991403818,0.0229989998042583,0,SP012-ORA2
45,0.026503000408411,0.0268660001456737,0.0253219995647668,0.0228599999099969,0.0226980000734329,0.0234769992530345,0.0253500007092952,0.0268990006297826,0,SP012-ORA2
45,0.026503000408411,0.0268660001456737,0.0253219995647668,0.0228599999099969,0.0226980000734329,0.0234769992530345,0.0253500007092952,0.0268990006297826,0,SP012-ORA2
45,0.026503000408411,0.0268660001456737,0.0253219995647668,0.0228599999099969,0.0226980000734329,0.0234769992530345,0.0253500007092952,0.0268990006297826,0,SP012-ORA2
45,0.026503000408411,0.0268660001456737,0.0253219995647668,0.0228599999099969,0.0226980000734329,0.0234769992530345,0.0253500007092952,0.0268990006297826,0,SP012-ORA2
45,0.026503000408411,0.0268660001456737,0.0253219995647668,0.0228599999099969,0.0226980000734329,0.0234769992530345,0.0253500007092952,0.0268990006297826,0,SP012-ORA2
45,0.026503000408411,0.0268660001456737,0.0253219995647668,0.0228599999099969,0.0226980000734329,0.0234769992530345,0.0253500007092952,0.0268990006297826,0,SP012-ORA2
45,0.026503000408411,0.0268660001456737,0.0253219995647668,0.0228599999099969,0.0226980000734329,0.0234769992530345,0.0253500007092952,0.0268990006297826,0,SP012-ORA2
45,0.026503000408411,0.0268660001456737,0.0253219995647668,0.0228599999099969,0.0226980000734329,0.0234769992530345,0.0253500007092952,0.0268990006297826,0,SP012-ORA2
45,0.026503000408411,0.0268660001456737,0.0253219995647668,0.0228599999099969,0.0226980000734329,0.0234769992530345,0.0253500007092952,0.0268990006297826,0,SP012-ORA2
45,0.026503000408411,0.0268660001456737,0.0253219995647668,0.0228599999099969,0.0226980000734329,0.0234769992530345,0.0253500007092952,0.0268990006297826,0,SP012-ORA2
50,0.0189869999885559,0.0196790006011724,0.0179219990968704,0.0158510003238916,0.0159019995480775,0.0168699994683265,0.0185010004788637,0.0198430009186267,0,SP012-ORA2
50,0.0189869999885559,0.0196790006011724,0.0179219990968704,0.0158510003238916,0.0159019995480775,0.0168699994683265,0.0185010004788637,0.0198430009186267,0,SP012-ORA2
50,0.0189869999885559,0.0196790006011724,0.0179219990968704,0.0158510003238916,0.0159019995480775,0.0168699994683265,0.0185010004788637,0.0198430009186267,0,SP012-ORA2
50,0.0189869999885559,0.0196790006011724,0.0179219990968704,0.0158510003238916,0.0159019995480775,0.0168699994683265,0.0185010004788637,0.0198430009186267,0,SP012-ORA2
50,0.0189869999885559,0.0196790006011724,0.0179219990968704,0.0158510003238916,0.0159019995480775,0.0168699994683265,0.0185010004788637,0.0198430009186267,0,SP012-ORA2
50,0.0189869999885559,0.0196790006011724,0.0179219990968704,0.0158510003238916,0.0159019995480775,0.0168699994683265,0.0185010004788637,0.0198430009186267,0,SP012-ORA2
50,0.0189869999885559,0.0196790006011724,0.0179219990968704,0.0158510003238916,0.0159019995480775,0.0168699994683265,0.0185010004788637,0.0198430009186267,0,SP012-ORA2
50,0.0189869999885559,0.0196790006011724,0.0179219990968704,0.0158510003238916,0.0159019995480775,0.0168699994683265,0.0185010004788637,0.0198430009186267,0,SP012-ORA2
50,0.0189869999885559,0.0196790006011724,0.0179219990968704,0.0158510003238916,0.0159019995480775,0.0168699994683265,0.0185010004788637,0.0198430009186267,0,SP012-ORA2
50,0.0189869999885559,0.0196790006011724,0.0179219990968704,0.0158510003238916,0.0159019995480775,0.0168699994683265,0.0185010004788637,0.0198430009186267,0,SP012-ORA2
60,0.0250640008598566,0.0254319999366998,0.0225879997014999,0.0195090007036924,0.0193900000303983,0.020075999200344,0.0222020000219345,0.0234849993139505,0,SP012-ORA2
60,0.0250640008598566,0.0254319999366998,0.0225879997014999,0.0195090007036924,0.0193900000303983,0.020075999200344,0.0222020000219345,0.0234849993139505,0,SP012-ORA2
60,0.0250640008598566,0.0254319999366998,0.0225879997014999,0.0195090007036924,0.0193900000303983,0.020075999200344,0.0222020000219345,0.0234849993139505,0,SP012-ORA2
60,0.0250640008598566,0.0254319999366998,0.0225879997014999,0.0195090007036924,0.0193900000303983,0.020075999200344,0.0222020000219345,0.0234849993139505,0,SP012-ORA2
60,0.0250640008598566,0.0254319999366998,0.0225879997014999,0.0195090007036924,0.0193900000303983,0.020075999200344,0.0222020000219345,0.0234849993139505,0,SP012-ORA2
60,0.0250640008598566,0.0254319999366998,0.0225879997014999,0.0195090007036924,0.0193900000303983,0.020075999200344,0.0222020000219345,0.0234849993139505,0,SP012-ORA2
60,0.0250640008598566,0.0254319999366998,0.0225879997014999,0.0195090007036924,0.0193900000303983,0.020075999200344,0.0222020000219345,0.0234849993139505,0,SP012-ORA2
60,0.0250640008598566,0.0254319999366998,0.0225879997014999,0.0195090007036924,0.0193900000303983,0.020075999200344,0.0222020000219345,0.0234849993139505,0,SP012-ORA2
60,0.0250640008598566,0.0254319999366998,0.0225879997014999,0.0195090007036924,0.0193900000303983,0.020075999200344,0.0222020000219345,0.0234849993139505,0,SP012-ORA2
60,0.0250640008598566,0.0254319999366998,0.0225879997014999,0.0195090007036924,0.0193900000303983,0.020075999200344,0.0222020000219345,0.0234849993139505,0,SP012-ORA2
70,0.0291559994220733,0.0298510007560253,0.0264800004661083,0.022266000509262,0.0220589991658926,0.0224629994481802,0.0248419996351003,0.0260300002992153,0,SP012-ORA2
70,0.0291559994220733,0.0298510007560253,0.0264800004661083,0.022266000509262,0.0220589991658926,0.0224629994481802,0.0248419996351003,0.0260300002992153,0,SP012-ORA2
70,0.0291559994220733,0.0298510007560253,0.0264800004661083,0.022266000509262,0.0220589991658926,0.0224629994481802,0.0248419996351003,0.0260300002992153,0,SP012-ORA2
70,0.0291559994220733,0.0298510007560253,0.0264800004661083,0.022266000509262,0.0220589991658926,0.0224629994481802,0.0248419996351003,0.0260300002992153,0,SP012-ORA2
70,0.0291559994220733,0.0298510007560253,0.0264800004661083,0.022266000509262,0.0220589991658926,0.0224629994481802,0.0248419996351003,0.0260300002992153,0,SP012-ORA2
70,0.0291559994220733,0.0298510007560253,0.0264800004661083,0.022266000509262,0.0220589991658926,0.0224629994481802,0.0248419996351003,0.0260300002992153,0,SP012-ORA2
70,0.0291559994220733,0.0298510007560253,0.0264800004661083,0.022266000509262,0.0220589991658926,0.0224629994481802,0.0248419996351003,0.0260300002992153,0,SP012-ORA2
70,0.0291559994220733,0.0298510007560253,0.0264800004661083,0.022266000509262,0.0220589991658926,0.0224629994481802,0.0248419996351003,0.0260300002992153,0,SP012-ORA2
70,0.0291559994220733,0.0298510007560253,0.0264800004661083,0.022266000509262,0.0220589991658926,0.0224629994481802,0.0248419996351003,0.0260300002992153,0,SP012-ORA2
70,0.0291559994220733,0.0298510007560253,0.0264800004661083,0.022266000509262,0.0220589991658926,0.0224629994481802,0.0248419996351003,0.0260300002992153,0,SP012-ORA2
80,0.0361820012331008,0.0368859991431236,0.0326899997889995,0.028668999671936,0.0284729991108179,0.0292409993708133,0.031624998897314,0.0340749993920326,0,SP012-ORA2
80,0.0361820012331008,0.0368859991431236,0.0326899997889995,0.028668999671936,0.0284729991108179,0.0292409993708133,0.031624998897314,0.0340749993920326,0,SP012-ORA2
80,0.0361820012331008,0.0368859991431236,0.0326899997889995,0.028668999671936,0.0284729991108179,0.0292409993708133,0.031624998897314,0.0340749993920326,0,SP012-ORA2
80,0.0361820012331008,0.0368859991431236,0.0326899997889995,0.028668999671936,0.0284729991108179,0.0292409993708133,0.031624998897314,0.0340749993920326,0,SP012-ORA2
80,0.0361820012331008,0.0368859991431236,0.0326899997889995,0.028668999671936,0.0284729991108179,0.0292409993708133,0.031624998897314,0.0340749993920326,0,SP012-ORA2
80,0.0361820012331008,0.0368859991431236,0.0326899997889995,0.028668999671936,0.0284729991108179,0.0292409993708133,0.031624998897314,0.0340749993920326,0,SP012-ORA2
80,0.0361820012331008,0.0368859991431236,0.0326899997889995,0.028668999671936,0.0284729991108179,0.0292409993708133,0.031624998897314,0.0340749993920326,0,SP012-ORA2
80,0.0361820012331008,0.0368859991431236,0.0326899997889995,0.028668999671936,0.0284729991108179,0.0292409993708133,0.031624998897314,0.0340749993920326,0,SP012-ORA2
80,0.0361820012331008,0.0368859991431236,0.0326899997889995,0.028668999671936,0.0284729991108179,0.0292409993708133,0.031624998897314,0.0340749993920326,0,SP012-ORA2
80,0.0361820012331008,0.0368859991431236,0.0326899997889995,0.028668999671936,0.0284729991108179,0.0292409993708133,0.031624998897314,0.0340749993920326,0,SP012-ORA2
90,0.0449009984731674,0.0457650013267993,0.0416710004210472,0.037441000342369,0.0371770001947879,0.0377900004386901,0.04059299826622,0.0431579984724521,0,SP012-ORA2
90,0.0449009984731674,0.0457650013267993,0.0416710004210472,0.037441000342369,0.0371770001947879,0.0377900004386901,0.04059299826622,0.0431579984724521,0,SP012-ORA2
90,0.0449009984731674,0.0457650013267993,0.0416710004210472,0.037441000342369,0.0371770001947879,0.0377900004386901,0.04059299826622,0.0431579984724521,0,SP012-ORA2
90,0.0449009984731674,0.0457650013267993,0.0416710004210472,0.037441000342369,0.0371770001947879,0.0377900004386901,0.04059299826622,0.0431579984724521,0,SP012-ORA2
90,0.0449009984731674,0.0457650013267993,0.0416710004210472,0.037441000342369,0.0371770001947879,0.0377900004386901,0.04059299826622,0.0431579984724521,0,SP012-ORA2
90,0.0449009984731674,0.0457650013267993,0.0416710004210472,0.037441000342369,0.0371770001947879,0.0377900004386901,0.04059299826622,0.0431579984724521,0,SP012-ORA2
90,0.0449009984731674,0.0457650013267993,0.0416710004210472,0.037441000342369,0.0371770001947879,0.0377900004386901,0.04059299826622,0.0431579984724521,0,SP012-ORA2
90,0.0449009984731674,0.0457650013267993,0.0416710004210472,0.037441000342369,0.0371770001947879,0.0377900004386901,0.04059299826622,0.0431579984724521,0,SP012-ORA2
90,0.0449009984731674,0.0457650013267993,0.0416710004210472,0.037441000342369,0.0371770001947879,0.0377900004386901,0.04059299826622,0.0431579984724521,0,SP012-ORA2
90,0.0449009984731674,0.0457650013267993,0.0416710004210472,0.037441000342369,0.0371770001947879,0.0377900004386901,0.04059299826622,0.0431579984724521,0,SP012-ORA2
100,0.0678030028939247,0.0693190023303031,0.0634270012378692,0.0578310005366802,0.0576060004532337,0.0583660006523132,0.0612780004739761,0.0657640025019645,0,SP012-ORA2
100,0.0678030028939247,0.0693190023303031,0.0634270012378692,0.0578310005366802,0.0576060004532337,0.0583660006523132,0.0612780004739761,0.0657640025019645,0,SP012-ORA2
100,0.0678030028939247,0.0693190023303031,0.0634270012378692,0.0578310005366802,0.0576060004532337,0.0583660006523132,0.0612780004739761,0.0657640025019645,0,SP012-ORA2
100,0.0678030028939247,0.0693190023303031,0.0634270012378692,0.0578310005366802,0.0576060004532337,0.0583660006523132,0.0612780004739761,0.0657640025019645,0,SP012-ORA2
100,0.0678030028939247,0.0693190023303031,0.0634270012378692,0.0578310005366802,0.0576060004532337,0.0583660006523132,0.0612780004739761,0.0657640025019645,0,SP012-ORA2
100,0.0678030028939247,0.0693190023303031,0.0634270012378692,0.0578310005366802,0.0576060004532337,0.0583660006523132,0.0612780004739761,0.0657640025019645,0,SP012-ORA2
100,0.0678030028939247,0.0693190023303031,0.0634270012378692,0.0578310005366802,0.0576060004532337,0.0583660006523132,0.0612780004739761,0.0657640025019645,0,SP012-ORA2
100,0.0678030028939247,0.0693190023303031,0.0634270012378692,0.0578310005366802,0.0576060004532337,0.0583660006523132,0.0612780004739761,0.0657640025019645,0,SP012-ORA2
100,0.0678030028939247,0.0693190023303031,0.0634270012378692,0.0578310005366802,0.0576060004532337,0.0583660006523132,0.0612780004739761,0.0657640025019645,0,SP012-ORA2
100,0.0678030028939247,0.0693190023303031,0.0634270012378692,0.0578310005366802,0.0576060004532337,0.0583660006523132,0.0612780004739761,0.0657640025019645,0,SP012-ORA2
2,3.999999989900971e-06,-5.299999975250103e-05,-0.0001170000032288,-0.0001120000015362,-0.0001230000052601,-0.0001009999978123,-0.0001579999952809,-6.0999998822808266e-05,1,p. nitzchia
2,3.999999989900971e-06,-5.299999975250103e-05,-0.0001170000032288,-0.0001120000015362,-0.0001230000052601,-0.0001009999978123,-0.0001579999952809,-6.0999998822808266e-05,1,p. nitzchia
2,3.999999989900971e-06,-5.299999975250103e-05,-0.0001170000032288,-0.0001120000015362,-0.0001230000052601,-0.0001009999978123,-0.0001579999952809,-6.0999998822808266e-05,1,p. nitzchia
2,3.999999989900971e-06,-5.299999975250103e-05,-0.0001170000032288,-0.0001120000015362,-0.0001230000052601,-0.0001009999978123,-0.0001579999952809,-6.0999998822808266e-05,1,p. nitzchia
2,3.999999989900971e-06,-5.299999975250103e-05,-0.0001170000032288,-0.0001120000015362,-0.0001230000052601,-0.0001009999978123,-0.0001579999952809,-6.0999998822808266e-05,1,p. nitzchia
2,3.999999989900971e-06,-5.299999975250103e-05,-0.0001170000032288,-0.0001120000015362,-0.0001230000052601,-0.0001009999978123,-0.0001579999952809,-6.0999998822808266e-05,1,p. nitzchia
2,3.999999989900971e-06,-5.299999975250103e-05,-0.0001170000032288,-0.0001120000015362,-0.0001230000052601,-0.0001009999978123,-0.0001579999952809,-6.0999998822808266e-05,1,p. nitzchia
2,3.999999989900971e-06,-5.299999975250103e-05,-0.0001170000032288,-0.0001120000015362,-0.0001230000052601,-0.0001009999978123,-0.0001579999952809,-6.0999998822808266e-05,1,p. nitzchia
2,3.999999989900971e-06,-5.299999975250103e-05,-0.0001170000032288,-0.0001120000015362,-0.0001230000052601,-0.0001009999978123,-0.0001579999952809,-6.0999998822808266e-05,1,p. nitzchia
2,3.999999989900971e-06,-5.299999975250103e-05,-0.0001170000032288,-0.0001120000015362,-0.0001230000052601,-0.0001009999978123,-0.0001579999952809,-6.0999998822808266e-05,1,p. nitzchia
4,4.999999873689376e-06,-5.299999975250103e-05,-9.100000170292331e-05,-0.0001019999981508,-9.699999645818024e-05,-5.8000001445179805e-05,-0.0001019999981508,-9.000000318337698e-06,1,p. nitzchia
4,4.999999873689376e-06,-5.299999975250103e-05,-9.100000170292331e-05,-0.0001019999981508,-9.699999645818024e-05,-5.8000001445179805e-05,-0.0001019999981508,-9.000000318337698e-06,1,p. nitzchia
4,4.999999873689376e-06,-5.299999975250103e-05,-9.100000170292331e-05,-0.0001019999981508,-9.699999645818024e-05,-5.8000001445179805e-05,-0.0001019999981508,-9.000000318337698e-06,1,p. nitzchia
4,4.999999873689376e-06,-5.299999975250103e-05,-9.100000170292331e-05,-0.0001019999981508,-9.699999645818024e-05,-5.8000001445179805e-05,-0.0001019999981508,-9.000000318337698e-06,1,p. nitzchia
4,4.999999873689376e-06,-5.299999975250103e-05,-9.100000170292331e-05,-0.0001019999981508,-9.699999645818024e-05,-5.8000001445179805e-05,-0.0001019999981508,-9.000000318337698e-06,1,p. nitzchia
4,4.999999873689376e-06,-5.299999975250103e-05,-9.100000170292331e-05,-0.0001019999981508,-9.699999645818024e-05,-5.8000001445179805e-05,-0.0001019999981508,-9.000000318337698e-06,1,p. nitzchia
4,4.999999873689376e-06,-5.299999975250103e-05,-9.100000170292331e-05,-0.0001019999981508,-9.699999645818024e-05,-5.8000001445179805e-05,-0.0001019999981508,-9.000000318337698e-06,1,p. nitzchia
4,4.999999873689376e-06,-5.299999975250103e-05,-9.100000170292331e-05,-0.0001019999981508,-9.699999645818024e-05,-5.8000001445179805e-05,-0.0001019999981508,-9.000000318337698e-06,1,p. nitzchia
4,4.999999873689376e-06,-5.299999975250103e-05,-9.100000170292331e-05,-0.0001019999981508,-9.699999645818024e-05,-5.8000001445179805e-05,-0.0001019999981508,-9.000000318337698e-06,1,p. nitzchia
4,4.999999873689376e-06,-5.299999975250103e-05,-9.100000170292331e-05,-0.0001019999981508,-9.699999645818024e-05,-5.8000001445179805e-05,-0.0001019999981508,-9.000000318337698e-06,1,p. nitzchia
6,0.0018350000027567,0.0020369999110698,0.0024359999224543,0.0025879999157041,0.0026289999950677,0.0023630000650882,0.0034990001004189,0.002339000115171,1,p. nitzchia
6,0.0018350000027567,0.0020369999110698,0.0024359999224543,0.0025879999157041,0.0026289999950677,0.0023630000650882,0.0034990001004189,0.002339000115171,1,p. nitzchia
6,0.0018350000027567,0.0020369999110698,0.0024359999224543,0.0025879999157041,0.0026289999950677,0.0023630000650882,0.0034990001004189,0.002339000115171,1,p. nitzchia
6,0.0018350000027567,0.0020369999110698,0.0024359999224543,0.0025879999157041,0.0026289999950677,0.0023630000650882,0.0034990001004189,0.002339000115171,1,p. nitzchia
6,0.0018350000027567,0.0020369999110698,0.0024359999224543,0.0025879999157041,0.0026289999950677,0.0023630000650882,0.0034990001004189,0.002339000115171,1,p. nitzchia
6,0.0018350000027567,0.0020369999110698,0.0024359999224543,0.0025879999157041,0.0026289999950677,0.0023630000650882,0.0034990001004189,0.002339000115171,1,p. nitzchia
6,0.0018350000027567,0.0020369999110698,0.0024359999224543,0.0025879999157041,0.0026289999950677,0.0023630000650882,0.0034990001004189,0.002339000115171,1,p. nitzchia
6,0.0018350000027567,0.0020369999110698,0.0024359999224543,0.0025879999157041,0.0026289999950677,0.0023630000650882,0.0034990001004189,0.002339000115171,1,p. nitzchia
6,0.0018350000027567,0.0020369999110698,0.0024359999224543,0.0025879999157041,0.0026289999950677,0.0023630000650882,0.0034990001004189,0.002339000115171,1,p. nitzchia
6,0.0018350000027567,0.0020369999110698,0.0024359999224543,0.0025879999157041,0.0026289999950677,0.0023630000650882,0.0034990001004189,0.002339000115171,1,p. nitzchia
8,0.0007089999853633,0.0005859999801032,0.0007869999972172,0.0008149999775923,0.0007869999972172,0.0004009999975096,0.0009940000018104,0.0002889999886974,1,p. nitzchia
8,0.0007089999853633,0.0005859999801032,0.0007869999972172,0.0008149999775923,0.0007869999972172,0.0004009999975096,0.0009940000018104,0.0002889999886974,1,p. nitzchia
8,0.0007089999853633,0.0005859999801032,0.0007869999972172,0.0008149999775923,0.0007869999972172,0.0004009999975096,0.0009940000018104,0.0002889999886974,1,p. nitzchia
8,0.0007089999853633,0.0005859999801032,0.0007869999972172,0.0008149999775923,0.0007869999972172,0.0004009999975096,0.0009940000018104,0.0002889999886974,1,p. nitzchia
8,0.0007089999853633,0.0005859999801032,0.0007869999972172,0.0008149999775923,0.0007869999972172,0.0004009999975096,0.0009940000018104,0.0002889999886974,1,p. nitzchia
8,0.0007089999853633,0.0005859999801032,0.0007869999972172,0.0008149999775923,0.0007869999972172,0.0004009999975096,0.0009940000018104,0.0002889999886974,1,p. nitzchia
8,0.0007089999853633,0.0005859999801032,0.0007869999972172,0.0008149999775923,0.0007869999972172,0.0004009999975096,0.0009940000018104,0.0002889999886974,1,p. nitzchia
8,0.0007089999853633,0.0005859999801032,0.0007869999972172,0.0008149999775923,0.0007869999972172,0.0004009999975096,0.0009940000018104,0.0002889999886974,1,p. nitzchia
8,0.0007089999853633,0.0005859999801032,0.0007869999972172,0.0008149999775923,0.0007869999972172,0.0004009999975096,0.0009940000018104,0.0002889999886974,1,p. nitzchia
8,0.0007089999853633,0.0005859999801032,0.0007869999972172,0.0008149999775923,0.0007869999972172,0.0004009999975096,0.0009940000018104,0.0002889999886974,1,p. nitzchia
10,-5.199999941396527e-05,-3.199999991920777e-05,-1.2000000424450263e-05,-2.499999936844688e-05,-2.5999999706982635e-05,-1.2000000424450263e-05,-4.999999873689376e-05,-1.4999999621068127e-05,1,p. nitzchia
10,-5.199999941396527e-05,-3.199999991920777e-05,-1.2000000424450263e-05,-2.499999936844688e-05,-2.5999999706982635e-05,-1.2000000424450263e-05,-4.999999873689376e-05,-1.4999999621068127e-05,1,p. nitzchia
10,-5.199999941396527e-05,-3.199999991920777e-05,-1.2000000424450263e-05,-2.499999936844688e-05,-2.5999999706982635e-05,-1.2000000424450263e-05,-4.999999873689376e-05,-1.4999999621068127e-05,1,p. nitzchia
10,-5.199999941396527e-05,-3.199999991920777e-05,-1.2000000424450263e-05,-2.499999936844688e-05,-2.5999999706982635e-05,-1.2000000424450263e-05,-4.999999873689376e-05,-1.4999999621068127e-05,1,p. nitzchia
10,-5.199999941396527e-05,-3.199999991920777e-05,-1.2000000424450263e-05,-2.499999936844688e-05,-2.5999999706982635e-05,-1.2000000424450263e-05,-4.999999873689376e-05,-1.4999999621068127e-05,1,p. nitzchia
10,-5.199999941396527e-05,-3.199999991920777e-05,-1.2000000424450263e-05,-2.499999936844688e-05,-2.5999999706982635e-05,-1.2000000424450263e-05,-4.999999873689376e-05,-1.4999999621068127e-05,1,p. nitzchia
10,-5.199999941396527e-05,-3.199999991920777e-05,-1.2000000424450263e-05,-2.499999936844688e-05,-2.5999999706982635e-05,-1.2000000424450263e-05,-4.999999873689376e-05,-1.4999999621068127e-05,1,p. nitzchia
10,-5.199999941396527e-05,-3.199999991920777e-05,-1.2000000424450263e-05,-2.499999936844688e-05,-2.5999999706982635e-05,-1.2000000424450263e-05,-4.999999873689376e-05,-1.4999999621068127e-05,1,p. nitzchia
10,-5.199999941396527e-05,-3.199999991920777e-05,-1.2000000424450263e-05,-2.499999936844688e-05,-2.5999999706982635e-05,-1.2000000424450263e-05,-4.999999873689376e-05,-1.4999999621068127e-05,1,p. nitzchia
10,-5.199999941396527e-05,-3.199999991920777e-05,-1.2000000424450263e-05,-2.499999936844688e-05,-2.5999999706982635e-05,-1.2000000424450263e-05,-4.999999873689376e-05,-1.4999999621068127e-05,1,p. nitzchia
12,0.0248610004782676,0.0208369996398687,0.0164810009300708,0.0144349997863173,0.0142780002206563,0.0140690002590417,0.0128779998049139,0.0124740004539489,1,p. nitzchia
12,0.0248610004782676,0.0208369996398687,0.0164810009300708,0.0144349997863173,0.0142780002206563,0.0140690002590417,0.0128779998049139,0.0124740004539489,1,p. nitzchia
12,0.0248610004782676,0.0208369996398687,0.0164810009300708,0.0144349997863173,0.0142780002206563,0.0140690002590417,0.0128779998049139,0.0124740004539489,1,p. nitzchia
12,0.0248610004782676,0.0208369996398687,0.0164810009300708,0.0144349997863173,0.0142780002206563,0.0140690002590417,0.0128779998049139,0.0124740004539489,1,p. nitzchia
12,0.0248610004782676,0.0208369996398687,0.0164810009300708,0.0144349997863173,0.0142780002206563,0.0140690002590417,0.0128779998049139,0.0124740004539489,1,p. nitzchia
12,0.0248610004782676,0.0208369996398687,0.0164810009300708,0.0144349997863173,0.0142780002206563,0.0140690002590417,0.0128779998049139,0.0124740004539489,1,p. nitzchia
12,0.0248610004782676,0.0208369996398687,0.0164810009300708,0.0144349997863173,0.0142780002206563,0.0140690002590417,0.0128779998049139,0.0124740004539489,1,p. nitzchia
12,0.0248610004782676,0.0208369996398687,0.0164810009300708,0.0144349997863173,0.0142780002206563,0.0140690002590417,0.0128779998049139,0.0124740004539489,1,p. nitzchia
12,0.0248610004782676,0.0208369996398687,0.0164810009300708,0.0144349997863173,0.0142780002206563,0.0140690002590417,0.0128779998049139,0.0124740004539489,1,p. nitzchia
12,0.0248610004782676,0.0208369996398687,0.0164810009300708,0.0144349997863173,0.0142780002206563,0.0140690002590417,0.0128779998049139,0.0124740004539489,1,p. nitzchia
14,0.0033770001027733,0.0030380000825971,0.0029949999880045,0.0023630000650882,0.0022990000434219,0.0023479999508708,0.0031890000682324,0.0016649999888613,1,p. nitzchia
14,0.0033770001027733,0.0030380000825971,0.0029949999880045,0.0023630000650882,0.0022990000434219,0.0023479999508708,0.0031890000682324,0.0016649999888613,1,p. nitzchia
14,0.0033770001027733,0.0030380000825971,0.0029949999880045,0.0023630000650882,0.0022990000434219,0.0023479999508708,0.0031890000682324,0.0016649999888613,1,p. nitzchia
14,0.0033770001027733,0.0030380000825971,0.0029949999880045,0.0023630000650882,0.0022990000434219,0.0023479999508708,0.0031890000682324,0.0016649999888613,1,p. nitzchia
14,0.0033770001027733,0.0030380000825971,0.0029949999880045,0.0023630000650882,0.0022990000434219,0.0023479999508708,0.0031890000682324,0.0016649999888613,1,p. nitzchia
14,0.0033770001027733,0.0030380000825971,0.0029949999880045,0.0023630000650882,0.0022990000434219,0.0023479999508708,0.0031890000682324,0.0016649999888613,1,p. nitzchia
14,0.0033770001027733,0.0030380000825971,0.0029949999880045,0.0023630000650882,0.0022990000434219,0.0023479999508708,0.0031890000682324,0.0016649999888613,1,p. nitzchia
14,0.0033770001027733,0.0030380000825971,0.0029949999880045,0.0023630000650882,0.0022990000434219,0.0023479999508708,0.0031890000682324,0.0016649999888613,1,p. nitzchia
14,0.0033770001027733,0.0030380000825971,0.0029949999880045,0.0023630000650882,0.0022990000434219,0.0023479999508708,0.0031890000682324,0.0016649999888613,1,p. nitzchia
14,0.0033770001027733,0.0030380000825971,0.0029949999880045,0.0023630000650882,0.0022990000434219,0.0023479999508708,0.0031890000682324,0.0016649999888613,1,p. nitzchia
16,0.0011869999580085,0.0010039999615401,0.0008280000183731,0.000811000005342,0.0008060000254772,0.0003919999871868,0.0006600000197067,0.0001440000050934,1,p. nitzchia
16,0.0011869999580085,0.0010039999615401,0.0008280000183731,0.000811000005342,0.0008060000254772,0.0003919999871868,0.0006600000197067,0.0001440000050934,1,p. nitzchia
16,0.0011869999580085,0.0010039999615401,0.0008280000183731,0.000811000005342,0.0008060000254772,0.0003919999871868,0.0006600000197067,0.0001440000050934,1,p. nitzchia
16,0.0011869999580085,0.0010039999615401,0.0008280000183731,0.000811000005342,0.0008060000254772,0.0003919999871868,0.0006600000197067,0.0001440000050934,1,p. nitzchia
16,0.0011869999580085,0.0010039999615401,0.0008280000183731,0.000811000005342,0.0008060000254772,0.0003919999871868,0.0006600000197067,0.0001440000050934,1,p. nitzchia
16,0.0011869999580085,0.0010039999615401,0.0008280000183731,0.000811000005342,0.0008060000254772,0.0003919999871868,0.0006600000197067,0.0001440000050934,1,p. nitzchia
16,0.0011869999580085,0.0010039999615401,0.0008280000183731,0.000811000005342,0.0008060000254772,0.0003919999871868,0.0006600000197067,0.0001440000050934,1,p. nitzchia
16,0.0011869999580085,0.0010039999615401,0.0008280000183731,0.000811000005342,0.0008060000254772,0.0003919999871868,0.0006600000197067,0.0001440000050934,1,p. nitzchia
16,0.0011869999580085,0.0010039999615401,0.0008280000183731,0.000811000005342,0.0008060000254772,0.0003919999871868,0.0006600000197067,0.0001440000050934,1,p. nitzchia
16,0.0011869999580085,0.0010039999615401,0.0008280000183731,0.000811000005342,0.0008060000254772,0.0003919999871868,0.0006600000197067,0.0001440000050934,1,p. nitzchia
18,0.0021629999391734,0.0017180000431835,0.0012540000025182,0.0009640000062063,0.0009309999877586,0.0007639999967068,0.0007789999945089,0.0001219999976456,1,p. nitzchia
18,0.0021629999391734,0.0017180000431835,0.0012540000025182,0.0009640000062063,0.0009309999877586,0.0007639999967068,0.0007789999945089,0.0001219999976456,1,p. nitzchia
18,0.0021629999391734,0.0017180000431835,0.0012540000025182,0.0009640000062063,0.0009309999877586,0.0007639999967068,0.0007789999945089,0.0001219999976456,1,p. nitzchia
18,0.0021629999391734,0.0017180000431835,0.0012540000025182,0.0009640000062063,0.0009309999877586,0.0007639999967068,0.0007789999945089,0.0001219999976456,1,p. nitzchia
18,0.0021629999391734,0.0017180000431835,0.0012540000025182,0.0009640000062063,0.0009309999877586,0.0007639999967068,0.0007789999945089,0.0001219999976456,1,p. nitzchia
18,0.0021629999391734,0.0017180000431835,0.0012540000025182,0.0009640000062063,0.0009309999877586,0.0007639999967068,0.0007789999945089,0.0001219999976456,1,p. nitzchia
18,0.0021629999391734,0.0017180000431835,0.0012540000025182,0.0009640000062063,0.0009309999877586,0.0007639999967068,0.0007789999945089,0.0001219999976456,1,p. nitzchia
18,0.0021629999391734,0.0017180000431835,0.0012540000025182,0.0009640000062063,0.0009309999877586,0.0007639999967068,0.0007789999945089,0.0001219999976456,1,p. nitzchia
18,0.0021629999391734,0.0017180000431835,0.0012540000025182,0.0009640000062063,0.0009309999877586,0.0007639999967068,0.0007789999945089,0.0001219999976456,1,p. nitzchia
18,0.0021629999391734,0.0017180000431835,0.0012540000025182,0.0009640000062063,0.0009309999877586,0.0007639999967068,0.0007789999945089,0.0001219999976456,1,p. nitzchia
20,0.0083809997886419,0.0082130003720521,0.0081879999488592,0.0077470000833272,0.0076310001313686,0.0078059998340904,0.0079439999535679,0.0070930002257227,1,p. nitzchia
20,0.0083809997886419,0.0082130003720521,0.0081879999488592,0.0077470000833272,0.0076310001313686,0.0078059998340904,0.0079439999535679,0.0070930002257227,1,p. nitzchia
20,0.0083809997886419,0.0082130003720521,0.0081879999488592,0.0077470000833272,0.0076310001313686,0.0078059998340904,0.0079439999535679,0.0070930002257227,1,p. nitzchia
20,0.0083809997886419,0.0082130003720521,0.0081879999488592,0.0077470000833272,0.0076310001313686,0.0078059998340904,0.0079439999535679,0.0070930002257227,1,p. nitzchia
20,0.0083809997886419,0.0082130003720521,0.0081879999488592,0.0077470000833272,0.0076310001313686,0.0078059998340904,0.0079439999535679,0.0070930002257227,1,p. nitzchia
20,0.0083809997886419,0.0082130003720521,0.0081879999488592,0.0077470000833272,0.0076310001313686,0.0078059998340904,0.0079439999535679,0.0070930002257227,1,p. nitzchia
20,0.0083809997886419,0.0082130003720521,0.0081879999488592,0.0077470000833272,0.0076310001313686,0.0078059998340904,0.0079439999535679,0.0070930002257227,1,p. nitzchia
20,0.0083809997886419,0.0082130003720521,0.0081879999488592,0.0077470000833272,0.0076310001313686,0.0078059998340904,0.0079439999535679,0.0070930002257227,1,p. nitzchia
20,0.0083809997886419,0.0082130003720521,0.0081879999488592,0.0077470000833272,0.0076310001313686,0.0078059998340904,0.0079439999535679,0.0070930002257227,1,p. nitzchia
20,0.0083809997886419,0.0082130003720521,0.0081879999488592,0.0077470000833272,0.0076310001313686,0.0078059998340904,0.0079439999535679,0.0070930002257227,1,p. nitzchia
25,0.0098169995471835,0.0096519999206066,0.0096020000055432,0.009460000321269,0.0093259997665882,0.0092209996655583,0.0093170003965497,0.0084239998832345,1,p. nitzchia
25,0.0098169995471835,0.0096519999206066,0.0096020000055432,0.009460000321269,0.0093259997665882,0.0092209996655583,0.0093170003965497,0.0084239998832345,1,p. nitzchia
25,0.0098169995471835,0.0096519999206066,0.0096020000055432,0.009460000321269,0.0093259997665882,0.0092209996655583,0.0093170003965497,0.0084239998832345,1,p. nitzchia
25,0.0098169995471835,0.0096519999206066,0.0096020000055432,0.009460000321269,0.0093259997665882,0.0092209996655583,0.0093170003965497,0.0084239998832345,1,p. nitzchia
25,0.0098169995471835,0.0096519999206066,0.0096020000055432,0.009460000321269,0.0093259997665882,0.0092209996655583,0.0093170003965497,0.0084239998832345,1,p. nitzchia
25,0.0098169995471835,0.0096519999206066,0.0096020000055432,0.009460000321269,0.0093259997665882,0.0092209996655583,0.0093170003965497,0.0084239998832345,1,p. nitzchia
25,0.0098169995471835,0.0096519999206066,0.0096020000055432,0.009460000321269,0.0093259997665882,0.0092209996655583,0.0093170003965497,0.0084239998832345,1,p. nitzchia
25,0.0098169995471835,0.0096519999206066,0.0096020000055432,0.009460000321269,0.0093259997665882,0.0092209996655583,0.0093170003965497,0.0084239998832345,1,p. nitzchia
25,0.0098169995471835,0.0096519999206066,0.0096020000055432,0.009460000321269,0.0093259997665882,0.0092209996655583,0.0093170003965497,0.0084239998832345,1,p. nitzchia
25,0.0098169995471835,0.0096519999206066,0.0096020000055432,0.009460000321269,0.0093259997665882,0.0092209996655583,0.0093170003965497,0.0084239998832345,1,p. nitzchia
30,0.008751000277698,0.0079370001330971,0.0066309999674558,0.0060330000706017,0.0059139998629689,0.0051719998009502,0.0049379998818039,0.0045719998888671,1,p. nitzchia
30,0.008751000277698,0.0079370001330971,0.0066309999674558,0.0060330000706017,0.0059139998629689,0.0051719998009502,0.0049379998818039,0.0045719998888671,1,p. nitzchia
30,0.008751000277698,0.0079370001330971,0.0066309999674558,0.0060330000706017,0.0059139998629689,0.0051719998009502,0.0049379998818039,0.0045719998888671,1,p. nitzchia
30,0.008751000277698,0.0079370001330971,0.0066309999674558,0.0060330000706017,0.0059139998629689,0.0051719998009502,0.0049379998818039,0.0045719998888671,1,p. nitzchia
30,0.008751000277698,0.0079370001330971,0.0066309999674558,0.0060330000706017,0.0059139998629689,0.0051719998009502,0.0049379998818039,0.0045719998888671,1,p. nitzchia
30,0.008751000277698,0.0079370001330971,0.0066309999674558,0.0060330000706017,0.0059139998629689,0.0051719998009502,0.0049379998818039,0.0045719998888671,1,p. nitzchia
30,0.008751000277698,0.0079370001330971,0.0066309999674558,0.0060330000706017,0.0059139998629689,0.0051719998009502,0.0049379998818039,0.0045719998888671,1,p. nitzchia
30,0.008751000277698,0.0079370001330971,0.0066309999674558,0.0060330000706017,0.0059139998629689,0.0051719998009502,0.0049379998818039,0.0045719998888671,1,p. nitzchia
30,0.008751000277698,0.0079370001330971,0.0066309999674558,0.0060330000706017,0.0059139998629689,0.0051719998009502,0.0049379998818039,0.0045719998888671,1,p. nitzchia
30,0.008751000277698,0.0079370001330971,0.0066309999674558,0.0060330000706017,0.0059139998629689,0.0051719998009502,0.0049379998818039,0.0045719998888671,1,p. nitzchia
35,0.0057399999350309,0.0047880001366138,0.0036909999325871,0.0029780000913888,0.0029140000697225,0.0028369999490678,0.0027270000427961,0.001888999948278,1,p. nitzchia
35,0.0057399999350309,0.0047880001366138,0.0036909999325871,0.0029780000913888,0.0029140000697225,0.0028369999490678,0.0027270000427961,0.001888999948278,1,p. nitzchia
35,0.0057399999350309,0.0047880001366138,0.0036909999325871,0.0029780000913888,0.0029140000697225,0.0028369999490678,0.0027270000427961,0.001888999948278,1,p. nitzchia
35,0.0057399999350309,0.0047880001366138,0.0036909999325871,0.0029780000913888,0.0029140000697225,0.0028369999490678,0.0027270000427961,0.001888999948278,1,p. nitzchia
35,0.0057399999350309,0.0047880001366138,0.0036909999325871,0.0029780000913888,0.0029140000697225,0.0028369999490678,0.0027270000427961,0.001888999948278,1,p. nitzchia
35,0.0057399999350309,0.0047880001366138,0.0036909999325871,0.0029780000913888,0.0029140000697225,0.0028369999490678,0.0027270000427961,0.001888999948278,1,p. nitzchia
35,0.0057399999350309,0.0047880001366138,0.0036909999325871,0.0029780000913888,0.0029140000697225,0.0028369999490678,0.0027270000427961,0.001888999948278,1,p. nitzchia
35,0.0057399999350309,0.0047880001366138,0.0036909999325871,0.0029780000913888,0.0029140000697225,0.0028369999490678,0.0027270000427961,0.001888999948278,1,p. nitzchia
35,0.0057399999350309,0.0047880001366138,0.0036909999325871,0.0029780000913888,0.0029140000697225,0.0028369999490678,0.0027270000427961,0.001888999948278,1,p. nitzchia
35,0.0057399999350309,0.0047880001366138,0.0036909999325871,0.0029780000913888,0.0029140000697225,0.0028369999490678,0.0027270000427961,0.001888999948278,1,p. nitzchia
40,0.0109569998458027,0.0095039997249841,0.008220000192523,0.0070580001920461,0.0069550001062452,0.0071080001071095,0.0071669998578727,0.0059380000457167,1,p. nitzchia
40,0.0109569998458027,0.0095039997249841,0.008220000192523,0.0070580001920461,0.0069550001062452,0.0071080001071095,0.0071669998578727,0.0059380000457167,1,p. nitzchia
40,0.0109569998458027,0.0095039997249841,0.008220000192523,0.0070580001920461,0.0069550001062452,0.0071080001071095,0.0071669998578727,0.0059380000457167,1,p. nitzchia
40,0.0109569998458027,0.0095039997249841,0.008220000192523,0.0070580001920461,0.0069550001062452,0.0071080001071095,0.0071669998578727,0.0059380000457167,1,p. nitzchia
40,0.0109569998458027,0.0095039997249841,0.008220000192523,0.0070580001920461,0.0069550001062452,0.0071080001071095,0.0071669998578727,0.0059380000457167,1,p. nitzchia
40,0.0109569998458027,0.0095039997249841,0.008220000192523,0.0070580001920461,0.0069550001062452,0.0071080001071095,0.0071669998578727,0.0059380000457167,1,p. nitzchia
40,0.0109569998458027,0.0095039997249841,0.008220000192523,0.0070580001920461,0.0069550001062452,0.0071080001071095,0.0071669998578727,0.0059380000457167,1,p. nitzchia
40,0.0109569998458027,0.0095039997249841,0.008220000192523,0.0070580001920461,0.0069550001062452,0.0071080001071095,0.0071669998578727,0.0059380000457167,1,p. nitzchia
40,0.0109569998458027,0.0095039997249841,0.008220000192523,0.0070580001920461,0.0069550001062452,0.0071080001071095,0.0071669998578727,0.0059380000457167,1,p. nitzchia
40,0.0109569998458027,0.0095039997249841,0.008220000192523,0.0070580001920461,0.0069550001062452,0.0071080001071095,0.0071669998578727,0.0059380000457167,1,p. nitzchia
45,0.0088750002905726,0.0075830002315342,0.0059819999150931,0.0048549999482929,0.0047980002127587,0.0048279999755322,0.0045360000804066,0.0032850001007318,1,p. nitzchia
45,0.0088750002905726,0.0075830002315342,0.0059819999150931,0.0048549999482929,0.0047980002127587,0.0048279999755322,0.0045360000804066,0.0032850001007318,1,p. nitzchia
45,0.0088750002905726,0.0075830002315342,0.0059819999150931,0.0048549999482929,0.0047980002127587,0.0048279999755322,0.0045360000804066,0.0032850001007318,1,p. nitzchia
45,0.0088750002905726,0.0075830002315342,0.0059819999150931,0.0048549999482929,0.0047980002127587,0.0048279999755322,0.0045360000804066,0.0032850001007318,1,p. nitzchia
45,0.0088750002905726,0.0075830002315342,0.0059819999150931,0.0048549999482929,0.0047980002127587,0.0048279999755322,0.0045360000804066,0.0032850001007318,1,p. nitzchia
45,0.0088750002905726,0.0075830002315342,0.0059819999150931,0.0048549999482929,0.0047980002127587,0.0048279999755322,0.0045360000804066,0.0032850001007318,1,p. nitzchia
45,0.0088750002905726,0.0075830002315342,0.0059819999150931,0.0048549999482929,0.0047980002127587,0.0048279999755322,0.0045360000804066,0.0032850001007318,1,p. nitzchia
45,0.0088750002905726,0.0075830002315342,0.0059819999150931,0.0048549999482929,0.0047980002127587,0.0048279999755322,0.0045360000804066,0.0032850001007318,1,p. nitzchia
45,0.0088750002905726,0.0075830002315342,0.0059819999150931,0.0048549999482929,0.0047980002127587,0.0048279999755322,0.0045360000804066,0.0032850001007318,1,p. nitzchia
45,0.0088750002905726,0.0075830002315342,0.0059819999150931,0.0048549999482929,0.0047980002127587,0.0048279999755322,0.0045360000804066,0.0032850001007318,1,p. nitzchia
50,0.0128359999507665,0.0117800002917647,0.0104040000587701,0.0092599997296929,0.0091639999300241,0.0091300001367926,0.0089499996975064,0.0089880004525184,1,p. nitzchia
50,0.0128359999507665,0.0117800002917647,0.0104040000587701,0.0092599997296929,0.0091639999300241,0.0091300001367926,0.0089499996975064,0.0089880004525184,1,p. nitzchia
50,0.0128359999507665,0.0117800002917647,0.0104040000587701,0.0092599997296929,0.0091639999300241,0.0091300001367926,0.0089499996975064,0.0089880004525184,1,p. nitzchia
50,0.0128359999507665,0.0117800002917647,0.0104040000587701,0.0092599997296929,0.0091639999300241,0.0091300001367926,0.0089499996975064,0.0089880004525184,1,p. nitzchia
50,0.0128359999507665,0.0117800002917647,0.0104040000587701,0.0092599997296929,0.0091639999300241,0.0091300001367926,0.0089499996975064,0.0089880004525184,1,p. nitzchia
50,0.0128359999507665,0.0117800002917647,0.0104040000587701,0.0092599997296929,0.0091639999300241,0.0091300001367926,0.0089499996975064,0.0089880004525184,1,p. nitzchia
50,0.0128359999507665,0.0117800002917647,0.0104040000587701,0.0092599997296929,0.0091639999300241,0.0091300001367926,0.0089499996975064,0.0089880004525184,1,p. nitzchia
50,0.0128359999507665,0.0117800002917647,0.0104040000587701,0.0092599997296929,0.0091639999300241,0.0091300001367926,0.0089499996975064,0.0089880004525184,1,p. nitzchia
50,0.0128359999507665,0.0117800002917647,0.0104040000587701,0.0092599997296929,0.0091639999300241,0.0091300001367926,0.0089499996975064,0.0089880004525184,1,p. nitzchia
50,0.0128359999507665,0.0117800002917647,0.0104040000587701,0.0092599997296929,0.0091639999300241,0.0091300001367926,0.0089499996975064,0.0089880004525184,1,p. nitzchia
60,0.0124190002679824,0.0110929999500513,0.0092569999396801,0.0081719998270273,0.0081139998510479,0.0081719998270273,0.0079210000112652,0.0070770001038908,1,p. nitzchia
60,0.0124190002679824,0.0110929999500513,0.0092569999396801,0.0081719998270273,0.0081139998510479,0.0081719998270273,0.0079210000112652,0.0070770001038908,1,p. nitzchia
60,0.0124190002679824,0.0110929999500513,0.0092569999396801,0.0081719998270273,0.0081139998510479,0.0081719998270273,0.0079210000112652,0.0070770001038908,1,p. nitzchia
60,0.0124190002679824,0.0110929999500513,0.0092569999396801,0.0081719998270273,0.0081139998510479,0.0081719998270273,0.0079210000112652,0.0070770001038908,1,p. nitzchia
60,0.0124190002679824,0.0110929999500513,0.0092569999396801,0.0081719998270273,0.0081139998510479,0.0081719998270273,0.0079210000112652,0.0070770001038908,1,p. nitzchia
60,0.0124190002679824,0.0110929999500513,0.0092569999396801,0.0081719998270273,0.0081139998510479,0.0081719998270273,0.0079210000112652,0.0070770001038908,1,p. nitzchia
60,0.0124190002679824,0.0110929999500513,0.0092569999396801,0.0081719998270273,0.0081139998510479,0.0081719998270273,0.0079210000112652,0.0070770001038908,1,p. nitzchia
60,0.0124190002679824,0.0110929999500513,0.0092569999396801,0.0081719998270273,0.0081139998510479,0.0081719998270273,0.0079210000112652,0.0070770001038908,1,p. nitzchia
60,0.0124190002679824,0.0110929999500513,0.0092569999396801,0.0081719998270273,0.0081139998510479,0.0081719998270273,0.0079210000112652,0.0070770001038908,1,p. nitzchia
60,0.0124190002679824,0.0110929999500513,0.0092569999396801,0.0081719998270273,0.0081139998510479,0.0081719998270273,0.0079210000112652,0.0070770001038908,1,p. nitzchia
70,0.0162560008466243,0.0142050003632903,0.0121079999953508,0.0106229996308684,0.0105259995907545,0.0107230003923177,0.0102390004321932,0.0093930000439286,1,p. nitzchia
70,0.0162560008466243,0.0142050003632903,0.0121079999953508,0.0106229996308684,0.0105259995907545,0.0107230003923177,0.0102390004321932,0.0093930000439286,1,p. nitzchia
70,0.0162560008466243,0.0142050003632903,0.0121079999953508,0.0106229996308684,0.0105259995907545,0.0107230003923177,0.0102390004321932,0.0093930000439286,1,p. nitzchia
70,0.0162560008466243,0.0142050003632903,0.0121079999953508,0.0106229996308684,0.0105259995907545,0.0107230003923177,0.0102390004321932,0.0093930000439286,1,p. nitzchia
70,0.0162560008466243,0.0142050003632903,0.0121079999953508,0.0106229996308684,0.0105259995907545,0.0107230003923177,0.0102390004321932,0.0093930000439286,1,p. nitzchia
70,0.0162560008466243,0.0142050003632903,0.0121079999953508,0.0106229996308684,0.0105259995907545,0.0107230003923177,0.0102390004321932,0.0093930000439286,1,p. nitzchia
70,0.0162560008466243,0.0142050003632903,0.0121079999953508,0.0106229996308684,0.0105259995907545,0.0107230003923177,0.0102390004321932,0.0093930000439286,1,p. nitzchia
70,0.0162560008466243,0.0142050003632903,0.0121079999953508,0.0106229996308684,0.0105259995907545,0.0107230003923177,0.0102390004321932,0.0093930000439286,1,p. nitzchia
70,0.0162560008466243,0.0142050003632903,0.0121079999953508,0.0106229996308684,0.0105259995907545,0.0107230003923177,0.0102390004321932,0.0093930000439286,1,p. nitzchia
70,0.0162560008466243,0.0142050003632903,0.0121079999953508,0.0106229996308684,0.0105259995907545,0.0107230003923177,0.0102390004321932,0.0093930000439286,1,p. nitzchia
80,0.0208049993962049,0.018402000889182,0.0156709998846054,0.0140960002318024,0.0138839995488524,0.0137440003454685,0.0127370003610849,0.0127830002456903,1,p. nitzchia
80,0.0208049993962049,0.018402000889182,0.0156709998846054,0.0140960002318024,0.0138839995488524,0.0137440003454685,0.0127370003610849,0.0127830002456903,1,p. nitzchia
80,0.0208049993962049,0.018402000889182,0.0156709998846054,0.0140960002318024,0.0138839995488524,0.0137440003454685,0.0127370003610849,0.0127830002456903,1,p. nitzchia
80,0.0208049993962049,0.018402000889182,0.0156709998846054,0.0140960002318024,0.0138839995488524,0.0137440003454685,0.0127370003610849,0.0127830002456903,1,p. nitzchia
80,0.0208049993962049,0.018402000889182,0.0156709998846054,0.0140960002318024,0.0138839995488524,0.0137440003454685,0.0127370003610849,0.0127830002456903,1,p. nitzchia
80,0.0208049993962049,0.018402000889182,0.0156709998846054,0.0140960002318024,0.0138839995488524,0.0137440003454685,0.0127370003610849,0.0127830002456903,1,p. nitzchia
80,0.0208049993962049,0.018402000889182,0.0156709998846054,0.0140960002318024,0.0138839995488524,0.0137440003454685,0.0127370003610849,0.0127830002456903,1,p. nitzchia
80,0.0208049993962049,0.018402000889182,0.0156709998846054,0.0140960002318024,0.0138839995488524,0.0137440003454685,0.0127370003610849,0.0127830002456903,1,p. nitzchia
80,0.0208049993962049,0.018402000889182,0.0156709998846054,0.0140960002318024,0.0138839995488524,0.0137440003454685,0.0127370003610849,0.0127830002456903,1,p. nitzchia
80,0.0208049993962049,0.018402000889182,0.0156709998846054,0.0140960002318024,0.0138839995488524,0.0137440003454685,0.0127370003610849,0.0127830002456903,1,p. nitzchia
90,0.0298970006406307,0.0264560002833604,0.0223210006952285,0.0198170002549886,0.0196299999952316,0.0190990008413791,0.0178960002958774,0.0170280002057552,1,p. nitzchia
90,0.0298970006406307,0.0264560002833604,0.0223210006952285,0.0198170002549886,0.0196299999952316,0.0190990008413791,0.0178960002958774,0.0170280002057552,1,p. nitzchia
90,0.0298970006406307,0.0264560002833604,0.0223210006952285,0.0198170002549886,0.0196299999952316,0.0190990008413791,0.0178960002958774,0.0170280002057552,1,p. nitzchia
90,0.0298970006406307,0.0264560002833604,0.0223210006952285,0.0198170002549886,0.0196299999952316,0.0190990008413791,0.0178960002958774,0.0170280002057552,1,p. nitzchia
90,0.0298970006406307,0.0264560002833604,0.0223210006952285,0.0198170002549886,0.0196299999952316,0.0190990008413791,0.0178960002958774,0.0170280002057552,1,p. nitzchia
90,0.0298970006406307,0.0264560002833604,0.0223210006952285,0.0198170002549886,0.0196299999952316,0.0190990008413791,0.0178960002958774,0.0170280002057552,1,p. nitzchia
90,0.0298970006406307,0.0264560002833604,0.0223210006952285,0.0198170002549886,0.0196299999952316,0.0190990008413791,0.0178960002958774,0.0170280002057552,1,p. nitzchia
90,0.0298970006406307,0.0264560002833604,0.0223210006952285,0.0198170002549886,0.0196299999952316,0.0190990008413791,0.0178960002958774,0.0170280002057552,1,p. nitzchia
90,0.0298970006406307,0.0264560002833604,0.0223210006952285,0.0198170002549886,0.0196299999952316,0.0190990008413791,0.0178960002958774,0.0170280002057552,1,p. nitzchia
90,0.0298970006406307,0.0264560002833604,0.0223210006952285,0.0198170002549886,0.0196299999952316,0.0190990008413791,0.0178960002958774,0.0170280002057552,1,p. nitzchia
100,0.0279479995369911,0.0243730004876852,0.0201210007071495,0.0178389996290206,0.0176180005073547,0.0175129994750022,0.016084000468254,0.015599999576807,1,p. nitzchia
100,0.0279479995369911,0.0243730004876852,0.0201210007071495,0.0178389996290206,0.0176180005073547,0.0175129994750022,0.016084000468254,0.015599999576807,1,p. nitzchia
100,0.0279479995369911,0.0243730004876852,0.0201210007071495,0.0178389996290206,0.0176180005073547,0.0175129994750022,0.016084000468254,0.015599999576807,1,p. nitzchia
100,0.0279479995369911,0.0243730004876852,0.0201210007071495,0.0178389996290206,0.0176180005073547,0.0175129994750022,0.016084000468254,0.015599999576807,1,p. nitzchia
100,0.0279479995369911,0.0243730004876852,0.0201210007071495,0.0178389996290206,0.0176180005073547,0.0175129994750022,0.016084000468254,0.015599999576807,1,p. nitzchia
100,0.0279479995369911,0.0243730004876852,0.0201210007071495,0.0178389996290206,0.0176180005073547,0.0175129994750022,0.016084000468254,0.015599999576807,1,p. nitzchia
100,0.0279479995369911,0.0243730004876852,0.0201210007071495,0.0178389996290206,0.0176180005073547,0.0175129994750022,0.016084000468254,0.015599999576807,1,p. nitzchia
100,0.0279479995369911,0.0243730004876852,0.0201210007071495,0.0178389996290206,0.0176180005073547,0.0175129994750022,0.016084000468254,0.015599999576807,1,p. nitzchia
100,0.0279479995369911,0.0243730004876852,0.0201210007071495,0.0178389996290206,0.0176180005073547,0.0175129994750022,0.016084000468254,0.015599999576807,1,p. nitzchia
100,0.0279479995369911,0.0243730004876852,0.0201210007071495,0.0178389996290206,0.0176180005073547,0.0175129994750022,0.016084000468254,0.015599999576807,1,p. nitzchia
2,0.0,0.0,0.0,0.0,0.0,0.0,0.0,0.0,2,t. tetrahele
2,0.0,0.0,0.0,0.0,0.0,0.0,0.0,0.0,2,t. tetrahele
2,0.0,0.0,0.0,0.0,0.0,0.0,0.0,0.0,2,t. tetrahele
2,0.0,0.0,0.0,0.0,0.0,0.0,0.0,0.0,2,t. tetrahele
2,0.0,0.0,0.0,0.0,0.0,0.0,0.0,0.0,2,t. tetrahele
2,0.0,0.0,0.0,0.0,0.0,0.0,0.0,0.0,2,t. tetrahele
2,0.0,0.0,0.0,0.0,0.0,0.0,0.0,0.0,2,t. tetrahele
2,0.0,0.0,0.0,0.0,0.0,0.0,0.0,0.0,2,t. tetrahele
2,0.0,0.0,0.0,0.0,0.0,0.0,0.0,0.0,2,t. tetrahele
2,0.0,0.0,0.0,0.0,0.0,0.0,0.0,0.0,2,t. tetrahele
4,0.0004509999998845,0.0009769999887794,-7.599999662488699e-05,6.299999949987978e-05,0.00021199999901,0.0004539999936241,0.0003399999986868,0.0004649999900721,2,t. tetrahele
4,0.0004509999998845,0.0009769999887794,-7.599999662488699e-05,6.299999949987978e-05,0.00021199999901,0.0004539999936241,0.0003399999986868,0.0004649999900721,2,t. tetrahele
4,0.0004509999998845,0.0009769999887794,-7.599999662488699e-05,6.299999949987978e-05,0.00021199999901,0.0004539999936241,0.0003399999986868,0.0004649999900721,2,t. tetrahele
4,0.0004509999998845,0.0009769999887794,-7.599999662488699e-05,6.299999949987978e-05,0.00021199999901,0.0004539999936241,0.0003399999986868,0.0004649999900721,2,t. tetrahele
4,0.0004509999998845,0.0009769999887794,-7.599999662488699e-05,6.299999949987978e-05,0.00021199999901,0.0004539999936241,0.0003399999986868,0.0004649999900721,2,t. tetrahele
4,0.0004509999998845,0.0009769999887794,-7.599999662488699e-05,6.299999949987978e-05,0.00021199999901,0.0004539999936241,0.0003399999986868,0.0004649999900721,2,t. tetrahele
4,0.0004509999998845,0.0009769999887794,-7.599999662488699e-05,6.299999949987978e-05,0.00021199999901,0.0004539999936241,0.0003399999986868,0.0004649999900721,2,t. tetrahele
4,0.0004509999998845,0.0009769999887794,-7.599999662488699e-05,6.299999949987978e-05,0.00021199999901,0.0004539999936241,0.0003399999986868,0.0004649999900721,2,t. tetrahele
4,0.0004509999998845,0.0009769999887794,-7.599999662488699e-05,6.299999949987978e-05,0.00021199999901,0.0004539999936241,0.0003399999986868,0.0004649999900721,2,t. tetrahele
4,0.0004509999998845,0.0009769999887794,-7.599999662488699e-05,6.299999949987978e-05,0.00021199999901,0.0004539999936241,0.0003399999986868,0.0004649999900721,2,t. tetrahele
6,0.0059520001523196,0.0064050001092255,0.004583999980241,0.0043709999881684,0.0045250002294778,0.0053159999661147,0.0049890000373125,0.0048870001919567,2,t. tetrahele
6,0.0059520001523196,0.0064050001092255,0.004583999980241,0.0043709999881684,0.0045250002294778,0.0053159999661147,0.0049890000373125,0.0048870001919567,2,t. tetrahele
6,0.0059520001523196,0.0064050001092255,0.004583999980241,0.0043709999881684,0.0045250002294778,0.0053159999661147,0.0049890000373125,0.0048870001919567,2,t. tetrahele
6,0.0059520001523196,0.0064050001092255,0.004583999980241,0.0043709999881684,0.0045250002294778,0.0053159999661147,0.0049890000373125,0.0048870001919567,2,t. tetrahele
6,0.0059520001523196,0.0064050001092255,0.004583999980241,0.0043709999881684,0.0045250002294778,0.0053159999661147,0.0049890000373125,0.0048870001919567,2,t. tetrahele
6,0.0059520001523196,0.0064050001092255,0.004583999980241,0.0043709999881684,0.0045250002294778,0.0053159999661147,0.0049890000373125,0.0048870001919567,2,t. tetrahele
6,0.0059520001523196,0.0064050001092255,0.004583999980241,0.0043709999881684,0.0045250002294778,0.0053159999661147,0.0049890000373125,0.0048870001919567,2,t. tetrahele
6,0.0059520001523196,0.0064050001092255,0.004583999980241,0.0043709999881684,0.0045250002294778,0.0053159999661147,0.0049890000373125,0.0048870001919567,2,t. tetrahele
6,0.0059520001523196,0.0064050001092255,0.004583999980241,0.0043709999881684,0.0045250002294778,0.0053159999661147,0.0049890000373125,0.0048870001919567,2,t. tetrahele
6,0.0059520001523196,0.0064050001092255,0.004583999980241,0.0043709999881684,0.0045250002294778,0.0053159999661147,0.0049890000373125,0.0048870001919567,2,t. tetrahele
8,0.0052769999019801,0.005036000162363,0.0024929998908191,0.0018159999744966,0.0020129999611526,0.0021889999043196,0.001890999963507,0.0018260000506415,2,t. tetrahele
8,0.0052769999019801,0.005036000162363,0.0024929998908191,0.0018159999744966,0.0020129999611526,0.0021889999043196,0.001890999963507,0.0018260000506415,2,t. tetrahele
8,0.0052769999019801,0.005036000162363,0.0024929998908191,0.0018159999744966,0.0020129999611526,0.0021889999043196,0.001890999963507,0.0018260000506415,2,t. tetrahele
8,0.0052769999019801,0.005036000162363,0.0024929998908191,0.0018159999744966,0.0020129999611526,0.0021889999043196,0.001890999963507,0.0018260000506415,2,t. tetrahele
8,0.0052769999019801,0.005036000162363,0.0024929998908191,0.0018159999744966,0.0020129999611526,0.0021889999043196,0.001890999963507,0.0018260000506415,2,t. tetrahele
8,0.0052769999019801,0.005036000162363,0.0024929998908191,0.0018159999744966,0.0020129999611526,0.0021889999043196,0.001890999963507,0.0018260000506415,2,t. tetrahele
8,0.0052769999019801,0.005036000162363,0.0024929998908191,0.0018159999744966,0.0020129999611526,0.0021889999043196,0.001890999963507,0.0018260000506415,2,t. tetrahele
8,0.0052769999019801,0.005036000162363,0.0024929998908191,0.0018159999744966,0.0020129999611526,0.0021889999043196,0.001890999963507,0.0018260000506415,2,t. tetrahele
8,0.0052769999019801,0.005036000162363,0.0024929998908191,0.0018159999744966,0.0020129999611526,0.0021889999043196,0.001890999963507,0.0018260000506415,2,t. tetrahele
8,0.0052769999019801,0.005036000162363,0.0024929998908191,0.0018159999744966,0.0020129999611526,0.0021889999043196,0.001890999963507,0.0018260000506415,2,t. tetrahele
10,0.0326899997889995,0.0301750004291534,0.0242219995707273,0.0215329993516206,0.0217400006949901,0.0229959990829229,0.0226259995251894,0.0210400000214576,2,t. tetrahele
10,0.0326899997889995,0.0301750004291534,0.0242219995707273,0.0215329993516206,0.0217400006949901,0.0229959990829229,0.0226259995251894,0.0210400000214576,2,t. tetrahele
10,0.0326899997889995,0.0301750004291534,0.0242219995707273,0.0215329993516206,0.0217400006949901,0.0229959990829229,0.0226259995251894,0.0210400000214576,2,t. tetrahele
10,0.0326899997889995,0.0301750004291534,0.0242219995707273,0.0215329993516206,0.0217400006949901,0.0229959990829229,0.0226259995251894,0.0210400000214576,2,t. tetrahele
10,0.0326899997889995,0.0301750004291534,0.0242219995707273,0.0215329993516206,0.0217400006949901,0.0229959990829229,0.0226259995251894,0.0210400000214576,2,t. tetrahele
10,0.0326899997889995,0.0301750004291534,0.0242219995707273,0.0215329993516206,0.0217400006949901,0.0229959990829229,0.0226259995251894,0.0210400000214576,2,t. tetrahele
10,0.0326899997889995,0.0301750004291534,0.0242219995707273,0.0215329993516206,0.0217400006949901,0.0229959990829229,0.0226259995251894,0.0210400000214576,2,t. tetrahele
10,0.0326899997889995,0.0301750004291534,0.0242219995707273,0.0215329993516206,0.0217400006949901,0.0229959990829229,0.0226259995251894,0.0210400000214576,2,t. tetrahele
10,0.0326899997889995,0.0301750004291534,0.0242219995707273,0.0215329993516206,0.0217400006949901,0.0229959990829229,0.0226259995251894,0.0210400000214576,2,t. tetrahele
10,0.0326899997889995,0.0301750004291534,0.0242219995707273,0.0215329993516206,0.0217400006949901,0.0229959990829229,0.0226259995251894,0.0210400000214576,2,t. tetrahele
12,0.0178689993917942,0.0179159995168447,0.0146810002624988,0.0130249997600913,0.0131609998643398,0.0140690002590417,0.0148010002449154,0.014398000203073,2,t. tetrahele
12,0.0178689993917942,0.0179159995168447,0.0146810002624988,0.0130249997600913,0.0131609998643398,0.0140690002590417,0.0148010002449154,0.014398000203073,2,t. tetrahele
12,0.0178689993917942,0.0179159995168447,0.0146810002624988,0.0130249997600913,0.0131609998643398,0.0140690002590417,0.0148010002449154,0.014398000203073,2,t. tetrahele
12,0.0178689993917942,0.0179159995168447,0.0146810002624988,0.0130249997600913,0.0131609998643398,0.0140690002590417,0.0148010002449154,0.014398000203073,2,t. tetrahele
12,0.0178689993917942,0.0179159995168447,0.0146810002624988,0.0130249997600913,0.0131609998643398,0.0140690002590417,0.0148010002449154,0.014398000203073,2,t. tetrahele
12,0.0178689993917942,0.0179159995168447,0.0146810002624988,0.0130249997600913,0.0131609998643398,0.0140690002590417,0.0148010002449154,0.014398000203073,2,t. tetrahele
12,0.0178689993917942,0.0179159995168447,0.0146810002624988,0.0130249997600913,0.0131609998643398,0.0140690002590417,0.0148010002449154,0.014398000203073,2,t. tetrahele
12,0.0178689993917942,0.0179159995168447,0.0146810002624988,0.0130249997600913,0.0131609998643398,0.0140690002590417,0.0148010002449154,0.014398000203073,2,t. tetrahele
12,0.0178689993917942,0.0179159995168447,0.0146810002624988,0.0130249997600913,0.0131609998643398,0.0140690002590417,0.0148010002449154,0.014398000203073,2,t. tetrahele
12,0.0178689993917942,0.0179159995168447,0.0146810002624988,0.0130249997600913,0.0131609998643398,0.0140690002590417,0.0148010002449154,0.014398000203073,2,t. tetrahele
14,0.0568449981510639,0.0529740005731582,0.0435779988765716,0.0386819988489151,0.0387279987335205,0.040667999535799,0.0395420007407665,0.0367880016565322,2,t. tetrahele
14,0.0568449981510639,0.0529740005731582,0.0435779988765716,0.0386819988489151,0.0387279987335205,0.040667999535799,0.0395420007407665,0.0367880016565322,2,t. tetrahele
14,0.0568449981510639,0.0529740005731582,0.0435779988765716,0.0386819988489151,0.0387279987335205,0.040667999535799,0.0395420007407665,0.0367880016565322,2,t. tetrahele
14,0.0568449981510639,0.0529740005731582,0.0435779988765716,0.0386819988489151,0.0387279987335205,0.040667999535799,0.0395420007407665,0.0367880016565322,2,t. tetrahele
14,0.0568449981510639,0.0529740005731582,0.0435779988765716,0.0386819988489151,0.0387279987335205,0.040667999535799,0.0395420007407665,0.0367880016565322,2,t. tetrahele
14,0.0568449981510639,0.0529740005731582,0.0435779988765716,0.0386819988489151,0.0387279987335205,0.040667999535799,0.0395420007407665,0.0367880016565322,2,t. tetrahele
14,0.0568449981510639,0.0529740005731582,0.0435779988765716,0.0386819988489151,0.0387279987335205,0.040667999535799,0.0395420007407665,0.0367880016565322,2,t. tetrahele
14,0.0568449981510639,0.0529740005731582,0.0435779988765716,0.0386819988489151,0.0387279987335205,0.040667999535799,0.0395420007407665,0.0367880016565322,2,t. tetrahele
14,0.0568449981510639,0.0529740005731582,0.0435779988765716,0.0386819988489151,0.0387279987335205,0.040667999535799,0.0395420007407665,0.0367880016565322,2,t. tetrahele
14,0.0568449981510639,0.0529740005731582,0.0435779988765716,0.0386819988489151,0.0387279987335205,0.040667999535799,0.0395420007407665,0.0367880016565322,2,t. tetrahele
16,0.0528470017015934,0.0508259981870651,0.0436940006911754,0.039352998137474,0.0394780002534389,0.0419769994914531,0.0423079989850521,0.0406230017542839,2,t. tetrahele
16,0.0528470017015934,0.0508259981870651,0.0436940006911754,0.039352998137474,0.0394780002534389,0.0419769994914531,0.0423079989850521,0.0406230017542839,2,t. tetrahele
16,0.0528470017015934,0.0508259981870651,0.0436940006911754,0.039352998137474,0.0394780002534389,0.0419769994914531,0.0423079989850521,0.0406230017542839,2,t. tetrahele
16,0.0528470017015934,0.0508259981870651,0.0436940006911754,0.039352998137474,0.0394780002534389,0.0419769994914531,0.0423079989850521,0.0406230017542839,2,t. tetrahele
16,0.0528470017015934,0.0508259981870651,0.0436940006911754,0.039352998137474,0.0394780002534389,0.0419769994914531,0.0423079989850521,0.0406230017542839,2,t. tetrahele
16,0.0528470017015934,0.0508259981870651,0.0436940006911754,0.039352998137474,0.0394780002534389,0.0419769994914531,0.0423079989850521,0.0406230017542839,2,t. tetrahele
16,0.0528470017015934,0.0508259981870651,0.0436940006911754,0.039352998137474,0.0394780002534389,0.0419769994914531,0.0423079989850521,0.0406230017542839,2,t. tetrahele
16,0.0528470017015934,0.0508259981870651,0.0436940006911754,0.039352998137474,0.0394780002534389,0.0419769994914531,0.0423079989850521,0.0406230017542839,2,t. tetrahele
16,0.0528470017015934,0.0508259981870651,0.0436940006911754,0.039352998137474,0.0394780002534389,0.0419769994914531,0.0423079989850521,0.0406230017542839,2,t. tetrahele
16,0.0528470017015934,0.0508259981870651,0.0436940006911754,0.039352998137474,0.0394780002534389,0.0419769994914531,0.0423079989850521,0.0406230017542839,2,t. tetrahele
18,0.0354579985141754,0.0351420007646083,0.0304579995572567,0.0280840005725622,0.0282579995691776,0.0298050008714199,0.0305230002850294,0.0300799999386072,2,t. tetrahele
18,0.0354579985141754,0.0351420007646083,0.0304579995572567,0.0280840005725622,0.0282579995691776,0.0298050008714199,0.0305230002850294,0.0300799999386072,2,t. tetrahele
18,0.0354579985141754,0.0351420007646083,0.0304579995572567,0.0280840005725622,0.0282579995691776,0.0298050008714199,0.0305230002850294,0.0300799999386072,2,t. tetrahele
18,0.0354579985141754,0.0351420007646083,0.0304579995572567,0.0280840005725622,0.0282579995691776,0.0298050008714199,0.0305230002850294,0.0300799999386072,2,t. tetrahele
18,0.0354579985141754,0.0351420007646083,0.0304579995572567,0.0280840005725622,0.0282579995691776,0.0298050008714199,0.0305230002850294,0.0300799999386072,2,t. tetrahele
18,0.0354579985141754,0.0351420007646083,0.0304579995572567,0.0280840005725622,0.0282579995691776,0.0298050008714199,0.0305230002850294,0.0300799999386072,2,t. tetrahele
18,0.0354579985141754,0.0351420007646083,0.0304579995572567,0.0280840005725622,0.0282579995691776,0.0298050008714199,0.0305230002850294,0.0300799999386072,2,t. tetrahele
18,0.0354579985141754,0.0351420007646083,0.0304579995572567,0.0280840005725622,0.0282579995691776,0.0298050008714199,0.0305230002850294,0.0300799999386072,2,t. tetrahele
18,0.0354579985141754,0.0351420007646083,0.0304579995572567,0.0280840005725622,0.0282579995691776,0.0298050008714199,0.0305230002850294,0.0300799999386072,2,t. tetrahele
18,0.0354579985141754,0.0351420007646083,0.0304579995572567,0.0280840005725622,0.0282579995691776,0.0298050008714199,0.0305230002850294,0.0300799999386072,2,t. tetrahele
20,0.0711160004138946,0.0698510035872459,0.0620299987494945,0.0567440018057823,0.056768998503685,0.0600950010120868,0.0622740015387535,0.0615269988775253,2,t. tetrahele
20,0.0711160004138946,0.0698510035872459,0.0620299987494945,0.0567440018057823,0.056768998503685,0.0600950010120868,0.0622740015387535,0.0615269988775253,2,t. tetrahele
20,0.0711160004138946,0.0698510035872459,0.0620299987494945,0.0567440018057823,0.056768998503685,0.0600950010120868,0.0622740015387535,0.0615269988775253,2,t. tetrahele
20,0.0711160004138946,0.0698510035872459,0.0620299987494945,0.0567440018057823,0.056768998503685,0.0600950010120868,0.0622740015387535,0.0615269988775253,2,t. tetrahele
20,0.0711160004138946,0.0698510035872459,0.0620299987494945,0.0567440018057823,0.056768998503685,0.0600950010120868,0.0622740015387535,0.0615269988775253,2,t. tetrahele
20,0.0711160004138946,0.0698510035872459,0.0620299987494945,0.0567440018057823,0.056768998503685,0.0600950010120868,0.0622740015387535,0.0615269988775253,2,t. tetrahele
20,0.0711160004138946,0.0698510035872459,0.0620299987494945,0.0567440018057823,0.056768998503685,0.0600950010120868,0.0622740015387535,0.0615269988775253,2,t. tetrahele
20,0.0711160004138946,0.0698510035872459,0.0620299987494945,0.0567440018057823,0.056768998503685,0.0600950010120868,0.0622740015387535,0.0615269988775253,2,t. tetrahele
20,0.0711160004138946,0.0698510035872459,0.0620299987494945,0.0567440018057823,0.056768998503685,0.0600950010120868,0.0622740015387535,0.0615269988775253,2,t. tetrahele
20,0.0711160004138946,0.0698510035872459,0.0620299987494945,0.0567440018057823,0.056768998503685,0.0600950010120868,0.0622740015387535,0.0615269988775253,2,t. tetrahele
25,0.0671020001173019,0.0658750012516975,0.0588250011205673,0.0537929981946945,0.0538889989256858,0.0574069991707801,0.0592200011014938,0.0584199987351894,2,t. tetrahele
25,0.0671020001173019,0.0658750012516975,0.0588250011205673,0.0537929981946945,0.0538889989256858,0.0574069991707801,0.0592200011014938,0.0584199987351894,2,t. tetrahele
25,0.0671020001173019,0.0658750012516975,0.0588250011205673,0.0537929981946945,0.0538889989256858,0.0574069991707801,0.0592200011014938,0.0584199987351894,2,t. tetrahele
25,0.0671020001173019,0.0658750012516975,0.0588250011205673,0.0537929981946945,0.0538889989256858,0.0574069991707801,0.0592200011014938,0.0584199987351894,2,t. tetrahele
25,0.0671020001173019,0.0658750012516975,0.0588250011205673,0.0537929981946945,0.0538889989256858,0.0574069991707801,0.0592200011014938,0.0584199987351894,2,t. tetrahele
25,0.0671020001173019,0.0658750012516975,0.0588250011205673,0.0537929981946945,0.0538889989256858,0.0574069991707801,0.0592200011014938,0.0584199987351894,2,t. tetrahele
25,0.0671020001173019,0.0658750012516975,0.0588250011205673,0.0537929981946945,0.0538889989256858,0.0574069991707801,0.0592200011014938,0.0584199987351894,2,t. tetrahele
25,0.0671020001173019,0.0658750012516975,0.0588250011205673,0.0537929981946945,0.0538889989256858,0.0574069991707801,0.0592200011014938,0.0584199987351894,2,t. tetrahele
25,0.0671020001173019,0.0658750012516975,0.0588250011205673,0.0537929981946945,0.0538889989256858,0.0574069991707801,0.0592200011014938,0.0584199987351894,2,t. tetrahele
25,0.0671020001173019,0.0658750012516975,0.0588250011205673,0.0537929981946945,0.0538889989256858,0.0574069991707801,0.0592200011014938,0.0584199987351894,2,t. tetrahele
30,0.0598639994859695,0.0587170012295246,0.0514560006558895,0.0465160012245178,0.0465839989483356,0.0488420017063617,0.050500001758337,0.0504520013928413,2,t. tetrahele
30,0.0598639994859695,0.0587170012295246,0.0514560006558895,0.0465160012245178,0.0465839989483356,0.0488420017063617,0.050500001758337,0.0504520013928413,2,t. tetrahele
30,0.0598639994859695,0.0587170012295246,0.0514560006558895,0.0465160012245178,0.0465839989483356,0.0488420017063617,0.050500001758337,0.0504520013928413,2,t. tetrahele
30,0.0598639994859695,0.0587170012295246,0.0514560006558895,0.0465160012245178,0.0465839989483356,0.0488420017063617,0.050500001758337,0.0504520013928413,2,t. tetrahele
30,0.0598639994859695,0.0587170012295246,0.0514560006558895,0.0465160012245178,0.0465839989483356,0.0488420017063617,0.050500001758337,0.0504520013928413,2,t. tetrahele
30,0.0598639994859695,0.0587170012295246,0.0514560006558895,0.0465160012245178,0.0465839989483356,0.0488420017063617,0.050500001758337,0.0504520013928413,2,t. tetrahele
30,0.0598639994859695,0.0587170012295246,0.0514560006558895,0.0465160012245178,0.0465839989483356,0.0488420017063617,0.050500001758337,0.0504520013928413,2,t. tetrahele
30,0.0598639994859695,0.0587170012295246,0.0514560006558895,0.0465160012245178,0.0465839989483356,0.0488420017063617,0.050500001758337,0.0504520013928413,2,t. tetrahele
30,0.0598639994859695,0.0587170012295246,0.0514560006558895,0.0465160012245178,0.0465839989483356,0.0488420017063617,0.050500001758337,0.0504520013928413,2,t. tetrahele
30,0.0598639994859695,0.0587170012295246,0.0514560006558895,0.0465160012245178,0.0465839989483356,0.0488420017063617,0.050500001758337,0.0504520013928413,2,t. tetrahele
35,0.0864669978618621,0.0856589972972869,0.0769990012049675,0.0709279999136924,0.0709099993109703,0.0745140016078949,0.077684000134468,0.0772650018334388,2,t. tetrahele
35,0.0864669978618621,0.0856589972972869,0.0769990012049675,0.0709279999136924,0.0709099993109703,0.0745140016078949,0.077684000134468,0.0772650018334388,2,t. tetrahele
35,0.0864669978618621,0.0856589972972869,0.0769990012049675,0.0709279999136924,0.0709099993109703,0.0745140016078949,0.077684000134468,0.0772650018334388,2,t. tetrahele
35,0.0864669978618621,0.0856589972972869,0.0769990012049675,0.0709279999136924,0.0709099993109703,0.0745140016078949,0.077684000134468,0.0772650018334388,2,t. tetrahele
35,0.0864669978618621,0.0856589972972869,0.0769990012049675,0.0709279999136924,0.0709099993109703,0.0745140016078949,0.077684000134468,0.0772650018334388,2,t. tetrahele
35,0.0864669978618621,0.0856589972972869,0.0769990012049675,0.0709279999136924,0.0709099993109703,0.0745140016078949,0.077684000134468,0.0772650018334388,2,t. tetrahele
35,0.0864669978618621,0.0856589972972869,0.0769990012049675,0.0709279999136924,0.0709099993109703,0.0745140016078949,0.077684000134468,0.0772650018334388,2,t. tetrahele
35,0.0864669978618621,0.0856589972972869,0.0769990012049675,0.0709279999136924,0.0709099993109703,0.0745140016078949,0.077684000134468,0.0772650018334388,2,t. tetrahele
35,0.0864669978618621,0.0856589972972869,0.0769990012049675,0.0709279999136924,0.0709099993109703,0.0745140016078949,0.077684000134468,0.0772650018334388,2,t. tetrahele
35,0.0864669978618621,0.0856589972972869,0.0769990012049675,0.0709279999136924,0.0709099993109703,0.0745140016078949,0.077684000134468,0.0772650018334388,2,t. tetrahele
40,0.1066719964146614,0.1051670014858245,0.0932739973068237,0.0855399966239929,0.0856619998812675,0.090219996869564,0.0935750007629394,0.0924260020256042,2,t. tetrahele
40,0.1066719964146614,0.1051670014858245,0.0932739973068237,0.0855399966239929,0.0856619998812675,0.090219996869564,0.0935750007629394,0.0924260020256042,2,t. tetrahele
40,0.1066719964146614,0.1051670014858245,0.0932739973068237,0.0855399966239929,0.0856619998812675,0.090219996869564,0.0935750007629394,0.0924260020256042,2,t. tetrahele
40,0.1066719964146614,0.1051670014858245,0.0932739973068237,0.0855399966239929,0.0856619998812675,0.090219996869564,0.0935750007629394,0.0924260020256042,2,t. tetrahele
40,0.1066719964146614,0.1051670014858245,0.0932739973068237,0.0855399966239929,0.0856619998812675,0.090219996869564,0.0935750007629394,0.0924260020256042,2,t. tetrahele
40,0.1066719964146614,0.1051670014858245,0.0932739973068237,0.0855399966239929,0.0856619998812675,0.090219996869564,0.0935750007629394,0.0924260020256042,2,t. tetrahele
40,0.1066719964146614,0.1051670014858245,0.0932739973068237,0.0855399966239929,0.0856619998812675,0.090219996869564,0.0935750007629394,0.0924260020256042,2,t. tetrahele
40,0.1066719964146614,0.1051670014858245,0.0932739973068237,0.0855399966239929,0.0856619998812675,0.090219996869564,0.0935750007629394,0.0924260020256042,2,t. tetrahele
40,0.1066719964146614,0.1051670014858245,0.0932739973068237,0.0855399966239929,0.0856619998812675,0.090219996869564,0.0935750007629394,0.0924260020256042,2,t. tetrahele
40,0.1066719964146614,0.1051670014858245,0.0932739973068237,0.0855399966239929,0.0856619998812675,0.090219996869564,0.0935750007629394,0.0924260020256042,2,t. tetrahele
45,0.0966830030083656,0.0954589992761612,0.0839409977197647,0.0766760036349296,0.0767370015382766,0.0817589983344078,0.0849049985408783,0.0836199969053268,2,t. tetrahele
45,0.0966830030083656,0.0954589992761612,0.0839409977197647,0.0766760036349296,0.0767370015382766,0.0817589983344078,0.0849049985408783,0.0836199969053268,2,t. tetrahele
45,0.0966830030083656,0.0954589992761612,0.0839409977197647,0.0766760036349296,0.0767370015382766,0.0817589983344078,0.0849049985408783,0.0836199969053268,2,t. tetrahele
45,0.0966830030083656,0.0954589992761612,0.0839409977197647,0.0766760036349296,0.0767370015382766,0.0817589983344078,0.0849049985408783,0.0836199969053268,2,t. tetrahele
45,0.0966830030083656,0.0954589992761612,0.0839409977197647,0.0766760036349296,0.0767370015382766,0.0817589983344078,0.0849049985408783,0.0836199969053268,2,t. tetrahele
45,0.0966830030083656,0.0954589992761612,0.0839409977197647,0.0766760036349296,0.0767370015382766,0.0817589983344078,0.0849049985408783,0.0836199969053268,2,t. tetrahele
45,0.0966830030083656,0.0954589992761612,0.0839409977197647,0.0766760036349296,0.0767370015382766,0.0817589983344078,0.0849049985408783,0.0836199969053268,2,t. tetrahele
45,0.0966830030083656,0.0954589992761612,0.0839409977197647,0.0766760036349296,0.0767370015382766,0.0817589983344078,0.0849049985408783,0.0836199969053268,2,t. tetrahele
45,0.0966830030083656,0.0954589992761612,0.0839409977197647,0.0766760036349296,0.0767370015382766,0.0817589983344078,0.0849049985408783,0.0836199969053268,2,t. tetrahele
45,0.0966830030083656,0.0954589992761612,0.0839409977197647,0.0766760036349296,0.0767370015382766,0.0817589983344078,0.0849049985408783,0.0836199969053268,2,t. tetrahele
50,0.1148049980401992,0.1144500002264976,0.103033997118473,0.0940039977431297,0.094040997326374,0.099041998386383,0.1037449985742569,0.1033419966697692,2,t. tetrahele
50,0.1148049980401992,0.1144500002264976,0.103033997118473,0.0940039977431297,0.094040997326374,0.099041998386383,0.1037449985742569,0.1033419966697692,2,t. tetrahele
50,0.1148049980401992,0.1144500002264976,0.103033997118473,0.0940039977431297,0.094040997326374,0.099041998386383,0.1037449985742569,0.1033419966697692,2,t. tetrahele
50,0.1148049980401992,0.1144500002264976,0.103033997118473,0.0940039977431297,0.094040997326374,0.099041998386383,0.1037449985742569,0.1033419966697692,2,t. tetrahele
50,0.1148049980401992,0.1144500002264976,0.103033997118473,0.0940039977431297,0.094040997326374,0.099041998386383,0.1037449985742569,0.1033419966697692,2,t. tetrahele
50,0.1148049980401992,0.1144500002264976,0.103033997118473,0.0940039977431297,0.094040997326374,0.099041998386383,0.1037449985742569,0.1033419966697692,2,t. tetrahele
50,0.1148049980401992,0.1144500002264976,0.103033997118473,0.0940039977431297,0.094040997326374,0.099041998386383,0.1037449985742569,0.1033419966697692,2,t. tetrahele
50,0.1148049980401992,0.1144500002264976,0.103033997118473,0.0940039977431297,0.094040997326374,0.099041998386383,0.1037449985742569,0.1033419966697692,2,t. tetrahele
50,0.1148049980401992,0.1144500002264976,0.103033997118473,0.0940039977431297,0.094040997326374,0.099041998386383,0.1037449985742569,0.1033419966697692,2,t. tetrahele
50,0.1148049980401992,0.1144500002264976,0.103033997118473,0.0940039977431297,0.094040997326374,0.099041998386383,0.1037449985742569,0.1033419966697692,2,t. tetrahele
60,0.1322170048952102,0.1321090012788772,0.1193249970674514,0.1102909967303276,0.1104540005326271,0.1158860027790069,0.1219019964337349,0.1204259991645813,2,t. tetrahele
60,0.1322170048952102,0.1321090012788772,0.1193249970674514,0.1102909967303276,0.1104540005326271,0.1158860027790069,0.1219019964337349,0.1204259991645813,2,t. tetrahele
60,0.1322170048952102,0.1321090012788772,0.1193249970674514,0.1102909967303276,0.1104540005326271,0.1158860027790069,0.1219019964337349,0.1204259991645813,2,t. tetrahele
60,0.1322170048952102,0.1321090012788772,0.1193249970674514,0.1102909967303276,0.1104540005326271,0.1158860027790069,0.1219019964337349,0.1204259991645813,2,t. tetrahele
60,0.1322170048952102,0.1321090012788772,0.1193249970674514,0.1102909967303276,0.1104540005326271,0.1158860027790069,0.1219019964337349,0.1204259991645813,2,t. tetrahele
60,0.1322170048952102,0.1321090012788772,0.1193249970674514,0.1102909967303276,0.1104540005326271,0.1158860027790069,0.1219019964337349,0.1204259991645813,2,t. tetrahele
60,0.1322170048952102,0.1321090012788772,0.1193249970674514,0.1102909967303276,0.1104540005326271,0.1158860027790069,0.1219019964337349,0.1204259991645813,2,t. tetrahele
60,0.1322170048952102,0.1321090012788772,0.1193249970674514,0.1102909967303276,0.1104540005326271,0.1158860027790069,0.1219019964337349,0.1204259991645813,2,t. tetrahele
60,0.1322170048952102,0.1321090012788772,0.1193249970674514,0.1102909967303276,0.1104540005326271,0.1158860027790069,0.1219019964337349,0.1204259991645813,2,t. tetrahele
60,0.1322170048952102,0.1321090012788772,0.1193249970674514,0.1102909967303276,0.1104540005326271,0.1158860027790069,0.1219019964337349,0.1204259991645813,2,t. tetrahele
70,0.1498329937458038,0.1498010009527206,0.1346639990806579,0.1241710036993026,0.1244110018014907,0.1305219978094101,0.1370159983634948,0.1358280032873153,2,t. tetrahele
70,0.1498329937458038,0.1498010009527206,0.1346639990806579,0.1241710036993026,0.1244110018014907,0.1305219978094101,0.1370159983634948,0.1358280032873153,2,t. tetrahele
70,0.1498329937458038,0.1498010009527206,0.1346639990806579,0.1241710036993026,0.1244110018014907,0.1305219978094101,0.1370159983634948,0.1358280032873153,2,t. tetrahele
70,0.1498329937458038,0.1498010009527206,0.1346639990806579,0.1241710036993026,0.1244110018014907,0.1305219978094101,0.1370159983634948,0.1358280032873153,2,t. tetrahele
70,0.1498329937458038,0.1498010009527206,0.1346639990806579,0.1241710036993026,0.1244110018014907,0.1305219978094101,0.1370159983634948,0.1358280032873153,2,t. tetrahele
70,0.1498329937458038,0.1498010009527206,0.1346639990806579,0.1241710036993026,0.1244110018014907,0.1305219978094101,0.1370159983634948,0.1358280032873153,2,t. tetrahele
70,0.1498329937458038,0.1498010009527206,0.1346639990806579,0.1241710036993026,0.1244110018014907,0.1305219978094101,0.1370159983634948,0.1358280032873153,2,t. tetrahele
70,0.1498329937458038,0.1498010009527206,0.1346639990806579,0.1241710036993026,0.1244110018014907,0.1305219978094101,0.1370159983634948,0.1358280032873153,2,t. tetrahele
70,0.1498329937458038,0.1498010009527206,0.1346639990806579,0.1241710036993026,0.1244110018014907,0.1305219978094101,0.1370159983634948,0.1358280032873153,2,t. tetrahele
70,0.1498329937458038,0.1498010009527206,0.1346639990806579,0.1241710036993026,0.1244110018014907,0.1305219978094101,0.1370159983634948,0.1358280032873153,2,t. tetrahele
80,0.1645839959383011,0.1645530015230178,0.1468800008296966,0.1344700008630752,0.1346209943294525,0.1417880058288574,0.1487420052289962,0.1475680023431778,2,t. tetrahele
80,0.1645839959383011,0.1645530015230178,0.1468800008296966,0.1344700008630752,0.1346209943294525,0.1417880058288574,0.1487420052289962,0.1475680023431778,2,t. tetrahele
80,0.1645839959383011,0.1645530015230178,0.1468800008296966,0.1344700008630752,0.1346209943294525,0.1417880058288574,0.1487420052289962,0.1475680023431778,2,t. tetrahele
80,0.1645839959383011,0.1645530015230178,0.1468800008296966,0.1344700008630752,0.1346209943294525,0.1417880058288574,0.1487420052289962,0.1475680023431778,2,t. tetrahele
80,0.1645839959383011,0.1645530015230178,0.1468800008296966,0.1344700008630752,0.1346209943294525,0.1417880058288574,0.1487420052289962,0.1475680023431778,2,t. tetrahele
80,0.1645839959383011,0.1645530015230178,0.1468800008296966,0.1344700008630752,0.1346209943294525,0.1417880058288574,0.1487420052289962,0.1475680023431778,2,t. tetrahele
80,0.1645839959383011,0.1645530015230178,0.1468800008296966,0.1344700008630752,0.1346209943294525,0.1417880058288574,0.1487420052289962,0.1475680023431778,2,t. tetrahele
80,0.1645839959383011,0.1645530015230178,0.1468800008296966,0.1344700008630752,0.1346209943294525,0.1417880058288574,0.1487420052289962,0.1475680023431778,2,t. tetrahele
80,0.1645839959383011,0.1645530015230178,0.1468800008296966,0.1344700008630752,0.1346209943294525,0.1417880058288574,0.1487420052289962,0.1475680023431778,2,t. tetrahele
80,0.1645839959383011,0.1645530015230178,0.1468800008296966,0.1344700008630752,0.1346209943294525,0.1417880058288574,0.1487420052289962,0.1475680023431778,2,t. tetrahele
90,0.1884160041809082,0.1886949986219406,0.1694090068340301,0.1559789925813675,0.156260997056961,0.164792999625206,0.1731099933385849,0.1714709997177124,2,t. tetrahele
90,0.1884160041809082,0.1886949986219406,0.1694090068340301,0.1559789925813675,0.156260997056961,0.164792999625206,0.1731099933385849,0.1714709997177124,2,t. tetrahele
90,0.1884160041809082,0.1886949986219406,0.1694090068340301,0.1559789925813675,0.156260997056961,0.164792999625206,0.1731099933385849,0.1714709997177124,2,t. tetrahele
90,0.1884160041809082,0.1886949986219406,0.1694090068340301,0.1559789925813675,0.156260997056961,0.164792999625206,0.1731099933385849,0.1714709997177124,2,t. tetrahele
90,0.1884160041809082,0.1886949986219406,0.1694090068340301,0.1559789925813675,0.156260997056961,0.164792999625206,0.1731099933385849,0.1714709997177124,2,t. tetrahele
90,0.1884160041809082,0.1886949986219406,0.1694090068340301,0.1559789925813675,0.156260997056961,0.164792999625206,0.1731099933385849,0.1714709997177124,2,t. tetrahele
90,0.1884160041809082,0.1886949986219406,0.1694090068340301,0.1559789925813675,0.156260997056961,0.164792999625206,0.1731099933385849,0.1714709997177124,2,t. tetrahele
90,0.1884160041809082,0.1886949986219406,0.1694090068340301,0.1559789925813675,0.156260997056961,0.164792999625206,0.1731099933385849,0.1714709997177124,2,t. tetrahele
90,0.1884160041809082,0.1886949986219406,0.1694090068340301,0.1559789925813675,0.156260997056961,0.164792999625206,0.1731099933385849,0.1714709997177124,2,t. tetrahele
90,0.1884160041809082,0.1886949986219406,0.1694090068340301,0.1559789925813675,0.156260997056961,0.164792999625206,0.1731099933385849,0.1714709997177124,2,t. tetrahele
100,0.2023119926452636,0.2022529989480972,0.1819909960031509,0.1675940006971359,0.1677439957857132,0.1766770035028457,0.1844830065965652,0.1816979944705963,2,t. tetrahele
100,0.2023119926452636,0.2022529989480972,0.1819909960031509,0.1675940006971359,0.1677439957857132,0.1766770035028457,0.1844830065965652,0.1816979944705963,2,t. tetrahele
100,0.2023119926452636,0.2022529989480972,0.1819909960031509,0.1675940006971359,0.1677439957857132,0.1766770035028457,0.1844830065965652,0.1816979944705963,2,t. tetrahele
100,0.2023119926452636,0.2022529989480972,0.1819909960031509,0.1675940006971359,0.1677439957857132,0.1766770035028457,0.1844830065965652,0.1816979944705963,2,t. tetrahele
100,0.2023119926452636,0.2022529989480972,0.1819909960031509,0.1675940006971359,0.1677439957857132,0.1766770035028457,0.1844830065965652,0.1816979944705963,2,t. tetrahele
100,0.2023119926452636,0.2022529989480972,0.1819909960031509,0.1675940006971359,0.1677439957857132,0.1766770035028457,0.1844830065965652,0.1816979944705963,2,t. tetrahele
100,0.2023119926452636,0.2022529989480972,0.1819909960031509,0.1675940006971359,0.1677439957857132,0.1766770035028457,0.1844830065965652,0.1816979944705963,2,t. tetrahele
100,0.2023119926452636,0.2022529989480972,0.1819909960031509,0.1675940006971359,0.1677439957857132,0.1766770035028457,0.1844830065965652,0.1816979944705963,2,t. tetrahele
100,0.2023119926452636,0.2022529989480972,0.1819909960031509,0.1675940006971359,0.1677439957857132,0.1766770035028457,0.1844830065965652,0.1816979944705963,2,t. tetrahele
100,0.2023119926452636,0.2022529989480972,0.1819909960031509,0.1675940006971359,0.1677439957857132,0.1766770035028457,0.1844830065965652,0.1816979944705963,2,t. tetrahele
2,-0.0003269999870099,-0.0003389999910723,-0.0003340000112075,-0.0001480000064475,-0.0001740000006975,-0.000250999990385,-0.0002800000074785,-0.0002390000008745,2,pavlova
2,-0.0003269999870099,-0.0003389999910723,-0.0003340000112075,-0.0001480000064475,-0.0001740000006975,-0.000250999990385,-0.0002800000074785,-0.0002390000008745,2,pavlova
2,-0.0003269999870099,-0.0003389999910723,-0.0003340000112075,-0.0001480000064475,-0.0001740000006975,-0.000250999990385,-0.0002800000074785,-0.0002390000008745,2,pavlova
2,-0.0003269999870099,-0.0003389999910723,-0.0003340000112075,-0.0001480000064475,-0.0001740000006975,-0.000250999990385,-0.0002800000074785,-0.0002390000008745,2,pavlova
2,-0.0003269999870099,-0.0003389999910723,-0.0003340000112075,-0.0001480000064475,-0.0001740000006975,-0.000250999990385,-0.0002800000074785,-0.0002390000008745,2,pavlova
2,-0.0003269999870099,-0.0003389999910723,-0.0003340000112075,-0.0001480000064475,-0.0001740000006975,-0.000250999990385,-0.0002800000074785,-0.0002390000008745,2,pavlova
2,-0.0003269999870099,-0.0003389999910723,-0.0003340000112075,-0.0001480000064475,-0.0001740000006975,-0.000250999990385,-0.0002800000074785,-0.0002390000008745,2,pavlova
2,-0.0003269999870099,-0.0003389999910723,-0.0003340000112075,-0.0001480000064475,-0.0001740000006975,-0.000250999990385,-0.0002800000074785,-0.0002390000008745,2,pavlova
2,-0.0003269999870099,-0.0003389999910723,-0.0003340000112075,-0.0001480000064475,-0.0001740000006975,-0.000250999990385,-0.0002800000074785,-0.0002390000008745,2,pavlova
2,-0.0003269999870099,-0.0003389999910723,-0.0003340000112075,-0.0001480000064475,-0.0001740000006975,-0.000250999990385,-0.0002800000074785,-0.0002390000008745,2,pavlova
4,0.0083020003512501,0.0082980003207921,0.0074849999509751,0.0070620002225041,0.0069929999299347,0.0066880001686513,0.0060160001739859,0.0068169999867677,2,pavlova
4,0.0083020003512501,0.0082980003207921,0.0074849999509751,0.0070620002225041,0.0069929999299347,0.0066880001686513,0.0060160001739859,0.0068169999867677,2,pavlova
4,0.0083020003512501,0.0082980003207921,0.0074849999509751,0.0070620002225041,0.0069929999299347,0.0066880001686513,0.0060160001739859,0.0068169999867677,2,pavlova
4,0.0083020003512501,0.0082980003207921,0.0074849999509751,0.0070620002225041,0.0069929999299347,0.0066880001686513,0.0060160001739859,0.0068169999867677,2,pavlova
4,0.0083020003512501,0.0082980003207921,0.0074849999509751,0.0070620002225041,0.0069929999299347,0.0066880001686513,0.0060160001739859,0.0068169999867677,2,pavlova
4,0.0083020003512501,0.0082980003207921,0.0074849999509751,0.0070620002225041,0.0069929999299347,0.0066880001686513,0.0060160001739859,0.0068169999867677,2,pavlova
4,0.0083020003512501,0.0082980003207921,0.0074849999509751,0.0070620002225041,0.0069929999299347,0.0066880001686513,0.0060160001739859,0.0068169999867677,2,pavlova
4,0.0083020003512501,0.0082980003207921,0.0074849999509751,0.0070620002225041,0.0069929999299347,0.0066880001686513,0.0060160001739859,0.0068169999867677,2,pavlova
4,0.0083020003512501,0.0082980003207921,0.0074849999509751,0.0070620002225041,0.0069929999299347,0.0066880001686513,0.0060160001739859,0.0068169999867677,2,pavlova
4,0.0083020003512501,0.0082980003207921,0.0074849999509751,0.0070620002225041,0.0069929999299347,0.0066880001686513,0.0060160001739859,0.0068169999867677,2,pavlova
6,0.0091869998723268,0.0093830004334449,0.0081979995593428,0.007668999955058,0.007677000015974,0.0076879998669028,0.00714399991557,0.0079699996858835,2,pavlova
6,0.0091869998723268,0.0093830004334449,0.0081979995593428,0.007668999955058,0.007677000015974,0.0076879998669028,0.00714399991557,0.0079699996858835,2,pavlova
6,0.0091869998723268,0.0093830004334449,0.0081979995593428,0.007668999955058,0.007677000015974,0.0076879998669028,0.00714399991557,0.0079699996858835,2,pavlova
6,0.0091869998723268,0.0093830004334449,0.0081979995593428,0.007668999955058,0.007677000015974,0.0076879998669028,0.00714399991557,0.0079699996858835,2,pavlova
6,0.0091869998723268,0.0093830004334449,0.0081979995593428,0.007668999955058,0.007677000015974,0.0076879998669028,0.00714399991557,0.0079699996858835,2,pavlova
6,0.0091869998723268,0.0093830004334449,0.0081979995593428,0.007668999955058,0.007677000015974,0.0076879998669028,0.00714399991557,0.0079699996858835,2,pavlova
6,0.0091869998723268,0.0093830004334449,0.0081979995593428,0.007668999955058,0.007677000015974,0.0076879998669028,0.00714399991557,0.0079699996858835,2,pavlova
6,0.0091869998723268,0.0093830004334449,0.0081979995593428,0.007668999955058,0.007677000015974,0.0076879998669028,0.00714399991557,0.0079699996858835,2,pavlova
6,0.0091869998723268,0.0093830004334449,0.0081979995593428,0.007668999955058,0.007677000015974,0.0076879998669028,0.00714399991557,0.0079699996858835,2,pavlova
6,0.0091869998723268,0.0093830004334449,0.0081979995593428,0.007668999955058,0.007677000015974,0.0076879998669028,0.00714399991557,0.0079699996858835,2,pavlova
8,0.0134439999237656,0.0134760001674294,0.0119629995897412,0.0110999997705221,0.0109919998794794,0.0108059998601675,0.0102080004289746,0.011374999769032,2,pavlova
8,0.0134439999237656,0.0134760001674294,0.0119629995897412,0.0110999997705221,0.0109919998794794,0.0108059998601675,0.0102080004289746,0.011374999769032,2,pavlova
8,0.0134439999237656,0.0134760001674294,0.0119629995897412,0.0110999997705221,0.0109919998794794,0.0108059998601675,0.0102080004289746,0.011374999769032,2,pavlova
8,0.0134439999237656,0.0134760001674294,0.0119629995897412,0.0110999997705221,0.0109919998794794,0.0108059998601675,0.0102080004289746,0.011374999769032,2,pavlova
8,0.0134439999237656,0.0134760001674294,0.0119629995897412,0.0110999997705221,0.0109919998794794,0.0108059998601675,0.0102080004289746,0.011374999769032,2,pavlova
8,0.0134439999237656,0.0134760001674294,0.0119629995897412,0.0110999997705221,0.0109919998794794,0.0108059998601675,0.0102080004289746,0.011374999769032,2,pavlova
8,0.0134439999237656,0.0134760001674294,0.0119629995897412,0.0110999997705221,0.0109919998794794,0.0108059998601675,0.0102080004289746,0.011374999769032,2,pavlova
8,0.0134439999237656,0.0134760001674294,0.0119629995897412,0.0110999997705221,0.0109919998794794,0.0108059998601675,0.0102080004289746,0.011374999769032,2,pavlova
8,0.0134439999237656,0.0134760001674294,0.0119629995897412,0.0110999997705221,0.0109919998794794,0.0108059998601675,0.0102080004289746,0.011374999769032,2,pavlova
8,0.0134439999237656,0.0134760001674294,0.0119629995897412,0.0110999997705221,0.0109919998794794,0.0108059998601675,0.0102080004289746,0.011374999769032,2,pavlova
10,0.0145910000428557,0.0147069999948143,0.0129669997841119,0.011735999956727,0.0116170002147555,0.011664000339806,0.0111680002883076,0.0122680002823472,2,pavlova
10,0.0145910000428557,0.0147069999948143,0.0129669997841119,0.011735999956727,0.0116170002147555,0.011664000339806,0.0111680002883076,0.0122680002823472,2,pavlova
10,0.0145910000428557,0.0147069999948143,0.0129669997841119,0.011735999956727,0.0116170002147555,0.011664000339806,0.0111680002883076,0.0122680002823472,2,pavlova
10,0.0145910000428557,0.0147069999948143,0.0129669997841119,0.011735999956727,0.0116170002147555,0.011664000339806,0.0111680002883076,0.0122680002823472,2,pavlova
10,0.0145910000428557,0.0147069999948143,0.0129669997841119,0.011735999956727,0.0116170002147555,0.011664000339806,0.0111680002883076,0.0122680002823472,2,pavlova
10,0.0145910000428557,0.0147069999948143,0.0129669997841119,0.011735999956727,0.0116170002147555,0.011664000339806,0.0111680002883076,0.0122680002823472,2,pavlova
10,0.0145910000428557,0.0147069999948143,0.0129669997841119,0.011735999956727,0.0116170002147555,0.011664000339806,0.0111680002883076,0.0122680002823472,2,pavlova
10,0.0145910000428557,0.0147069999948143,0.0129669997841119,0.011735999956727,0.0116170002147555,0.011664000339806,0.0111680002883076,0.0122680002823472,2,pavlova
10,0.0145910000428557,0.0147069999948143,0.0129669997841119,0.011735999956727,0.0116170002147555,0.011664000339806,0.0111680002883076,0.0122680002823472,2,pavlova
10,0.0145910000428557,0.0147069999948143,0.0129669997841119,0.011735999956727,0.0116170002147555,0.011664000339806,0.0111680002883076,0.0122680002823472,2,pavlova
12,0.0172359999269247,0.0175369996577501,0.015549000352621,0.0147449998185038,0.0147200003266334,0.014461999759078,0.0135439997538924,0.0156580004841089,2,pavlova
12,0.0172359999269247,0.0175369996577501,0.015549000352621,0.0147449998185038,0.0147200003266334,0.014461999759078,0.0135439997538924,0.0156580004841089,2,pavlova
12,0.0172359999269247,0.0175369996577501,0.015549000352621,0.0147449998185038,0.0147200003266334,0.014461999759078,0.0135439997538924,0.0156580004841089,2,pavlova
12,0.0172359999269247,0.0175369996577501,0.015549000352621,0.0147449998185038,0.0147200003266334,0.014461999759078,0.0135439997538924,0.0156580004841089,2,pavlova
12,0.0172359999269247,0.0175369996577501,0.015549000352621,0.0147449998185038,0.0147200003266334,0.014461999759078,0.0135439997538924,0.0156580004841089,2,pavlova
12,0.0172359999269247,0.0175369996577501,0.015549000352621,0.0147449998185038,0.0147200003266334,0.014461999759078,0.0135439997538924,0.0156580004841089,2,pavlova
12,0.0172359999269247,0.0175369996577501,0.015549000352621,0.0147449998185038,0.0147200003266334,0.014461999759078,0.0135439997538924,0.0156580004841089,2,pavlova
12,0.0172359999269247,0.0175369996577501,0.015549000352621,0.0147449998185038,0.0147200003266334,0.014461999759078,0.0135439997538924,0.0156580004841089,2,pavlova
12,0.0172359999269247,0.0175369996577501,0.015549000352621,0.0147449998185038,0.0147200003266334,0.014461999759078,0.0135439997538924,0.0156580004841089,2,pavlova
12,0.0172359999269247,0.0175369996577501,0.015549000352621,0.0147449998185038,0.0147200003266334,0.014461999759078,0.0135439997538924,0.0156580004841089,2,pavlova
14,0.0201450008898973,0.0204199999570846,0.0182380005717277,0.0170910004526376,0.0169730000197887,0.0165880005806684,0.0157040003687143,0.0177640002220869,2,pavlova
14,0.0201450008898973,0.0204199999570846,0.0182380005717277,0.0170910004526376,0.0169730000197887,0.0165880005806684,0.0157040003687143,0.0177640002220869,2,pavlova
14,0.0201450008898973,0.0204199999570846,0.0182380005717277,0.0170910004526376,0.0169730000197887,0.0165880005806684,0.0157040003687143,0.0177640002220869,2,pavlova
14,0.0201450008898973,0.0204199999570846,0.0182380005717277,0.0170910004526376,0.0169730000197887,0.0165880005806684,0.0157040003687143,0.0177640002220869,2,pavlova
14,0.0201450008898973,0.0204199999570846,0.0182380005717277,0.0170910004526376,0.0169730000197887,0.0165880005806684,0.0157040003687143,0.0177640002220869,2,pavlova
14,0.0201450008898973,0.0204199999570846,0.0182380005717277,0.0170910004526376,0.0169730000197887,0.0165880005806684,0.0157040003687143,0.0177640002220869,2,pavlova
14,0.0201450008898973,0.0204199999570846,0.0182380005717277,0.0170910004526376,0.0169730000197887,0.0165880005806684,0.0157040003687143,0.0177640002220869,2,pavlova
14,0.0201450008898973,0.0204199999570846,0.0182380005717277,0.0170910004526376,0.0169730000197887,0.0165880005806684,0.0157040003687143,0.0177640002220869,2,pavlova
14,0.0201450008898973,0.0204199999570846,0.0182380005717277,0.0170910004526376,0.0169730000197887,0.0165880005806684,0.0157040003687143,0.0177640002220869,2,pavlova
14,0.0201450008898973,0.0204199999570846,0.0182380005717277,0.0170910004526376,0.0169730000197887,0.0165880005806684,0.0157040003687143,0.0177640002220869,2,pavlova
16,0.021493999287486,0.0218390002846717,0.0193240009248256,0.0174640007317066,0.0172770004719495,0.0167759992182254,0.015804000198841,0.0186630003154277,2,pavlova
16,0.021493999287486,0.0218390002846717,0.0193240009248256,0.0174640007317066,0.0172770004719495,0.0167759992182254,0.015804000198841,0.0186630003154277,2,pavlova
16,0.021493999287486,0.0218390002846717,0.0193240009248256,0.0174640007317066,0.0172770004719495,0.0167759992182254,0.015804000198841,0.0186630003154277,2,pavlova
16,0.021493999287486,0.0218390002846717,0.0193240009248256,0.0174640007317066,0.0172770004719495,0.0167759992182254,0.015804000198841,0.0186630003154277,2,pavlova
16,0.021493999287486,0.0218390002846717,0.0193240009248256,0.0174640007317066,0.0172770004719495,0.0167759992182254,0.015804000198841,0.0186630003154277,2,pavlova
16,0.021493999287486,0.0218390002846717,0.0193240009248256,0.0174640007317066,0.0172770004719495,0.0167759992182254,0.015804000198841,0.0186630003154277,2,pavlova
16,0.021493999287486,0.0218390002846717,0.0193240009248256,0.0174640007317066,0.0172770004719495,0.0167759992182254,0.015804000198841,0.0186630003154277,2,pavlova
16,0.021493999287486,0.0218390002846717,0.0193240009248256,0.0174640007317066,0.0172770004719495,0.0167759992182254,0.015804000198841,0.0186630003154277,2,pavlova
16,0.021493999287486,0.0218390002846717,0.0193240009248256,0.0174640007317066,0.0172770004719495,0.0167759992182254,0.015804000198841,0.0186630003154277,2,pavlova
16,0.021493999287486,0.0218390002846717,0.0193240009248256,0.0174640007317066,0.0172770004719495,0.0167759992182254,0.015804000198841,0.0186630003154277,2,pavlova
18,0.0264459997415542,0.0263219997286796,0.0231880005449056,0.021051999181509,0.02080599963665,0.0204590000212192,0.0192990005016326,0.0219969991594553,2,pavlova
18,0.0264459997415542,0.0263219997286796,0.0231880005449056,0.021051999181509,0.02080599963665,0.0204590000212192,0.0192990005016326,0.0219969991594553,2,pavlova
18,0.0264459997415542,0.0263219997286796,0.0231880005449056,0.021051999181509,0.02080599963665,0.0204590000212192,0.0192990005016326,0.0219969991594553,2,pavlova
18,0.0264459997415542,0.0263219997286796,0.0231880005449056,0.021051999181509,0.02080599963665,0.0204590000212192,0.0192990005016326,0.0219969991594553,2,pavlova
18,0.0264459997415542,0.0263219997286796,0.0231880005449056,0.021051999181509,0.02080599963665,0.0204590000212192,0.0192990005016326,0.0219969991594553,2,pavlova
18,0.0264459997415542,0.0263219997286796,0.0231880005449056,0.021051999181509,0.02080599963665,0.0204590000212192,0.0192990005016326,0.0219969991594553,2,pavlova
18,0.0264459997415542,0.0263219997286796,0.0231880005449056,0.021051999181509,0.02080599963665,0.0204590000212192,0.0192990005016326,0.0219969991594553,2,pavlova
18,0.0264459997415542,0.0263219997286796,0.0231880005449056,0.021051999181509,0.02080599963665,0.0204590000212192,0.0192990005016326,0.0219969991594553,2,pavlova
18,0.0264459997415542,0.0263219997286796,0.0231880005449056,0.021051999181509,0.02080599963665,0.0204590000212192,0.0192990005016326,0.0219969991594553,2,pavlova
18,0.0264459997415542,0.0263219997286796,0.0231880005449056,0.021051999181509,0.02080599963665,0.0204590000212192,0.0192990005016326,0.0219969991594553,2,pavlova
20,0.0292310006916522,0.0290460009127855,0.0257699992507696,0.0229359995573759,0.0227509997785091,0.0220459997653961,0.0209749992936849,0.023684000596404,2,pavlova
20,0.0292310006916522,0.0290460009127855,0.0257699992507696,0.0229359995573759,0.0227509997785091,0.0220459997653961,0.0209749992936849,0.023684000596404,2,pavlova
20,0.0292310006916522,0.0290460009127855,0.0257699992507696,0.0229359995573759,0.0227509997785091,0.0220459997653961,0.0209749992936849,0.023684000596404,2,pavlova
20,0.0292310006916522,0.0290460009127855,0.0257699992507696,0.0229359995573759,0.0227509997785091,0.0220459997653961,0.0209749992936849,0.023684000596404,2,pavlova
20,0.0292310006916522,0.0290460009127855,0.0257699992507696,0.0229359995573759,0.0227509997785091,0.0220459997653961,0.0209749992936849,0.023684000596404,2,pavlova
20,0.0292310006916522,0.0290460009127855,0.0257699992507696,0.0229359995573759,0.0227509997785091,0.0220459997653961,0.0209749992936849,0.023684000596404,2,pavlova
20,0.0292310006916522,0.0290460009127855,0.0257699992507696,0.0229359995573759,0.0227509997785091,0.0220459997653961,0.0209749992936849,0.023684000596404,2,pavlova
20,0.0292310006916522,0.0290460009127855,0.0257699992507696,0.0229359995573759,0.0227509997785091,0.0220459997653961,0.0209749992936849,0.023684000596404,2,pavlova
20,0.0292310006916522,0.0290460009127855,0.0257699992507696,0.0229359995573759,0.0227509997785091,0.0220459997653961,0.0209749992936849,0.023684000596404,2,pavlova
20,0.0292310006916522,0.0290460009127855,0.0257699992507696,0.0229359995573759,0.0227509997785091,0.0220459997653961,0.0209749992936849,0.023684000596404,2,pavlova
25,0.0395850017666816,0.0394069999456405,0.0361060015857219,0.0328509993851184,0.0325619988143444,0.0318260006606578,0.0306000001728534,0.0346370004117488,2,pavlova
25,0.0395850017666816,0.0394069999456405,0.0361060015857219,0.0328509993851184,0.0325619988143444,0.0318260006606578,0.0306000001728534,0.0346370004117488,2,pavlova
25,0.0395850017666816,0.0394069999456405,0.0361060015857219,0.0328509993851184,0.0325619988143444,0.0318260006606578,0.0306000001728534,0.0346370004117488,2,pavlova
25,0.0395850017666816,0.0394069999456405,0.0361060015857219,0.0328509993851184,0.0325619988143444,0.0318260006606578,0.0306000001728534,0.0346370004117488,2,pavlova
25,0.0395850017666816,0.0394069999456405,0.0361060015857219,0.0328509993851184,0.0325619988143444,0.0318260006606578,0.0306000001728534,0.0346370004117488,2,pavlova
25,0.0395850017666816,0.0394069999456405,0.0361060015857219,0.0328509993851184,0.0325619988143444,0.0318260006606578,0.0306000001728534,0.0346370004117488,2,pavlova
25,0.0395850017666816,0.0394069999456405,0.0361060015857219,0.0328509993851184,0.0325619988143444,0.0318260006606578,0.0306000001728534,0.0346370004117488,2,pavlova
25,0.0395850017666816,0.0394069999456405,0.0361060015857219,0.0328509993851184,0.0325619988143444,0.0318260006606578,0.0306000001728534,0.0346370004117488,2,pavlova
25,0.0395850017666816,0.0394069999456405,0.0361060015857219,0.0328509993851184,0.0325619988143444,0.0318260006606578,0.0306000001728534,0.0346370004117488,2,pavlova
25,0.0395850017666816,0.0394069999456405,0.0361060015857219,0.0328509993851184,0.0325619988143444,0.0318260006606578,0.0306000001728534,0.0346370004117488,2,pavlova
30,0.0373950004577636,0.037321001291275,0.0330559983849525,0.0296570006757974,0.029466999694705,0.0285849999636411,0.0268159992992877,0.0305989999324083,2,pavlova
30,0.0373950004577636,0.037321001291275,0.0330559983849525,0.0296570006757974,0.029466999694705,0.0285849999636411,0.0268159992992877,0.0305989999324083,2,pavlova
30,0.0373950004577636,0.037321001291275,0.0330559983849525,0.0296570006757974,0.029466999694705,0.0285849999636411,0.0268159992992877,0.0305989999324083,2,pavlova
30,0.0373950004577636,0.037321001291275,0.0330559983849525,0.0296570006757974,0.029466999694705,0.0285849999636411,0.0268159992992877,0.0305989999324083,2,pavlova
30,0.0373950004577636,0.037321001291275,0.0330559983849525,0.0296570006757974,0.029466999694705,0.0285849999636411,0.0268159992992877,0.0305989999324083,2,pavlova
30,0.0373950004577636,0.037321001291275,0.0330559983849525,0.0296570006757974,0.029466999694705,0.0285849999636411,0.0268159992992877,0.0305989999324083,2,pavlova
30,0.0373950004577636,0.037321001291275,0.0330559983849525,0.0296570006757974,0.029466999694705,0.0285849999636411,0.0268159992992877,0.0305989999324083,2,pavlova
30,0.0373950004577636,0.037321001291275,0.0330559983849525,0.0296570006757974,0.029466999694705,0.0285849999636411,0.0268159992992877,0.0305989999324083,2,pavlova
30,0.0373950004577636,0.037321001291275,0.0330559983849525,0.0296570006757974,0.029466999694705,0.0285849999636411,0.0268159992992877,0.0305989999324083,2,pavlova
30,0.0373950004577636,0.037321001291275,0.0330559983849525,0.0296570006757974,0.029466999694705,0.0285849999636411,0.0268159992992877,0.0305989999324083,2,pavlova
35,0.0530570000410079,0.0529100000858306,0.0474120005965232,0.0428289994597435,0.0425509996712207,0.0417560003697872,0.0396250002086162,0.0442150011658668,2,pavlova
35,0.0530570000410079,0.0529100000858306,0.0474120005965232,0.0428289994597435,0.0425509996712207,0.0417560003697872,0.0396250002086162,0.0442150011658668,2,pavlova
35,0.0530570000410079,0.0529100000858306,0.0474120005965232,0.0428289994597435,0.0425509996712207,0.0417560003697872,0.0396250002086162,0.0442150011658668,2,pavlova
35,0.0530570000410079,0.0529100000858306,0.0474120005965232,0.0428289994597435,0.0425509996712207,0.0417560003697872,0.0396250002086162,0.0442150011658668,2,pavlova
35,0.0530570000410079,0.0529100000858306,0.0474120005965232,0.0428289994597435,0.0425509996712207,0.0417560003697872,0.0396250002086162,0.0442150011658668,2,pavlova
35,0.0530570000410079,0.0529100000858306,0.0474120005965232,0.0428289994597435,0.0425509996712207,0.0417560003697872,0.0396250002086162,0.0442150011658668,2,pavlova
35,0.0530570000410079,0.0529100000858306,0.0474120005965232,0.0428289994597435,0.0425509996712207,0.0417560003697872,0.0396250002086162,0.0442150011658668,2,pavlova
35,0.0530570000410079,0.0529100000858306,0.0474120005965232,0.0428289994597435,0.0425509996712207,0.0417560003697872,0.0396250002086162,0.0442150011658668,2,pavlova
35,0.0530570000410079,0.0529100000858306,0.0474120005965232,0.0428289994597435,0.0425509996712207,0.0417560003697872,0.0396250002086162,0.0442150011658668,2,pavlova
35,0.0530570000410079,0.0529100000858306,0.0474120005965232,0.0428289994597435,0.0425509996712207,0.0417560003697872,0.0396250002086162,0.0442150011658668,2,pavlova
40,0.0689399987459182,0.0681530013680458,0.0607860013842582,0.0546839982271194,0.0541189983487129,0.0524859987199306,0.0500920005142688,0.056598000228405,2,pavlova
40,0.0689399987459182,0.0681530013680458,0.0607860013842582,0.0546839982271194,0.0541189983487129,0.0524859987199306,0.0500920005142688,0.056598000228405,2,pavlova
40,0.0689399987459182,0.0681530013680458,0.0607860013842582,0.0546839982271194,0.0541189983487129,0.0524859987199306,0.0500920005142688,0.056598000228405,2,pavlova
40,0.0689399987459182,0.0681530013680458,0.0607860013842582,0.0546839982271194,0.0541189983487129,0.0524859987199306,0.0500920005142688,0.056598000228405,2,pavlova
40,0.0689399987459182,0.0681530013680458,0.0607860013842582,0.0546839982271194,0.0541189983487129,0.0524859987199306,0.0500920005142688,0.056598000228405,2,pavlova
40,0.0689399987459182,0.0681530013680458,0.0607860013842582,0.0546839982271194,0.0541189983487129,0.0524859987199306,0.0500920005142688,0.056598000228405,2,pavlova
40,0.0689399987459182,0.0681530013680458,0.0607860013842582,0.0546839982271194,0.0541189983487129,0.0524859987199306,0.0500920005142688,0.056598000228405,2,pavlova
40,0.0689399987459182,0.0681530013680458,0.0607860013842582,0.0546839982271194,0.0541189983487129,0.0524859987199306,0.0500920005142688,0.056598000228405,2,pavlova
40,0.0689399987459182,0.0681530013680458,0.0607860013842582,0.0546839982271194,0.0541189983487129,0.0524859987199306,0.0500920005142688,0.056598000228405,2,pavlova
40,0.0689399987459182,0.0681530013680458,0.0607860013842582,0.0546839982271194,0.0541189983487129,0.0524859987199306,0.0500920005142688,0.056598000228405,2,pavlova
45,0.0791409984230995,0.0786280035972595,0.0714130029082298,0.0648579970002174,0.0643630027770996,0.0624609999358654,0.0594299994409084,0.066271997988224,2,pavlova
45,0.0791409984230995,0.0786280035972595,0.0714130029082298,0.0648579970002174,0.0643630027770996,0.0624609999358654,0.0594299994409084,0.066271997988224,2,pavlova
45,0.0791409984230995,0.0786280035972595,0.0714130029082298,0.0648579970002174,0.0643630027770996,0.0624609999358654,0.0594299994409084,0.066271997988224,2,pavlova
45,0.0791409984230995,0.0786280035972595,0.0714130029082298,0.0648579970002174,0.0643630027770996,0.0624609999358654,0.0594299994409084,0.066271997988224,2,pavlova
45,0.0791409984230995,0.0786280035972595,0.0714130029082298,0.0648579970002174,0.0643630027770996,0.0624609999358654,0.0594299994409084,0.066271997988224,2,pavlova
45,0.0791409984230995,0.0786280035972595,0.0714130029082298,0.0648579970002174,0.0643630027770996,0.0624609999358654,0.0594299994409084,0.066271997988224,2,pavlova
45,0.0791409984230995,0.0786280035972595,0.0714130029082298,0.0648579970002174,0.0643630027770996,0.0624609999358654,0.0594299994409084,0.066271997988224,2,pavlova
45,0.0791409984230995,0.0786280035972595,0.0714130029082298,0.0648579970002174,0.0643630027770996,0.0624609999358654,0.0594299994409084,0.066271997988224,2,pavlova
45,0.0791409984230995,0.0786280035972595,0.0714130029082298,0.0648579970002174,0.0643630027770996,0.0624609999358654,0.0594299994409084,0.066271997988224,2,pavlova
45,0.0791409984230995,0.0786280035972595,0.0714130029082298,0.0648579970002174,0.0643630027770996,0.0624609999358654,0.0594299994409084,0.066271997988224,2,pavlova
50,0.0756589993834495,0.0748189985752105,0.0665870010852813,0.0593499988317489,0.0586830005049705,0.0567310005426406,0.0543739981949329,0.0610590018332004,2,pavlova
50,0.0756589993834495,0.0748189985752105,0.0665870010852813,0.0593499988317489,0.0586830005049705,0.0567310005426406,0.0543739981949329,0.0610590018332004,2,pavlova
50,0.0756589993834495,0.0748189985752105,0.0665870010852813,0.0593499988317489,0.0586830005049705,0.0567310005426406,0.0543739981949329,0.0610590018332004,2,pavlova
50,0.0756589993834495,0.0748189985752105,0.0665870010852813,0.0593499988317489,0.0586830005049705,0.0567310005426406,0.0543739981949329,0.0610590018332004,2,pavlova
50,0.0756589993834495,0.0748189985752105,0.0665870010852813,0.0593499988317489,0.0586830005049705,0.0567310005426406,0.0543739981949329,0.0610590018332004,2,pavlova
50,0.0756589993834495,0.0748189985752105,0.0665870010852813,0.0593499988317489,0.0586830005049705,0.0567310005426406,0.0543739981949329,0.0610590018332004,2,pavlova
50,0.0756589993834495,0.0748189985752105,0.0665870010852813,0.0593499988317489,0.0586830005049705,0.0567310005426406,0.0543739981949329,0.0610590018332004,2,pavlova
50,0.0756589993834495,0.0748189985752105,0.0665870010852813,0.0593499988317489,0.0586830005049705,0.0567310005426406,0.0543739981949329,0.0610590018332004,2,pavlova
50,0.0756589993834495,0.0748189985752105,0.0665870010852813,0.0593499988317489,0.0586830005049705,0.0567310005426406,0.0543739981949329,0.0610590018332004,2,pavlova
50,0.0756589993834495,0.0748189985752105,0.0665870010852813,0.0593499988317489,0.0586830005049705,0.0567310005426406,0.0543739981949329,0.0610590018332004,2,pavlova
60,0.0915950015187263,0.0911979973316192,0.0822080001235008,0.0740910023450851,0.0732859969139099,0.0700069963932037,0.0666870027780532,0.0750389993190765,2,pavlova
60,0.0915950015187263,0.0911979973316192,0.0822080001235008,0.0740910023450851,0.0732859969139099,0.0700069963932037,0.0666870027780532,0.0750389993190765,2,pavlova
60,0.0915950015187263,0.0911979973316192,0.0822080001235008,0.0740910023450851,0.0732859969139099,0.0700069963932037,0.0666870027780532,0.0750389993190765,2,pavlova
60,0.0915950015187263,0.0911979973316192,0.0822080001235008,0.0740910023450851,0.0732859969139099,0.0700069963932037,0.0666870027780532,0.0750389993190765,2,pavlova
60,0.0915950015187263,0.0911979973316192,0.0822080001235008,0.0740910023450851,0.0732859969139099,0.0700069963932037,0.0666870027780532,0.0750389993190765,2,pavlova
60,0.0915950015187263,0.0911979973316192,0.0822080001235008,0.0740910023450851,0.0732859969139099,0.0700069963932037,0.0666870027780532,0.0750389993190765,2,pavlova
60,0.0915950015187263,0.0911979973316192,0.0822080001235008,0.0740910023450851,0.0732859969139099,0.0700069963932037,0.0666870027780532,0.0750389993190765,2,pavlova
60,0.0915950015187263,0.0911979973316192,0.0822080001235008,0.0740910023450851,0.0732859969139099,0.0700069963932037,0.0666870027780532,0.0750389993190765,2,pavlova
60,0.0915950015187263,0.0911979973316192,0.0822080001235008,0.0740910023450851,0.0732859969139099,0.0700069963932037,0.0666870027780532,0.0750389993190765,2,pavlova
60,0.0915950015187263,0.0911979973316192,0.0822080001235008,0.0740910023450851,0.0732859969139099,0.0700069963932037,0.0666870027780532,0.0750389993190765,2,pavlova
70,0.1109829992055893,0.1096929982304573,0.0997219979763031,0.0903239995241165,0.08958700299263,0.0867939963936805,0.0836040005087852,0.093250997364521,2,pavlova
70,0.1109829992055893,0.1096929982304573,0.0997219979763031,0.0903239995241165,0.08958700299263,0.0867939963936805,0.0836040005087852,0.093250997364521,2,pavlova
70,0.1109829992055893,0.1096929982304573,0.0997219979763031,0.0903239995241165,0.08958700299263,0.0867939963936805,0.0836040005087852,0.093250997364521,2,pavlova
70,0.1109829992055893,0.1096929982304573,0.0997219979763031,0.0903239995241165,0.08958700299263,0.0867939963936805,0.0836040005087852,0.093250997364521,2,pavlova
70,0.1109829992055893,0.1096929982304573,0.0997219979763031,0.0903239995241165,0.08958700299263,0.0867939963936805,0.0836040005087852,0.093250997364521,2,pavlova
70,0.1109829992055893,0.1096929982304573,0.0997219979763031,0.0903239995241165,0.08958700299263,0.0867939963936805,0.0836040005087852,0.093250997364521,2,pavlova
70,0.1109829992055893,0.1096929982304573,0.0997219979763031,0.0903239995241165,0.08958700299263,0.0867939963936805,0.0836040005087852,0.093250997364521,2,pavlova
70,0.1109829992055893,0.1096929982304573,0.0997219979763031,0.0903239995241165,0.08958700299263,0.0867939963936805,0.0836040005087852,0.093250997364521,2,pavlova
70,0.1109829992055893,0.1096929982304573,0.0997219979763031,0.0903239995241165,0.08958700299263,0.0867939963936805,0.0836040005087852,0.093250997364521,2,pavlova
70,0.1109829992055893,0.1096929982304573,0.0997219979763031,0.0903239995241165,0.08958700299263,0.0867939963936805,0.0836040005087852,0.093250997364521,2,pavlova
80,0.1471939980983734,0.1457419991493225,0.1317349970340728,0.1187049970030784,0.1175030022859573,0.1140289977192878,0.1104220002889633,0.1226160004734993,2,pavlova
80,0.1471939980983734,0.1457419991493225,0.1317349970340728,0.1187049970030784,0.1175030022859573,0.1140289977192878,0.1104220002889633,0.1226160004734993,2,pavlova
80,0.1471939980983734,0.1457419991493225,0.1317349970340728,0.1187049970030784,0.1175030022859573,0.1140289977192878,0.1104220002889633,0.1226160004734993,2,pavlova
80,0.1471939980983734,0.1457419991493225,0.1317349970340728,0.1187049970030784,0.1175030022859573,0.1140289977192878,0.1104220002889633,0.1226160004734993,2,pavlova
80,0.1471939980983734,0.1457419991493225,0.1317349970340728,0.1187049970030784,0.1175030022859573,0.1140289977192878,0.1104220002889633,0.1226160004734993,2,pavlova
80,0.1471939980983734,0.1457419991493225,0.1317349970340728,0.1187049970030784,0.1175030022859573,0.1140289977192878,0.1104220002889633,0.1226160004734993,2,pavlova
80,0.1471939980983734,0.1457419991493225,0.1317349970340728,0.1187049970030784,0.1175030022859573,0.1140289977192878,0.1104220002889633,0.1226160004734993,2,pavlova
80,0.1471939980983734,0.1457419991493225,0.1317349970340728,0.1187049970030784,0.1175030022859573,0.1140289977192878,0.1104220002889633,0.1226160004734993,2,pavlova
80,0.1471939980983734,0.1457419991493225,0.1317349970340728,0.1187049970030784,0.1175030022859573,0.1140289977192878,0.1104220002889633,0.1226160004734993,2,pavlova
80,0.1471939980983734,0.1457419991493225,0.1317349970340728,0.1187049970030784,0.1175030022859573,0.1140289977192878,0.1104220002889633,0.1226160004734993,2,pavlova
90,0.159168004989624,0.1575150042772293,0.142315998673439,0.1277080029249191,0.1263830065727234,0.1222200021147728,0.1181979998946189,0.1322360038757324,2,pavlova
90,0.159168004989624,0.1575150042772293,0.142315998673439,0.1277080029249191,0.1263830065727234,0.1222200021147728,0.1181979998946189,0.1322360038757324,2,pavlova
90,0.159168004989624,0.1575150042772293,0.142315998673439,0.1277080029249191,0.1263830065727234,0.1222200021147728,0.1181979998946189,0.1322360038757324,2,pavlova
90,0.159168004989624,0.1575150042772293,0.142315998673439,0.1277080029249191,0.1263830065727234,0.1222200021147728,0.1181979998946189,0.1322360038757324,2,pavlova
90,0.159168004989624,0.1575150042772293,0.142315998673439,0.1277080029249191,0.1263830065727234,0.1222200021147728,0.1181979998946189,0.1322360038757324,2,pavlova
90,0.159168004989624,0.1575150042772293,0.142315998673439,0.1277080029249191,0.1263830065727234,0.1222200021147728,0.1181979998946189,0.1322360038757324,2,pavlova
90,0.159168004989624,0.1575150042772293,0.142315998673439,0.1277080029249191,0.1263830065727234,0.1222200021147728,0.1181979998946189,0.1322360038757324,2,pavlova
90,0.159168004989624,0.1575150042772293,0.142315998673439,0.1277080029249191,0.1263830065727234,0.1222200021147728,0.1181979998946189,0.1322360038757324,2,pavlova
90,0.159168004989624,0.1575150042772293,0.142315998673439,0.1277080029249191,0.1263830065727234,0.1222200021147728,0.1181979998946189,0.1322360038757324,2,pavlova
90,0.159168004989624,0.1575150042772293,0.142315998673439,0.1277080029249191,0.1263830065727234,0.1222200021147728,0.1181979998946189,0.1322360038757324,2,pavlova
100,0.1809699982404709,0.1786579936742782,0.1612869948148727,0.1448249965906143,0.1431960016489029,0.1381690055131912,0.1334660053253173,0.149397999048233,2,pavlova
100,0.1809699982404709,0.1786579936742782,0.1612869948148727,0.1448249965906143,0.1431960016489029,0.1381690055131912,0.1334660053253173,0.149397999048233,2,pavlova
100,0.1809699982404709,0.1786579936742782,0.1612869948148727,0.1448249965906143,0.1431960016489029,0.1381690055131912,0.1334660053253173,0.149397999048233,2,pavlova
100,0.1809699982404709,0.1786579936742782,0.1612869948148727,0.1448249965906143,0.1431960016489029,0.1381690055131912,0.1334660053253173,0.149397999048233,2,pavlova
100,0.1809699982404709,0.1786579936742782,0.1612869948148727,0.1448249965906143,0.1431960016489029,0.1381690055131912,0.1334660053253173,0.149397999048233,2,pavlova
100,0.1809699982404709,0.1786579936742782,0.1612869948148727,0.1448249965906143,0.1431960016489029,0.1381690055131912,0.1334660053253173,0.149397999048233,2,pavlova
100,0.1809699982404709,0.1786579936742782,0.1612869948148727,0.1448249965906143,0.1431960016489029,0.1381690055131912,0.1334660053253173,0.149397999048233,2,pavlova
100,0.1809699982404709,0.1786579936742782,0.1612869948148727,0.1448249965906143,0.1431960016489029,0.1381690055131912,0.1334660053253173,0.149397999048233,2,pavlova
100,0.1809699982404709,0.1786579936742782,0.1612869948148727,0.1448249965906143,0.1431960016489029,0.1381690055131912,0.1334660053253173,0.149397999048233,2,pavlova
100,0.1809699982404709,0.1786579936742782,0.1612869948148727,0.1448249965906143,0.1431960016489029,0.1381690055131912,0.1334660053253173,0.149397999048233,2,pavlova
2,-0.000250999990385,-0.0001679999986663,-0.0001530000008642,-0.0001360000023851,-0.0001090000005206,-8.299999899463728e-05,-7.79999973019585e-05,-8.70000003487803e-05,2,s. zambalensis
2,-0.000250999990385,-0.0001679999986663,-0.0001530000008642,-0.0001360000023851,-0.0001090000005206,-8.299999899463728e-05,-7.79999973019585e-05,-8.70000003487803e-05,2,s. zambalensis
2,-0.000250999990385,-0.0001679999986663,-0.0001530000008642,-0.0001360000023851,-0.0001090000005206,-8.299999899463728e-05,-7.79999973019585e-05,-8.70000003487803e-05,2,s. zambalensis
2,-0.000250999990385,-0.0001679999986663,-0.0001530000008642,-0.0001360000023851,-0.0001090000005206,-8.299999899463728e-05,-7.79999973019585e-05,-8.70000003487803e-05,2,s. zambalensis
2,-0.000250999990385,-0.0001679999986663,-0.0001530000008642,-0.0001360000023851,-0.0001090000005206,-8.299999899463728e-05,-7.79999973019585e-05,-8.70000003487803e-05,2,s. zambalensis
2,-0.000250999990385,-0.0001679999986663,-0.0001530000008642,-0.0001360000023851,-0.0001090000005206,-8.299999899463728e-05,-7.79999973019585e-05,-8.70000003487803e-05,2,s. zambalensis
2,-0.000250999990385,-0.0001679999986663,-0.0001530000008642,-0.0001360000023851,-0.0001090000005206,-8.299999899463728e-05,-7.79999973019585e-05,-8.70000003487803e-05,2,s. zambalensis
2,-0.000250999990385,-0.0001679999986663,-0.0001530000008642,-0.0001360000023851,-0.0001090000005206,-8.299999899463728e-05,-7.79999973019585e-05,-8.70000003487803e-05,2,s. zambalensis
2,-0.000250999990385,-0.0001679999986663,-0.0001530000008642,-0.0001360000023851,-0.0001090000005206,-8.299999899463728e-05,-7.79999973019585e-05,-8.70000003487803e-05,2,s. zambalensis
2,-0.000250999990385,-0.0001679999986663,-0.0001530000008642,-0.0001360000023851,-0.0001090000005206,-8.299999899463728e-05,-7.79999973019585e-05,-8.70000003487803e-05,2,s. zambalensis
4,-0.0,0.0,0.0,-9.999999747378752e-06,-9.999999747378752e-06,0.0,9.999999974752427e-07,-3.600000127335079e-05,2,s. zambalensis
4,-0.0,0.0,0.0,-9.999999747378752e-06,-9.999999747378752e-06,0.0,9.999999974752427e-07,-3.600000127335079e-05,2,s. zambalensis
4,-0.0,0.0,0.0,-9.999999747378752e-06,-9.999999747378752e-06,0.0,9.999999974752427e-07,-3.600000127335079e-05,2,s. zambalensis
4,-0.0,0.0,0.0,-9.999999747378752e-06,-9.999999747378752e-06,0.0,9.999999974752427e-07,-3.600000127335079e-05,2,s. zambalensis
4,-0.0,0.0,0.0,-9.999999747378752e-06,-9.999999747378752e-06,0.0,9.999999974752427e-07,-3.600000127335079e-05,2,s. zambalensis
4,-0.0,0.0,0.0,-9.999999747378752e-06,-9.999999747378752e-06,0.0,9.999999974752427e-07,-3.600000127335079e-05,2,s. zambalensis
4,-0.0,0.0,0.0,-9.999999747378752e-06,-9.999999747378752e-06,0.0,9.999999974752427e-07,-3.600000127335079e-05,2,s. zambalensis
4,-0.0,0.0,0.0,-9.999999747378752e-06,-9.999999747378752e-06,0.0,9.999999974752427e-07,-3.600000127335079e-05,2,s. zambalensis
4,-0.0,0.0,0.0,-9.999999747378752e-06,-9.999999747378752e-06,0.0,9.999999974752427e-07,-3.600000127335079e-05,2,s. zambalensis
4,-0.0,0.0,0.0,-9.999999747378752e-06,-9.999999747378752e-06,0.0,9.999999974752427e-07,-3.600000127335079e-05,2,s. zambalensis
6,0.0021760000381618,0.0017229999648407,0.0017199999419972,0.0016360000008717,0.001585999969393,0.0011780000058934,0.0013559999642893,0.0012400000123307,2,s. zambalensis
6,0.0021760000381618,0.0017229999648407,0.0017199999419972,0.0016360000008717,0.001585999969393,0.0011780000058934,0.0013559999642893,0.0012400000123307,2,s. zambalensis
6,0.0021760000381618,0.0017229999648407,0.0017199999419972,0.0016360000008717,0.001585999969393,0.0011780000058934,0.0013559999642893,0.0012400000123307,2,s. zambalensis
6,0.0021760000381618,0.0017229999648407,0.0017199999419972,0.0016360000008717,0.001585999969393,0.0011780000058934,0.0013559999642893,0.0012400000123307,2,s. zambalensis
6,0.0021760000381618,0.0017229999648407,0.0017199999419972,0.0016360000008717,0.001585999969393,0.0011780000058934,0.0013559999642893,0.0012400000123307,2,s. zambalensis
6,0.0021760000381618,0.0017229999648407,0.0017199999419972,0.0016360000008717,0.001585999969393,0.0011780000058934,0.0013559999642893,0.0012400000123307,2,s. zambalensis
6,0.0021760000381618,0.0017229999648407,0.0017199999419972,0.0016360000008717,0.001585999969393,0.0011780000058934,0.0013559999642893,0.0012400000123307,2,s. zambalensis
6,0.0021760000381618,0.0017229999648407,0.0017199999419972,0.0016360000008717,0.001585999969393,0.0011780000058934,0.0013559999642893,0.0012400000123307,2,s. zambalensis
6,0.0021760000381618,0.0017229999648407,0.0017199999419972,0.0016360000008717,0.001585999969393,0.0011780000058934,0.0013559999642893,0.0012400000123307,2,s. zambalensis
6,0.0021760000381618,0.0017229999648407,0.0017199999419972,0.0016360000008717,0.001585999969393,0.0011780000058934,0.0013559999642893,0.0012400000123307,2,s. zambalensis
8,0.005656000226736,0.0054009999148547,0.0053969998843967,0.0049439999274909,0.0048989998176693,0.0053130001761019,0.0057350001297891,0.0056819999590516,2,s. zambalensis
8,0.005656000226736,0.0054009999148547,0.0053969998843967,0.0049439999274909,0.0048989998176693,0.0053130001761019,0.0057350001297891,0.0056819999590516,2,s. zambalensis
8,0.005656000226736,0.0054009999148547,0.0053969998843967,0.0049439999274909,0.0048989998176693,0.0053130001761019,0.0057350001297891,0.0056819999590516,2,s. zambalensis
8,0.005656000226736,0.0054009999148547,0.0053969998843967,0.0049439999274909,0.0048989998176693,0.0053130001761019,0.0057350001297891,0.0056819999590516,2,s. zambalensis
8,0.005656000226736,0.0054009999148547,0.0053969998843967,0.0049439999274909,0.0048989998176693,0.0053130001761019,0.0057350001297891,0.0056819999590516,2,s. zambalensis
8,0.005656000226736,0.0054009999148547,0.0053969998843967,0.0049439999274909,0.0048989998176693,0.0053130001761019,0.0057350001297891,0.0056819999590516,2,s. zambalensis
8,0.005656000226736,0.0054009999148547,0.0053969998843967,0.0049439999274909,0.0048989998176693,0.0053130001761019,0.0057350001297891,0.0056819999590516,2,s. zambalensis
8,0.005656000226736,0.0054009999148547,0.0053969998843967,0.0049439999274909,0.0048989998176693,0.0053130001761019,0.0057350001297891,0.0056819999590516,2,s. zambalensis
8,0.005656000226736,0.0054009999148547,0.0053969998843967,0.0049439999274909,0.0048989998176693,0.0053130001761019,0.0057350001297891,0.0056819999590516,2,s. zambalensis
8,0.005656000226736,0.0054009999148547,0.0053969998843967,0.0049439999274909,0.0048989998176693,0.0053130001761019,0.0057350001297891,0.0056819999590516,2,s. zambalensis
10,0.0080350004136562,0.0078560002148151,0.0074559999629855,0.0071519999764859,0.0071029998362064,0.0064559997990727,0.006448000203818,0.0068540000356733,2,s. zambalensis
10,0.0080350004136562,0.0078560002148151,0.0074559999629855,0.0071519999764859,0.0071029998362064,0.0064559997990727,0.006448000203818,0.0068540000356733,2,s. zambalensis
10,0.0080350004136562,0.0078560002148151,0.0074559999629855,0.0071519999764859,0.0071029998362064,0.0064559997990727,0.006448000203818,0.0068540000356733,2,s. zambalensis
10,0.0080350004136562,0.0078560002148151,0.0074559999629855,0.0071519999764859,0.0071029998362064,0.0064559997990727,0.006448000203818,0.0068540000356733,2,s. zambalensis
10,0.0080350004136562,0.0078560002148151,0.0074559999629855,0.0071519999764859,0.0071029998362064,0.0064559997990727,0.006448000203818,0.0068540000356733,2,s. zambalensis
10,0.0080350004136562,0.0078560002148151,0.0074559999629855,0.0071519999764859,0.0071029998362064,0.0064559997990727,0.006448000203818,0.0068540000356733,2,s. zambalensis
10,0.0080350004136562,0.0078560002148151,0.0074559999629855,0.0071519999764859,0.0071029998362064,0.0064559997990727,0.006448000203818,0.0068540000356733,2,s. zambalensis
10,0.0080350004136562,0.0078560002148151,0.0074559999629855,0.0071519999764859,0.0071029998362064,0.0064559997990727,0.006448000203818,0.0068540000356733,2,s. zambalensis
10,0.0080350004136562,0.0078560002148151,0.0074559999629855,0.0071519999764859,0.0071029998362064,0.0064559997990727,0.006448000203818,0.0068540000356733,2,s. zambalensis
10,0.0080350004136562,0.0078560002148151,0.0074559999629855,0.0071519999764859,0.0071029998362064,0.0064559997990727,0.006448000203818,0.0068540000356733,2,s. zambalensis
12,0.0104799997061491,0.010161000303924,0.0100530004128813,0.0096140000969171,0.0094400001689791,0.008840000256896,0.0086529999971389,0.0087090004235506,2,s. zambalensis
12,0.0104799997061491,0.010161000303924,0.0100530004128813,0.0096140000969171,0.0094400001689791,0.008840000256896,0.0086529999971389,0.0087090004235506,2,s. zambalensis
12,0.0104799997061491,0.010161000303924,0.0100530004128813,0.0096140000969171,0.0094400001689791,0.008840000256896,0.0086529999971389,0.0087090004235506,2,s. zambalensis
12,0.0104799997061491,0.010161000303924,0.0100530004128813,0.0096140000969171,0.0094400001689791,0.008840000256896,0.0086529999971389,0.0087090004235506,2,s. zambalensis
12,0.0104799997061491,0.010161000303924,0.0100530004128813,0.0096140000969171,0.0094400001689791,0.008840000256896,0.0086529999971389,0.0087090004235506,2,s. zambalensis
12,0.0104799997061491,0.010161000303924,0.0100530004128813,0.0096140000969171,0.0094400001689791,0.008840000256896,0.0086529999971389,0.0087090004235506,2,s. zambalensis
12,0.0104799997061491,0.010161000303924,0.0100530004128813,0.0096140000969171,0.0094400001689791,0.008840000256896,0.0086529999971389,0.0087090004235506,2,s. zambalensis
12,0.0104799997061491,0.010161000303924,0.0100530004128813,0.0096140000969171,0.0094400001689791,0.008840000256896,0.0086529999971389,0.0087090004235506,2,s. zambalensis
12,0.0104799997061491,0.010161000303924,0.0100530004128813,0.0096140000969171,0.0094400001689791,0.008840000256896,0.0086529999971389,0.0087090004235506,2,s. zambalensis
12,0.0104799997061491,0.010161000303924,0.0100530004128813,0.0096140000969171,0.0094400001689791,0.008840000256896,0.0086529999971389,0.0087090004235506,2,s. zambalensis
14,0.0086019998416304,0.0082750003784894,0.0077889999374747,0.0075790002010762,0.0074809999205172,0.007226999849081,0.0070159998722374,0.007424000184983,2,s. zambalensis
14,0.0086019998416304,0.0082750003784894,0.0077889999374747,0.0075790002010762,0.0074809999205172,0.007226999849081,0.0070159998722374,0.007424000184983,2,s. zambalensis
14,0.0086019998416304,0.0082750003784894,0.0077889999374747,0.0075790002010762,0.0074809999205172,0.007226999849081,0.0070159998722374,0.007424000184983,2,s. zambalensis
14,0.0086019998416304,0.0082750003784894,0.0077889999374747,0.0075790002010762,0.0074809999205172,0.007226999849081,0.0070159998722374,0.007424000184983,2,s. zambalensis
14,0.0086019998416304,0.0082750003784894,0.0077889999374747,0.0075790002010762,0.0074809999205172,0.007226999849081,0.0070159998722374,0.007424000184983,2,s. zambalensis
14,0.0086019998416304,0.0082750003784894,0.0077889999374747,0.0075790002010762,0.0074809999205172,0.007226999849081,0.0070159998722374,0.007424000184983,2,s. zambalensis
14,0.0086019998416304,0.0082750003784894,0.0077889999374747,0.0075790002010762,0.0074809999205172,0.007226999849081,0.0070159998722374,0.007424000184983,2,s. zambalensis
14,0.0086019998416304,0.0082750003784894,0.0077889999374747,0.0075790002010762,0.0074809999205172,0.007226999849081,0.0070159998722374,0.007424000184983,2,s. zambalensis
14,0.0086019998416304,0.0082750003784894,0.0077889999374747,0.0075790002010762,0.0074809999205172,0.007226999849081,0.0070159998722374,0.007424000184983,2,s. zambalensis
14,0.0086019998416304,0.0082750003784894,0.0077889999374747,0.0075790002010762,0.0074809999205172,0.007226999849081,0.0070159998722374,0.007424000184983,2,s. zambalensis
16,0.0129019999876618,0.0122530004009604,0.0116649996489286,0.0102840000763535,0.0100570004433393,0.0096479998901486,0.0100349998101592,0.0106119997799396,2,s. zambalensis
16,0.0129019999876618,0.0122530004009604,0.0116649996489286,0.0102840000763535,0.0100570004433393,0.0096479998901486,0.0100349998101592,0.0106119997799396,2,s. zambalensis
16,0.0129019999876618,0.0122530004009604,0.0116649996489286,0.0102840000763535,0.0100570004433393,0.0096479998901486,0.0100349998101592,0.0106119997799396,2,s. zambalensis
16,0.0129019999876618,0.0122530004009604,0.0116649996489286,0.0102840000763535,0.0100570004433393,0.0096479998901486,0.0100349998101592,0.0106119997799396,2,s. zambalensis
16,0.0129019999876618,0.0122530004009604,0.0116649996489286,0.0102840000763535,0.0100570004433393,0.0096479998901486,0.0100349998101592,0.0106119997799396,2,s. zambalensis
16,0.0129019999876618,0.0122530004009604,0.0116649996489286,0.0102840000763535,0.0100570004433393,0.0096479998901486,0.0100349998101592,0.0106119997799396,2,s. zambalensis
16,0.0129019999876618,0.0122530004009604,0.0116649996489286,0.0102840000763535,0.0100570004433393,0.0096479998901486,0.0100349998101592,0.0106119997799396,2,s. zambalensis
16,0.0129019999876618,0.0122530004009604,0.0116649996489286,0.0102840000763535,0.0100570004433393,0.0096479998901486,0.0100349998101592,0.0106119997799396,2,s. zambalensis
16,0.0129019999876618,0.0122530004009604,0.0116649996489286,0.0102840000763535,0.0100570004433393,0.0096479998901486,0.0100349998101592,0.0106119997799396,2,s. zambalensis
16,0.0129019999876618,0.0122530004009604,0.0116649996489286,0.0102840000763535,0.0100570004433393,0.0096479998901486,0.0100349998101592,0.0106119997799396,2,s. zambalensis
18,0.0124589996412396,0.0118500003591179,0.0116440001875162,0.0105760004371404,0.0104099996387958,0.0102260001003742,0.0102000003680586,0.0107990000396966,2,s. zambalensis
18,0.0124589996412396,0.0118500003591179,0.0116440001875162,0.0105760004371404,0.0104099996387958,0.0102260001003742,0.0102000003680586,0.0107990000396966,2,s. zambalensis
18,0.0124589996412396,0.0118500003591179,0.0116440001875162,0.0105760004371404,0.0104099996387958,0.0102260001003742,0.0102000003680586,0.0107990000396966,2,s. zambalensis
18,0.0124589996412396,0.0118500003591179,0.0116440001875162,0.0105760004371404,0.0104099996387958,0.0102260001003742,0.0102000003680586,0.0107990000396966,2,s. zambalensis
18,0.0124589996412396,0.0118500003591179,0.0116440001875162,0.0105760004371404,0.0104099996387958,0.0102260001003742,0.0102000003680586,0.0107990000396966,2,s. zambalensis
18,0.0124589996412396,0.0118500003591179,0.0116440001875162,0.0105760004371404,0.0104099996387958,0.0102260001003742,0.0102000003680586,0.0107990000396966,2,s. zambalensis
18,0.0124589996412396,0.0118500003591179,0.0116440001875162,0.0105760004371404,0.0104099996387958,0.0102260001003742,0.0102000003680586,0.0107990000396966,2,s. zambalensis
18,0.0124589996412396,0.0118500003591179,0.0116440001875162,0.0105760004371404,0.0104099996387958,0.0102260001003742,0.0102000003680586,0.0107990000396966,2,s. zambalensis
18,0.0124589996412396,0.0118500003591179,0.0116440001875162,0.0105760004371404,0.0104099996387958,0.0102260001003742,0.0102000003680586,0.0107990000396966,2,s. zambalensis
18,0.0124589996412396,0.0118500003591179,0.0116440001875162,0.0105760004371404,0.0104099996387958,0.0102260001003742,0.0102000003680586,0.0107990000396966,2,s. zambalensis
20,0.0144199999049305,0.0137849999591708,0.0132860001176595,0.0124110002070665,0.0122269997373223,0.0114869996905326,0.0119129996746778,0.0125120002776384,2,s. zambalensis
20,0.0144199999049305,0.0137849999591708,0.0132860001176595,0.0124110002070665,0.0122269997373223,0.0114869996905326,0.0119129996746778,0.0125120002776384,2,s. zambalensis
20,0.0144199999049305,0.0137849999591708,0.0132860001176595,0.0124110002070665,0.0122269997373223,0.0114869996905326,0.0119129996746778,0.0125120002776384,2,s. zambalensis
20,0.0144199999049305,0.0137849999591708,0.0132860001176595,0.0124110002070665,0.0122269997373223,0.0114869996905326,0.0119129996746778,0.0125120002776384,2,s. zambalensis
20,0.0144199999049305,0.0137849999591708,0.0132860001176595,0.0124110002070665,0.0122269997373223,0.0114869996905326,0.0119129996746778,0.0125120002776384,2,s. zambalensis
20,0.0144199999049305,0.0137849999591708,0.0132860001176595,0.0124110002070665,0.0122269997373223,0.0114869996905326,0.0119129996746778,0.0125120002776384,2,s. zambalensis
20,0.0144199999049305,0.0137849999591708,0.0132860001176595,0.0124110002070665,0.0122269997373223,0.0114869996905326,0.0119129996746778,0.0125120002776384,2,s. zambalensis
20,0.0144199999049305,0.0137849999591708,0.0132860001176595,0.0124110002070665,0.0122269997373223,0.0114869996905326,0.0119129996746778,0.0125120002776384,2,s. zambalensis
20,0.0144199999049305,0.0137849999591708,0.0132860001176595,0.0124110002070665,0.0122269997373223,0.0114869996905326,0.0119129996746778,0.0125120002776384,2,s. zambalensis
20,0.0144199999049305,0.0137849999591708,0.0132860001176595,0.0124110002070665,0.0122269997373223,0.0114869996905326,0.0119129996746778,0.0125120002776384,2,s. zambalensis
25,0.0164839997887611,0.0155849996954202,0.0147970002144575,0.0135380001738667,0.0133539997041225,0.0128730004653334,0.0131700001657009,0.0137799996882677,2,s. zambalensis
25,0.0164839997887611,0.0155849996954202,0.0147970002144575,0.0135380001738667,0.0133539997041225,0.0128730004653334,0.0131700001657009,0.0137799996882677,2,s. zambalensis
25,0.0164839997887611,0.0155849996954202,0.0147970002144575,0.0135380001738667,0.0133539997041225,0.0128730004653334,0.0131700001657009,0.0137799996882677,2,s. zambalensis
25,0.0164839997887611,0.0155849996954202,0.0147970002144575,0.0135380001738667,0.0133539997041225,0.0128730004653334,0.0131700001657009,0.0137799996882677,2,s. zambalensis
25,0.0164839997887611,0.0155849996954202,0.0147970002144575,0.0135380001738667,0.0133539997041225,0.0128730004653334,0.0131700001657009,0.0137799996882677,2,s. zambalensis
25,0.0164839997887611,0.0155849996954202,0.0147970002144575,0.0135380001738667,0.0133539997041225,0.0128730004653334,0.0131700001657009,0.0137799996882677,2,s. zambalensis
25,0.0164839997887611,0.0155849996954202,0.0147970002144575,0.0135380001738667,0.0133539997041225,0.0128730004653334,0.0131700001657009,0.0137799996882677,2,s. zambalensis
25,0.0164839997887611,0.0155849996954202,0.0147970002144575,0.0135380001738667,0.0133539997041225,0.0128730004653334,0.0131700001657009,0.0137799996882677,2,s. zambalensis
25,0.0164839997887611,0.0155849996954202,0.0147970002144575,0.0135380001738667,0.0133539997041225,0.0128730004653334,0.0131700001657009,0.0137799996882677,2,s. zambalensis
25,0.0164839997887611,0.0155849996954202,0.0147970002144575,0.0135380001738667,0.0133539997041225,0.0128730004653334,0.0131700001657009,0.0137799996882677,2,s. zambalensis
30,0.0173359997570514,0.0163819994777441,0.0151089997962117,0.0138889998197555,0.0136620001867413,0.0135939996689558,0.0131569998338818,0.0131270000711083,2,s. zambalensis
30,0.0173359997570514,0.0163819994777441,0.0151089997962117,0.0138889998197555,0.0136620001867413,0.0135939996689558,0.0131569998338818,0.0131270000711083,2,s. zambalensis
30,0.0173359997570514,0.0163819994777441,0.0151089997962117,0.0138889998197555,0.0136620001867413,0.0135939996689558,0.0131569998338818,0.0131270000711083,2,s. zambalensis
30,0.0173359997570514,0.0163819994777441,0.0151089997962117,0.0138889998197555,0.0136620001867413,0.0135939996689558,0.0131569998338818,0.0131270000711083,2,s. zambalensis
30,0.0173359997570514,0.0163819994777441,0.0151089997962117,0.0138889998197555,0.0136620001867413,0.0135939996689558,0.0131569998338818,0.0131270000711083,2,s. zambalensis
30,0.0173359997570514,0.0163819994777441,0.0151089997962117,0.0138889998197555,0.0136620001867413,0.0135939996689558,0.0131569998338818,0.0131270000711083,2,s. zambalensis
30,0.0173359997570514,0.0163819994777441,0.0151089997962117,0.0138889998197555,0.0136620001867413,0.0135939996689558,0.0131569998338818,0.0131270000711083,2,s. zambalensis
30,0.0173359997570514,0.0163819994777441,0.0151089997962117,0.0138889998197555,0.0136620001867413,0.0135939996689558,0.0131569998338818,0.0131270000711083,2,s. zambalensis
30,0.0173359997570514,0.0163819994777441,0.0151089997962117,0.0138889998197555,0.0136620001867413,0.0135939996689558,0.0131569998338818,0.0131270000711083,2,s. zambalensis
30,0.0173359997570514,0.0163819994777441,0.0151089997962117,0.0138889998197555,0.0136620001867413,0.0135939996689558,0.0131569998338818,0.0131270000711083,2,s. zambalensis
35,0.0180980004370212,0.0170389991253614,0.0152040002867579,0.0136289997026324,0.0134549997746944,0.0128079997375607,0.0127710001543164,0.0129019999876618,2,s. zambalensis
35,0.0180980004370212,0.0170389991253614,0.0152040002867579,0.0136289997026324,0.0134549997746944,0.0128079997375607,0.0127710001543164,0.0129019999876618,2,s. zambalensis
35,0.0180980004370212,0.0170389991253614,0.0152040002867579,0.0136289997026324,0.0134549997746944,0.0128079997375607,0.0127710001543164,0.0129019999876618,2,s. zambalensis
35,0.0180980004370212,0.0170389991253614,0.0152040002867579,0.0136289997026324,0.0134549997746944,0.0128079997375607,0.0127710001543164,0.0129019999876618,2,s. zambalensis
35,0.0180980004370212,0.0170389991253614,0.0152040002867579,0.0136289997026324,0.0134549997746944,0.0128079997375607,0.0127710001543164,0.0129019999876618,2,s. zambalensis
35,0.0180980004370212,0.0170389991253614,0.0152040002867579,0.0136289997026324,0.0134549997746944,0.0128079997375607,0.0127710001543164,0.0129019999876618,2,s. zambalensis
35,0.0180980004370212,0.0170389991253614,0.0152040002867579,0.0136289997026324,0.0134549997746944,0.0128079997375607,0.0127710001543164,0.0129019999876618,2,s. zambalensis
35,0.0180980004370212,0.0170389991253614,0.0152040002867579,0.0136289997026324,0.0134549997746944,0.0128079997375607,0.0127710001543164,0.0129019999876618,2,s. zambalensis
35,0.0180980004370212,0.0170389991253614,0.0152040002867579,0.0136289997026324,0.0134549997746944,0.0128079997375607,0.0127710001543164,0.0129019999876618,2,s. zambalensis
35,0.0180980004370212,0.0170389991253614,0.0152040002867579,0.0136289997026324,0.0134549997746944,0.0128079997375607,0.0127710001543164,0.0129019999876618,2,s. zambalensis
40,0.0307819992303848,0.0295139998197555,0.0278069991618394,0.0254779998213052,0.0251640006899833,0.0241250004619359,0.0235350001603364,0.0234140008687973,2,s. zambalensis
40,0.0307819992303848,0.0295139998197555,0.0278069991618394,0.0254779998213052,0.0251640006899833,0.0241250004619359,0.0235350001603364,0.0234140008687973,2,s. zambalensis
40,0.0307819992303848,0.0295139998197555,0.0278069991618394,0.0254779998213052,0.0251640006899833,0.0241250004619359,0.0235350001603364,0.0234140008687973,2,s. zambalensis
40,0.0307819992303848,0.0295139998197555,0.0278069991618394,0.0254779998213052,0.0251640006899833,0.0241250004619359,0.0235350001603364,0.0234140008687973,2,s. zambalensis
40,0.0307819992303848,0.0295139998197555,0.0278069991618394,0.0254779998213052,0.0251640006899833,0.0241250004619359,0.0235350001603364,0.0234140008687973,2,s. zambalensis
40,0.0307819992303848,0.0295139998197555,0.0278069991618394,0.0254779998213052,0.0251640006899833,0.0241250004619359,0.0235350001603364,0.0234140008687973,2,s. zambalensis
40,0.0307819992303848,0.0295139998197555,0.0278069991618394,0.0254779998213052,0.0251640006899833,0.0241250004619359,0.0235350001603364,0.0234140008687973,2,s. zambalensis
40,0.0307819992303848,0.0295139998197555,0.0278069991618394,0.0254779998213052,0.0251640006899833,0.0241250004619359,0.0235350001603364,0.0234140008687973,2,s. zambalensis
40,0.0307819992303848,0.0295139998197555,0.0278069991618394,0.0254779998213052,0.0251640006899833,0.0241250004619359,0.0235350001603364,0.0234140008687973,2,s. zambalensis
40,0.0307819992303848,0.0295139998197555,0.0278069991618394,0.0254779998213052,0.0251640006899833,0.0241250004619359,0.0235350001603364,0.0234140008687973,2,s. zambalensis
45,0.0278699994087219,0.026622999459505,0.0244069993495941,0.0222169999033212,0.0219759996980428,0.0215000007301569,0.0212549995630979,0.0217000003904104,2,s. zambalensis
45,0.0278699994087219,0.026622999459505,0.0244069993495941,0.0222169999033212,0.0219759996980428,0.0215000007301569,0.0212549995630979,0.0217000003904104,2,s. zambalensis
45,0.0278699994087219,0.026622999459505,0.0244069993495941,0.0222169999033212,0.0219759996980428,0.0215000007301569,0.0212549995630979,0.0217000003904104,2,s. zambalensis
45,0.0278699994087219,0.026622999459505,0.0244069993495941,0.0222169999033212,0.0219759996980428,0.0215000007301569,0.0212549995630979,0.0217000003904104,2,s. zambalensis
45,0.0278699994087219,0.026622999459505,0.0244069993495941,0.0222169999033212,0.0219759996980428,0.0215000007301569,0.0212549995630979,0.0217000003904104,2,s. zambalensis
45,0.0278699994087219,0.026622999459505,0.0244069993495941,0.0222169999033212,0.0219759996980428,0.0215000007301569,0.0212549995630979,0.0217000003904104,2,s. zambalensis
45,0.0278699994087219,0.026622999459505,0.0244069993495941,0.0222169999033212,0.0219759996980428,0.0215000007301569,0.0212549995630979,0.0217000003904104,2,s. zambalensis
45,0.0278699994087219,0.026622999459505,0.0244069993495941,0.0222169999033212,0.0219759996980428,0.0215000007301569,0.0212549995630979,0.0217000003904104,2,s. zambalensis
45,0.0278699994087219,0.026622999459505,0.0244069993495941,0.0222169999033212,0.0219759996980428,0.0215000007301569,0.0212549995630979,0.0217000003904104,2,s. zambalensis
45,0.0278699994087219,0.026622999459505,0.0244069993495941,0.0222169999033212,0.0219759996980428,0.0215000007301569,0.0212549995630979,0.0217000003904104,2,s. zambalensis
50,0.0365259982645511,0.0340839996933937,0.0305410008877515,0.0274730008095502,0.0271109994500875,0.0260589998215436,0.025119999423623,0.025365000590682,2,s. zambalensis
50,0.0365259982645511,0.0340839996933937,0.0305410008877515,0.0274730008095502,0.0271109994500875,0.0260589998215436,0.025119999423623,0.025365000590682,2,s. zambalensis
50,0.0365259982645511,0.0340839996933937,0.0305410008877515,0.0274730008095502,0.0271109994500875,0.0260589998215436,0.025119999423623,0.025365000590682,2,s. zambalensis
50,0.0365259982645511,0.0340839996933937,0.0305410008877515,0.0274730008095502,0.0271109994500875,0.0260589998215436,0.025119999423623,0.025365000590682,2,s. zambalensis
50,0.0365259982645511,0.0340839996933937,0.0305410008877515,0.0274730008095502,0.0271109994500875,0.0260589998215436,0.025119999423623,0.025365000590682,2,s. zambalensis
50,0.0365259982645511,0.0340839996933937,0.0305410008877515,0.0274730008095502,0.0271109994500875,0.0260589998215436,0.025119999423623,0.025365000590682,2,s. zambalensis
50,0.0365259982645511,0.0340839996933937,0.0305410008877515,0.0274730008095502,0.0271109994500875,0.0260589998215436,0.025119999423623,0.025365000590682,2,s. zambalensis
50,0.0365259982645511,0.0340839996933937,0.0305410008877515,0.0274730008095502,0.0271109994500875,0.0260589998215436,0.025119999423623,0.025365000590682,2,s. zambalensis
50,0.0365259982645511,0.0340839996933937,0.0305410008877515,0.0274730008095502,0.0271109994500875,0.0260589998215436,0.025119999423623,0.025365000590682,2,s. zambalensis
50,0.0365259982645511,0.0340839996933937,0.0305410008877515,0.0274730008095502,0.0271109994500875,0.0260589998215436,0.025119999423623,0.025365000590682,2,s. zambalensis
60,0.0492810010910034,0.0474760010838508,0.0448839999735355,0.0409599989652633,0.0404389984905719,0.0393190011382103,0.0389669984579086,0.0387549996376037,2,s. zambalensis
60,0.0492810010910034,0.0474760010838508,0.0448839999735355,0.0409599989652633,0.0404389984905719,0.0393190011382103,0.0389669984579086,0.0387549996376037,2,s. zambalensis
60,0.0492810010910034,0.0474760010838508,0.0448839999735355,0.0409599989652633,0.0404389984905719,0.0393190011382103,0.0389669984579086,0.0387549996376037,2,s. zambalensis
60,0.0492810010910034,0.0474760010838508,0.0448839999735355,0.0409599989652633,0.0404389984905719,0.0393190011382103,0.0389669984579086,0.0387549996376037,2,s. zambalensis
60,0.0492810010910034,0.0474760010838508,0.0448839999735355,0.0409599989652633,0.0404389984905719,0.0393190011382103,0.0389669984579086,0.0387549996376037,2,s. zambalensis
60,0.0492810010910034,0.0474760010838508,0.0448839999735355,0.0409599989652633,0.0404389984905719,0.0393190011382103,0.0389669984579086,0.0387549996376037,2,s. zambalensis
60,0.0492810010910034,0.0474760010838508,0.0448839999735355,0.0409599989652633,0.0404389984905719,0.0393190011382103,0.0389669984579086,0.0387549996376037,2,s. zambalensis
60,0.0492810010910034,0.0474760010838508,0.0448839999735355,0.0409599989652633,0.0404389984905719,0.0393190011382103,0.0389669984579086,0.0387549996376037,2,s. zambalensis
60,0.0492810010910034,0.0474760010838508,0.0448839999735355,0.0409599989652633,0.0404389984905719,0.0393190011382103,0.0389669984579086,0.0387549996376037,2,s. zambalensis
60,0.0492810010910034,0.0474760010838508,0.0448839999735355,0.0409599989652633,0.0404389984905719,0.0393190011382103,0.0389669984579086,0.0387549996376037,2,s. zambalensis
70,0.0459650009870529,0.0438969992101192,0.0399410016834735,0.0359690003097057,0.0354419983923435,0.0342499986290931,0.0337590016424655,0.0336889997124671,2,s. zambalensis
70,0.0459650009870529,0.0438969992101192,0.0399410016834735,0.0359690003097057,0.0354419983923435,0.0342499986290931,0.0337590016424655,0.0336889997124671,2,s. zambalensis
70,0.0459650009870529,0.0438969992101192,0.0399410016834735,0.0359690003097057,0.0354419983923435,0.0342499986290931,0.0337590016424655,0.0336889997124671,2,s. zambalensis
70,0.0459650009870529,0.0438969992101192,0.0399410016834735,0.0359690003097057,0.0354419983923435,0.0342499986290931,0.0337590016424655,0.0336889997124671,2,s. zambalensis
70,0.0459650009870529,0.0438969992101192,0.0399410016834735,0.0359690003097057,0.0354419983923435,0.0342499986290931,0.0337590016424655,0.0336889997124671,2,s. zambalensis
70,0.0459650009870529,0.0438969992101192,0.0399410016834735,0.0359690003097057,0.0354419983923435,0.0342499986290931,0.0337590016424655,0.0336889997124671,2,s. zambalensis
70,0.0459650009870529,0.0438969992101192,0.0399410016834735,0.0359690003097057,0.0354419983923435,0.0342499986290931,0.0337590016424655,0.0336889997124671,2,s. zambalensis
70,0.0459650009870529,0.0438969992101192,0.0399410016834735,0.0359690003097057,0.0354419983923435,0.0342499986290931,0.0337590016424655,0.0336889997124671,2,s. zambalensis
70,0.0459650009870529,0.0438969992101192,0.0399410016834735,0.0359690003097057,0.0354419983923435,0.0342499986290931,0.0337590016424655,0.0336889997124671,2,s. zambalensis
70,0.0459650009870529,0.0438969992101192,0.0399410016834735,0.0359690003097057,0.0354419983923435,0.0342499986290931,0.0337590016424655,0.0336889997124671,2,s. zambalensis
80,0.0536440014839172,0.0509230010211467,0.0468779988586902,0.0426050014793872,0.0419409982860088,0.0395019985735416,0.0387259982526302,0.038927998393774,2,s. zambalensis
80,0.0536440014839172,0.0509230010211467,0.0468779988586902,0.0426050014793872,0.0419409982860088,0.0395019985735416,0.0387259982526302,0.038927998393774,2,s. zambalensis
80,0.0536440014839172,0.0509230010211467,0.0468779988586902,0.0426050014793872,0.0419409982860088,0.0395019985735416,0.0387259982526302,0.038927998393774,2,s. zambalensis
80,0.0536440014839172,0.0509230010211467,0.0468779988586902,0.0426050014793872,0.0419409982860088,0.0395019985735416,0.0387259982526302,0.038927998393774,2,s. zambalensis
80,0.0536440014839172,0.0509230010211467,0.0468779988586902,0.0426050014793872,0.0419409982860088,0.0395019985735416,0.0387259982526302,0.038927998393774,2,s. zambalensis
80,0.0536440014839172,0.0509230010211467,0.0468779988586902,0.0426050014793872,0.0419409982860088,0.0395019985735416,0.0387259982526302,0.038927998393774,2,s. zambalensis
80,0.0536440014839172,0.0509230010211467,0.0468779988586902,0.0426050014793872,0.0419409982860088,0.0395019985735416,0.0387259982526302,0.038927998393774,2,s. zambalensis
80,0.0536440014839172,0.0509230010211467,0.0468779988586902,0.0426050014793872,0.0419409982860088,0.0395019985735416,0.0387259982526302,0.038927998393774,2,s. zambalensis
80,0.0536440014839172,0.0509230010211467,0.0468779988586902,0.0426050014793872,0.0419409982860088,0.0395019985735416,0.0387259982526302,0.038927998393774,2,s. zambalensis
80,0.0536440014839172,0.0509230010211467,0.0468779988586902,0.0426050014793872,0.0419409982860088,0.0395019985735416,0.0387259982526302,0.038927998393774,2,s. zambalensis
90,0.0609910003840923,0.0578659996390342,0.0535049997270107,0.0482829995453357,0.0476059988141059,0.0467059984803199,0.046094998717308,0.0466360002756118,2,s. zambalensis
90,0.0609910003840923,0.0578659996390342,0.0535049997270107,0.0482829995453357,0.0476059988141059,0.0467059984803199,0.046094998717308,0.0466360002756118,2,s. zambalensis
90,0.0609910003840923,0.0578659996390342,0.0535049997270107,0.0482829995453357,0.0476059988141059,0.0467059984803199,0.046094998717308,0.0466360002756118,2,s. zambalensis
90,0.0609910003840923,0.0578659996390342,0.0535049997270107,0.0482829995453357,0.0476059988141059,0.0467059984803199,0.046094998717308,0.0466360002756118,2,s. zambalensis
90,0.0609910003840923,0.0578659996390342,0.0535049997270107,0.0482829995453357,0.0476059988141059,0.0467059984803199,0.046094998717308,0.0466360002756118,2,s. zambalensis
90,0.0609910003840923,0.0578659996390342,0.0535049997270107,0.0482829995453357,0.0476059988141059,0.0467059984803199,0.046094998717308,0.0466360002756118,2,s. zambalensis
90,0.0609910003840923,0.0578659996390342,0.0535049997270107,0.0482829995453357,0.0476059988141059,0.0467059984803199,0.046094998717308,0.0466360002756118,2,s. zambalensis
90,0.0609910003840923,0.0578659996390342,0.0535049997270107,0.0482829995453357,0.0476059988141059,0.0467059984803199,0.046094998717308,0.0466360002756118,2,s. zambalensis
90,0.0609910003840923,0.0578659996390342,0.0535049997270107,0.0482829995453357,0.0476059988141059,0.0467059984803199,0.046094998717308,0.0466360002756118,2,s. zambalensis
90,0.0609910003840923,0.0578659996390342,0.0535049997270107,0.0482829995453357,0.0476059988141059,0.0467059984803199,0.046094998717308,0.0466360002756118,2,s. zambalensis
100,0.0613339990377426,0.0584000013768672,0.0537550002336502,0.0490330010652542,0.0484949983656406,0.04704599827528,0.046153001487255,0.0460189990699291,2,s. zambalensis
100,0.0613339990377426,0.0584000013768672,0.0537550002336502,0.0490330010652542,0.0484949983656406,0.04704599827528,0.046153001487255,0.0460189990699291,2,s. zambalensis
100,0.0613339990377426,0.0584000013768672,0.0537550002336502,0.0490330010652542,0.0484949983656406,0.04704599827528,0.046153001487255,0.0460189990699291,2,s. zambalensis
100,0.0613339990377426,0.0584000013768672,0.0537550002336502,0.0490330010652542,0.0484949983656406,0.04704599827528,0.046153001487255,0.0460189990699291,2,s. zambalensis
100,0.0613339990377426,0.0584000013768672,0.0537550002336502,0.0490330010652542,0.0484949983656406,0.04704599827528,0.046153001487255,0.0460189990699291,2,s. zambalensis
100,0.0613339990377426,0.0584000013768672,0.0537550002336502,0.0490330010652542,0.0484949983656406,0.04704599827528,0.046153001487255,0.0460189990699291,2,s. zambalensis
100,0.0613339990377426,0.0584000013768672,0.0537550002336502,0.0490330010652542,0.0484949983656406,0.04704599827528,0.046153001487255,0.0460189990699291,2,s. zambalensis
100,0.0613339990377426,0.0584000013768672,0.0537550002336502,0.0490330010652542,0.0484949983656406,0.04704599827528,0.046153001487255,0.0460189990699291,2,s. zambalensis
100,0.0613339990377426,0.0584000013768672,0.0537550002336502,0.0490330010652542,0.0484949983656406,0.04704599827528,0.046153001487255,0.0460189990699291,2,s. zambalensis
100,0.0613339990377426,0.0584000013768672,0.0537550002336502,0.0490330010652542,0.0484949983656406,0.04704599827528,0.046153001487255,0.0460189990699291,2,s. zambalensis
